filename,true_class,predicted_class,correct_prediction,mri_plane,gradcam_target_class,gradcam_target_index,tumor_pixels,gradcam_peak_x,gradcam_peak_y,pointing_game_inside_tumor,gradcam_total_energy,gradcam_energy_inside_tumor,energy_inside_tumor_ratio,iou_03,iou_05,iou_07,image_path,mask_path
brisc2025_test_00001_gl_ax_t1.jpg,glioma,glioma,True,axial,glioma,0,294,111,111,False,5535.419921875,249.3748016357422,0.04505074685486048,0.037366548042704624,0.0840240068591026,0.17061923583662714,D:\MSC Bioinformatics\INTERNSHIP\BrainTumor\data\processed\classification_224_rgb\test\glioma\brisc2025_test_00001_gl_ax_t1.png,D:\MSC Bioinformatics\INTERNSHIP\brisc2025\segmentation_task\test\masks\brisc2025_test_00001_gl_ax_t1.png
brisc2025_test_00002_gl_ax_t1.jpg,glioma,glioma,True,axial,glioma,0,494,111,111,False,4368.0693359375,315.3883056640625,0.07220313630767311,0.09720582447855175,0.17595190380761522,0.12892561983471074,D:\MSC Bioinformatics\INTERNSHIP\BrainTumor\data\processed\classification_224_rgb\test\glioma\brisc2025_test_00002_gl_ax_t1.png,D:\MSC Bioinformatics\INTERNSHIP\brisc2025\segmentation_task\test\masks\brisc2025_test_00002_gl_ax_t1.png
brisc2025_test_00003_gl_ax_t1.jpg,glioma,glioma,True,axial,glioma,0,1309,112,111,False,12923.1220703125,626.9777221679688,0.04851596377072739,0.07395262056877933,0.05071119356833643,0.0018948365703458077,D:\MSC Bioinformatics\INTERNSHIP\BrainTumor\data\processed\classification_224_rgb\test\glioma\brisc2025_test_00003_gl_ax_t1.png,D:\MSC Bioinformatics\INTERNSHIP\brisc2025\segmentation_task\test\masks\brisc2025_test_00003_gl_ax_t1.png
brisc2025_test_00004_gl_ax_t1.jpg,glioma,meningioma,False,axial,meningioma,1,919,112,48,False,13787.71484375,519.874755859375,0.03770565041059254,0.04358548731325587,0.07602463368018687,0.02534730684864733,D:\MSC Bioinformatics\INTERNSHIP\BrainTumor\data\processed\classification_224_rgb\test\glioma\brisc2025_test_00004_gl_ax_t1.png,D:\MSC Bioinformatics\INTERNSHIP\brisc2025\segmentation_task\test\masks\brisc2025_test_00004_gl_ax_t1.png
brisc2025_test_00005_gl_ax_t1.jpg,glioma,glioma,True,axial,glioma,0,285,79,111,False,9617.0693359375,95.77389526367188,0.009958740227210347,0.012063227953410981,0.004823379202723791,0.0,D:\MSC Bioinformatics\INTERNSHIP\BrainTumor\data\processed\classification_224_rgb\test\glioma\brisc2025_test_00005_gl_ax_t1.png,D:\MSC Bioinformatics\INTERNSHIP\brisc2025\segmentation_task\test\masks\brisc2025_test_00005_gl_ax_t1.png
brisc2025_test_00006_gl_ax_t1.jpg,glioma,glioma,True,axial,glioma,0,1050,143,48,False,6531.259765625,645.3328857421875,0.0988068012757158,0.13121719570107473,0.2123817712811694,0.11017395888244597,D:\MSC Bioinformatics\INTERNSHIP\BrainTumor\data\processed\classification_224_rgb\test\glioma\brisc2025_test_00006_gl_ax_t1.png,D:\MSC Bioinformatics\INTERNSHIP\brisc2025\segmentation_task\test\masks\brisc2025_test_00006_gl_ax_t1.png
brisc2025_test_00007_gl_ax_t1.jpg,glioma,glioma,True,axial,glioma,0,199,111,80,False,8723.4365234375,17.088050842285156,0.0019588668750410705,0.0,0.0,0.0,D:\MSC Bioinformatics\INTERNSHIP\BrainTumor\data\processed\classification_224_rgb\test\glioma\brisc2025_test_00007_gl_ax_t1.png,D:\MSC Bioinformatics\INTERNSHIP\brisc2025\segmentation_task\test\masks\brisc2025_test_00007_gl_ax_t1.png
brisc2025_test_00008_gl_ax_t1.jpg,glioma,glioma,True,axial,glioma,0,428,111,80,False,7249.87255859375,144.22244262695312,0.019893100390571253,0.052269601100412656,0.0,0.0,D:\MSC Bioinformatics\INTERNSHIP\BrainTumor\data\processed\classification_224_rgb\test\glioma\brisc2025_test_00008_gl_ax_t1.png,D:\MSC Bioinformatics\INTERNSHIP\brisc2025\segmentation_task\test\masks\brisc2025_test_00008_gl_ax_t1.png
brisc2025_test_00009_gl_ax_t1.jpg,glioma,glioma,True,axial,glioma,0,1937,112,111,False,1218.1888427734375,138.5175018310547,0.11370774133482735,0.0,0.0,0.0,D:\MSC Bioinformatics\INTERNSHIP\BrainTumor\data\processed\classification_224_rgb\test\glioma\brisc2025_test_00009_gl_ax_t1.png,D:\MSC Bioinformatics\INTERNSHIP\brisc2025\segmentation_task\test\masks\brisc2025_test_00009_gl_ax_t1.png
brisc2025_test_00010_gl_ax_t1.jpg,glioma,glioma,True,axial,glioma,0,229,111,111,False,9549.12109375,31.36320686340332,0.0032844077015559965,0.0,0.0,0.0,D:\MSC Bioinformatics\INTERNSHIP\BrainTumor\data\processed\classification_224_rgb\test\glioma\brisc2025_test_00010_gl_ax_t1.png,D:\MSC Bioinformatics\INTERNSHIP\brisc2025\segmentation_task\test\masks\brisc2025_test_00010_gl_ax_t1.png
brisc2025_test_00011_gl_ax_t1.jpg,glioma,glioma,True,axial,glioma,0,89,111,112,False,1912.55908203125,0.7937629818916321,0.00041502664641795495,0.0,0.0,0.0,D:\MSC Bioinformatics\INTERNSHIP\BrainTumor\data\processed\classification_224_rgb\test\glioma\brisc2025_test_00011_gl_ax_t1.png,D:\MSC Bioinformatics\INTERNSHIP\brisc2025\segmentation_task\test\masks\brisc2025_test_00011_gl_ax_t1.png
brisc2025_test_00012_gl_ax_t1.jpg,glioma,glioma,True,axial,glioma,0,433,111,111,True,7137.7001953125,379.905029296875,0.05322513119090765,0.04940102681118083,0.09092818143637127,0.20880752102919348,D:\MSC Bioinformatics\INTERNSHIP\BrainTumor\data\processed\classification_224_rgb\test\glioma\brisc2025_test_00012_gl_ax_t1.png,D:\MSC Bioinformatics\INTERNSHIP\brisc2025\segmentation_task\test\masks\brisc2025_test_00012_gl_ax_t1.png
brisc2025_test_00013_gl_ax_t1.jpg,glioma,glioma,True,axial,glioma,0,891,111,111,False,11461.84765625,708.91748046875,0.061850192196734204,0.05687476062811184,0.11118043424007985,0.2273430250541293,D:\MSC Bioinformatics\INTERNSHIP\BrainTumor\data\processed\classification_224_rgb\test\glioma\brisc2025_test_00013_gl_ax_t1.png,D:\MSC Bioinformatics\INTERNSHIP\brisc2025\segmentation_task\test\masks\brisc2025_test_00013_gl_ax_t1.png
brisc2025_test_00014_gl_ax_t1.jpg,glioma,glioma,True,axial,glioma,0,2002,0,0,False,0.0,0.0,0.0,0.0,0.0,0.0,D:\MSC Bioinformatics\INTERNSHIP\BrainTumor\data\processed\classification_224_rgb\test\glioma\brisc2025_test_00014_gl_ax_t1.png,D:\MSC Bioinformatics\INTERNSHIP\brisc2025\segmentation_task\test\masks\brisc2025_test_00014_gl_ax_t1.png
brisc2025_test_00015_gl_ax_t1.jpg,glioma,glioma,True,axial,glioma,0,744,111,111,False,8771.828125,555.9920654296875,0.06338383031526709,0.06201033505584264,0.12542144302090358,0.3340671436433682,D:\MSC Bioinformatics\INTERNSHIP\BrainTumor\data\processed\classification_224_rgb\test\glioma\brisc2025_test_00015_gl_ax_t1.png,D:\MSC Bioinformatics\INTERNSHIP\brisc2025\segmentation_task\test\masks\brisc2025_test_00015_gl_ax_t1.png
brisc2025_test_00016_gl_ax_t1.jpg,glioma,glioma,True,axial,glioma,0,688,79,80,False,3859.80322265625,291.5748596191406,0.07554137939148199,0.12172647914645975,0.15157232704402515,0.05157894736842105,D:\MSC Bioinformatics\INTERNSHIP\BrainTumor\data\processed\classification_224_rgb\test\glioma\brisc2025_test_00016_gl_ax_t1.png,D:\MSC Bioinformatics\INTERNSHIP\brisc2025\segmentation_task\test\masks\brisc2025_test_00016_gl_ax_t1.png
brisc2025_test_00017_gl_ax_t1.jpg,glioma,glioma,True,axial,glioma,0,336,111,143,False,10592.6083984375,140.44503784179688,0.013258777494551174,0.02334805058744294,0.003801210756018584,0.0,D:\MSC Bioinformatics\INTERNSHIP\BrainTumor\data\processed\classification_224_rgb\test\glioma\brisc2025_test_00017_gl_ax_t1.png,D:\MSC Bioinformatics\INTERNSHIP\brisc2025\segmentation_task\test\masks\brisc2025_test_00017_gl_ax_t1.png
brisc2025_test_00018_gl_ax_t1.jpg,glioma,glioma,True,axial,glioma,0,1730,143,80,False,441.81878662109375,41.3844108581543,0.09366829141569709,0.0,0.0,0.0,D:\MSC Bioinformatics\INTERNSHIP\BrainTumor\data\processed\classification_224_rgb\test\glioma\brisc2025_test_00018_gl_ax_t1.png,D:\MSC Bioinformatics\INTERNSHIP\brisc2025\segmentation_task\test\masks\brisc2025_test_00018_gl_ax_t1.png
brisc2025_test_00019_gl_ax_t1.jpg,glioma,glioma,True,axial,glioma,0,2265,80,112,False,13373.5771484375,1132.7388916015625,0.08469976873269885,0.11407753792615953,0.10191082802547771,0.0340080971659919,D:\MSC Bioinformatics\INTERNSHIP\BrainTumor\data\processed\classification_224_rgb\test\glioma\brisc2025_test_00019_gl_ax_t1.png,D:\MSC Bioinformatics\INTERNSHIP\brisc2025\segmentation_task\test\masks\brisc2025_test_00019_gl_ax_t1.png
brisc2025_test_00020_gl_ax_t1.jpg,glioma,glioma,True,axial,glioma,0,1020,144,80,False,11967.5654296875,845.283203125,0.07063117457692247,0.06354348367804635,0.12455733300769324,0.24615384615384617,D:\MSC Bioinformatics\INTERNSHIP\BrainTumor\data\processed\classification_224_rgb\test\glioma\brisc2025_test_00020_gl_ax_t1.png,D:\MSC Bioinformatics\INTERNSHIP\brisc2025\segmentation_task\test\masks\brisc2025_test_00020_gl_ax_t1.png
brisc2025_test_00021_gl_ax_t1.jpg,glioma,glioma,True,axial,glioma,0,657,80,111,False,578.879638671875,35.78486633300781,0.06181745555105224,0.0,0.0,0.0,D:\MSC Bioinformatics\INTERNSHIP\BrainTumor\data\processed\classification_224_rgb\test\glioma\brisc2025_test_00021_gl_ax_t1.png,D:\MSC Bioinformatics\INTERNSHIP\brisc2025\segmentation_task\test\masks\brisc2025_test_00021_gl_ax_t1.png
brisc2025_test_00022_gl_ax_t1.jpg,glioma,glioma,True,axial,glioma,0,1087,80,80,False,2955.4609375,104.32766723632812,0.035299964859145806,0.0,0.0,0.0,D:\MSC Bioinformatics\INTERNSHIP\BrainTumor\data\processed\classification_224_rgb\test\glioma\brisc2025_test_00022_gl_ax_t1.png,D:\MSC Bioinformatics\INTERNSHIP\brisc2025\segmentation_task\test\masks\brisc2025_test_00022_gl_ax_t1.png
brisc2025_test_00023_gl_ax_t1.jpg,glioma,glioma,True,axial,glioma,0,757,111,80,False,10137.2607421875,544.7529296875,0.05373768550910814,0.05639573865752812,0.10481860980337857,0.12306343174510377,D:\MSC Bioinformatics\INTERNSHIP\BrainTumor\data\processed\classification_224_rgb\test\glioma\brisc2025_test_00023_gl_ax_t1.png,D:\MSC Bioinformatics\INTERNSHIP\brisc2025\segmentation_task\test\masks\brisc2025_test_00023_gl_ax_t1.png
brisc2025_test_00024_gl_ax_t1.jpg,glioma,glioma,True,axial,glioma,0,1174,143,112,False,14563.341796875,634.4070434570312,0.04356191403769444,0.04404338470996355,0.08969416602415832,0.08410067526089625,D:\MSC Bioinformatics\INTERNSHIP\BrainTumor\data\processed\classification_224_rgb\test\glioma\brisc2025_test_00024_gl_ax_t1.png,D:\MSC Bioinformatics\INTERNSHIP\brisc2025\segmentation_task\test\masks\brisc2025_test_00024_gl_ax_t1.png
brisc2025_test_00025_gl_ax_t1.jpg,glioma,glioma,True,axial,glioma,0,290,111,48,False,49.18172836303711,0.7474531531333923,0.015197781330823385,0.0,0.0,0.0,D:\MSC Bioinformatics\INTERNSHIP\BrainTumor\data\processed\classification_224_rgb\test\glioma\brisc2025_test_00025_gl_ax_t1.png,D:\MSC Bioinformatics\INTERNSHIP\brisc2025\segmentation_task\test\masks\brisc2025_test_00025_gl_ax_t1.png
brisc2025_test_00026_gl_ax_t1.jpg,glioma,glioma,True,axial,glioma,0,1217,112,111,True,242.14706420898438,27.247447967529297,0.11252437875527353,0.0,0.0,0.0,D:\MSC Bioinformatics\INTERNSHIP\BrainTumor\data\processed\classification_224_rgb\test\glioma\brisc2025_test_00026_gl_ax_t1.png,D:\MSC Bioinformatics\INTERNSHIP\brisc2025\segmentation_task\test\masks\brisc2025_test_00026_gl_ax_t1.png
brisc2025_test_00027_gl_ax_t1.jpg,glioma,glioma,True,axial,glioma,0,1642,112,80,False,12684.9267578125,627.34326171875,0.04945580480647052,0.07208219617916198,0.017543859649122806,0.0,D:\MSC Bioinformatics\INTERNSHIP\BrainTumor\data\processed\classification_224_rgb\test\glioma\brisc2025_test_00027_gl_ax_t1.png,D:\MSC Bioinformatics\INTERNSHIP\brisc2025\segmentation_task\test\masks\brisc2025_test_00027_gl_ax_t1.png
brisc2025_test_00028_gl_ax_t1.jpg,glioma,glioma,True,axial,glioma,0,1149,111,111,False,12337.6435546875,678.7202758789062,0.05501214821699374,0.07310637750176974,0.076266077170418,0.059132260321903427,D:\MSC Bioinformatics\INTERNSHIP\BrainTumor\data\processed\classification_224_rgb\test\glioma\brisc2025_test_00028_gl_ax_t1.png,D:\MSC Bioinformatics\INTERNSHIP\brisc2025\segmentation_task\test\masks\brisc2025_test_00028_gl_ax_t1.png
brisc2025_test_00029_gl_ax_t1.jpg,glioma,glioma,True,axial,glioma,0,1077,111,111,False,5121.1845703125,289.0272216796875,0.056437571759310905,0.05386636636636637,0.0,0.0,D:\MSC Bioinformatics\INTERNSHIP\BrainTumor\data\processed\classification_224_rgb\test\glioma\brisc2025_test_00029_gl_ax_t1.png,D:\MSC Bioinformatics\INTERNSHIP\brisc2025\segmentation_task\test\masks\brisc2025_test_00029_gl_ax_t1.png
brisc2025_test_00030_gl_ax_t1.jpg,glioma,glioma,True,axial,glioma,0,362,112,80,False,9308.7236328125,326.69781494140625,0.03509587649479922,0.032709858136803105,0.04989662301860786,0.08724993974451675,D:\MSC Bioinformatics\INTERNSHIP\BrainTumor\data\processed\classification_224_rgb\test\glioma\brisc2025_test_00030_gl_ax_t1.png,D:\MSC Bioinformatics\INTERNSHIP\brisc2025\segmentation_task\test\masks\brisc2025_test_00030_gl_ax_t1.png
brisc2025_test_00031_gl_ax_t1.jpg,glioma,glioma,True,axial,glioma,0,1616,112,80,True,12630.87890625,1202.619140625,0.09521262530906864,0.09602471923465447,0.18462241517194106,0.257552483358935,D:\MSC Bioinformatics\INTERNSHIP\BrainTumor\data\processed\classification_224_rgb\test\glioma\brisc2025_test_00031_gl_ax_t1.png,D:\MSC Bioinformatics\INTERNSHIP\brisc2025\segmentation_task\test\masks\brisc2025_test_00031_gl_ax_t1.png
brisc2025_test_00032_gl_ax_t1.jpg,glioma,glioma,True,axial,glioma,0,1801,111,80,False,9336.091796875,1163.8916015625,0.12466582665265574,0.1410226293947224,0.27986589024175046,0.34526022304832715,D:\MSC Bioinformatics\INTERNSHIP\BrainTumor\data\processed\classification_224_rgb\test\glioma\brisc2025_test_00032_gl_ax_t1.png,D:\MSC Bioinformatics\INTERNSHIP\brisc2025\segmentation_task\test\masks\brisc2025_test_00032_gl_ax_t1.png
brisc2025_test_00033_gl_ax_t1.jpg,glioma,glioma,True,axial,glioma,0,578,112,111,False,11999.46875,366.6357421875,0.030554331181328342,0.036093418259023353,0.06691539294740642,0.03823701109165207,D:\MSC Bioinformatics\INTERNSHIP\BrainTumor\data\processed\classification_224_rgb\test\glioma\brisc2025_test_00033_gl_ax_t1.png,D:\MSC Bioinformatics\INTERNSHIP\brisc2025\segmentation_task\test\masks\brisc2025_test_00033_gl_ax_t1.png
brisc2025_test_00034_gl_ax_t1.jpg,glioma,glioma,True,axial,glioma,0,688,47,48,False,7.980406761169434,0.0004178553353995085,5.2360155052833013e-05,0.0,0.0,0.0,D:\MSC Bioinformatics\INTERNSHIP\BrainTumor\data\processed\classification_224_rgb\test\glioma\brisc2025_test_00034_gl_ax_t1.png,D:\MSC Bioinformatics\INTERNSHIP\brisc2025\segmentation_task\test\masks\brisc2025_test_00034_gl_ax_t1.png
brisc2025_test_00035_gl_ax_t1.jpg,glioma,glioma,True,axial,glioma,0,787,112,80,True,9551.9814453125,529.3663330078125,0.05541953112436075,0.06200267864177105,0.10791705937794534,0.12564203871987356,D:\MSC Bioinformatics\INTERNSHIP\BrainTumor\data\processed\classification_224_rgb\test\glioma\brisc2025_test_00035_gl_ax_t1.png,D:\MSC Bioinformatics\INTERNSHIP\brisc2025\segmentation_task\test\masks\brisc2025_test_00035_gl_ax_t1.png
brisc2025_test_00036_gl_ax_t1.jpg,glioma,glioma,True,axial,glioma,0,395,112,111,False,6575.421875,80.99115753173828,0.012317256454626842,0.0,0.0,0.0,D:\MSC Bioinformatics\INTERNSHIP\BrainTumor\data\processed\classification_224_rgb\test\glioma\brisc2025_test_00036_gl_ax_t1.png,D:\MSC Bioinformatics\INTERNSHIP\brisc2025\segmentation_task\test\masks\brisc2025_test_00036_gl_ax_t1.png
brisc2025_test_00037_gl_ax_t1.jpg,glioma,glioma,True,axial,glioma,0,2993,111,80,False,5845.1826171875,755.7918090820312,0.1293016589181763,0.11775220645737906,0.06094403505277833,0.0,D:\MSC Bioinformatics\INTERNSHIP\BrainTumor\data\processed\classification_224_rgb\test\glioma\brisc2025_test_00037_gl_ax_t1.png,D:\MSC Bioinformatics\INTERNSHIP\brisc2025\segmentation_task\test\masks\brisc2025_test_00037_gl_ax_t1.png
brisc2025_test_00038_gl_ax_t1.jpg,glioma,glioma,True,axial,glioma,0,1459,112,112,False,7630.14697265625,813.5946655273438,0.10662896382507171,0.16360170441803096,0.22977501196744854,0.07987091569181122,D:\MSC Bioinformatics\INTERNSHIP\BrainTumor\data\processed\classification_224_rgb\test\glioma\brisc2025_test_00038_gl_ax_t1.png,D:\MSC Bioinformatics\INTERNSHIP\brisc2025\segmentation_task\test\masks\brisc2025_test_00038_gl_ax_t1.png
brisc2025_test_00039_gl_ax_t1.jpg,glioma,glioma,True,axial,glioma,0,1105,111,111,False,9666.0048828125,721.9793701171875,0.07469263453414628,0.08844953173777315,0.16504554577736608,0.11811750230698247,D:\MSC Bioinformatics\INTERNSHIP\BrainTumor\data\processed\classification_224_rgb\test\glioma\brisc2025_test_00039_gl_ax_t1.png,D:\MSC Bioinformatics\INTERNSHIP\brisc2025\segmentation_task\test\masks\brisc2025_test_00039_gl_ax_t1.png
brisc2025_test_00040_gl_ax_t1.jpg,glioma,glioma,True,axial,glioma,0,1561,112,111,False,9462.9697265625,545.8128662109375,0.05767881352075385,0.08263590439568726,0.004052489386337322,0.0,D:\MSC Bioinformatics\INTERNSHIP\BrainTumor\data\processed\classification_224_rgb\test\glioma\brisc2025_test_00040_gl_ax_t1.png,D:\MSC Bioinformatics\INTERNSHIP\brisc2025\segmentation_task\test\masks\brisc2025_test_00040_gl_ax_t1.png
brisc2025_test_00041_gl_ax_t1.jpg,glioma,glioma,True,axial,glioma,0,1330,112,80,False,7855.755859375,476.69757080078125,0.06068131180933964,0.08602362204724409,0.045286654889995184,0.0,D:\MSC Bioinformatics\INTERNSHIP\BrainTumor\data\processed\classification_224_rgb\test\glioma\brisc2025_test_00041_gl_ax_t1.png,D:\MSC Bioinformatics\INTERNSHIP\brisc2025\segmentation_task\test\masks\brisc2025_test_00041_gl_ax_t1.png
brisc2025_test_00042_gl_ax_t1.jpg,glioma,glioma,True,axial,glioma,0,1437,143,80,False,7369.720703125,380.93988037109375,0.05168986664712584,0.041163556531284305,0.0,0.0,D:\MSC Bioinformatics\INTERNSHIP\BrainTumor\data\processed\classification_224_rgb\test\glioma\brisc2025_test_00042_gl_ax_t1.png,D:\MSC Bioinformatics\INTERNSHIP\brisc2025\segmentation_task\test\masks\brisc2025_test_00042_gl_ax_t1.png
brisc2025_test_00043_gl_ax_t1.jpg,glioma,glioma,True,axial,glioma,0,2240,112,111,False,13740.7177734375,1336.92626953125,0.09729668359215507,0.12095032397408208,0.18809863460362747,0.06692377495462795,D:\MSC Bioinformatics\INTERNSHIP\BrainTumor\data\processed\classification_224_rgb\test\glioma\brisc2025_test_00043_gl_ax_t1.png,D:\MSC Bioinformatics\INTERNSHIP\brisc2025\segmentation_task\test\masks\brisc2025_test_00043_gl_ax_t1.png
brisc2025_test_00044_gl_ax_t1.jpg,glioma,glioma,True,axial,glioma,0,690,143,80,True,469.2667236328125,32.72716522216797,0.06974107383709573,0.0,0.0,0.0,D:\MSC Bioinformatics\INTERNSHIP\BrainTumor\data\processed\classification_224_rgb\test\glioma\brisc2025_test_00044_gl_ax_t1.png,D:\MSC Bioinformatics\INTERNSHIP\brisc2025\segmentation_task\test\masks\brisc2025_test_00044_gl_ax_t1.png
brisc2025_test_00045_gl_ax_t1.jpg,glioma,glioma,True,axial,glioma,0,2585,143,111,False,4715.6806640625,295.8717346191406,0.06274210568877894,0.04663487016428193,0.020392309186249756,0.0,D:\MSC Bioinformatics\INTERNSHIP\BrainTumor\data\processed\classification_224_rgb\test\glioma\brisc2025_test_00045_gl_ax_t1.png,D:\MSC Bioinformatics\INTERNSHIP\brisc2025\segmentation_task\test\masks\brisc2025_test_00045_gl_ax_t1.png
brisc2025_test_00046_gl_ax_t1.jpg,glioma,glioma,True,axial,glioma,0,2552,143,111,False,14384.662109375,1205.584716796875,0.08381043000037883,0.12271630472250948,0.10536800167750053,0.0,D:\MSC Bioinformatics\INTERNSHIP\BrainTumor\data\processed\classification_224_rgb\test\glioma\brisc2025_test_00046_gl_ax_t1.png,D:\MSC Bioinformatics\INTERNSHIP\brisc2025\segmentation_task\test\masks\brisc2025_test_00046_gl_ax_t1.png
brisc2025_test_00047_gl_ax_t1.jpg,glioma,glioma,True,axial,glioma,0,631,112,80,False,12673.3125,315.46142578125,0.024891789402435235,0.03350679694137638,0.03201794636484144,0.0,D:\MSC Bioinformatics\INTERNSHIP\BrainTumor\data\processed\classification_224_rgb\test\glioma\brisc2025_test_00047_gl_ax_t1.png,D:\MSC Bioinformatics\INTERNSHIP\brisc2025\segmentation_task\test\masks\brisc2025_test_00047_gl_ax_t1.png
brisc2025_test_00048_gl_ax_t1.jpg,glioma,glioma,True,axial,glioma,0,692,0,48,False,5531.24169921875,74.37748718261719,0.01344679752344261,0.0004066142586066685,0.0,0.0,D:\MSC Bioinformatics\INTERNSHIP\BrainTumor\data\processed\classification_224_rgb\test\glioma\brisc2025_test_00048_gl_ax_t1.png,D:\MSC Bioinformatics\INTERNSHIP\brisc2025\segmentation_task\test\masks\brisc2025_test_00048_gl_ax_t1.png
brisc2025_test_00049_gl_ax_t1.jpg,glioma,glioma,True,axial,glioma,0,471,0,47,False,1911.822509765625,0.0,0.0,0.0,0.0,0.0,D:\MSC Bioinformatics\INTERNSHIP\BrainTumor\data\processed\classification_224_rgb\test\glioma\brisc2025_test_00049_gl_ax_t1.png,D:\MSC Bioinformatics\INTERNSHIP\brisc2025\segmentation_task\test\masks\brisc2025_test_00049_gl_ax_t1.png
brisc2025_test_00050_gl_ax_t1.jpg,glioma,glioma,True,axial,glioma,0,217,111,80,True,12176.5693359375,205.35256958007812,0.016864567015112193,0.013980157196237599,0.023444252376836647,0.047245808839538425,D:\MSC Bioinformatics\INTERNSHIP\BrainTumor\data\processed\classification_224_rgb\test\glioma\brisc2025_test_00050_gl_ax_t1.png,D:\MSC Bioinformatics\INTERNSHIP\brisc2025\segmentation_task\test\masks\brisc2025_test_00050_gl_ax_t1.png
brisc2025_test_00051_gl_ax_t1.jpg,glioma,glioma,True,axial,glioma,0,2069,80,144,False,656.058349609375,38.78070831298828,0.0591116755637342,0.0,0.0,0.0,D:\MSC Bioinformatics\INTERNSHIP\BrainTumor\data\processed\classification_224_rgb\test\glioma\brisc2025_test_00051_gl_ax_t1.png,D:\MSC Bioinformatics\INTERNSHIP\brisc2025\segmentation_task\test\masks\brisc2025_test_00051_gl_ax_t1.png
brisc2025_test_00052_gl_ax_t1.jpg,glioma,glioma,True,axial,glioma,0,1497,111,112,False,6391.3564453125,614.4698486328125,0.09614075726968292,0.15090628073626527,0.09424206815511163,0.03253012048192771,D:\MSC Bioinformatics\INTERNSHIP\BrainTumor\data\processed\classification_224_rgb\test\glioma\brisc2025_test_00052_gl_ax_t1.png,D:\MSC Bioinformatics\INTERNSHIP\brisc2025\segmentation_task\test\masks\brisc2025_test_00052_gl_ax_t1.png
brisc2025_test_00053_gl_ax_t1.jpg,glioma,glioma,True,axial,glioma,0,69,111,111,False,8537.57421875,39.81245422363281,0.004663204465760043,0.006489231637355403,0.010472133475328363,0.0,D:\MSC Bioinformatics\INTERNSHIP\BrainTumor\data\processed\classification_224_rgb\test\glioma\brisc2025_test_00053_gl_ax_t1.png,D:\MSC Bioinformatics\INTERNSHIP\brisc2025\segmentation_task\test\masks\brisc2025_test_00053_gl_ax_t1.png
brisc2025_test_00054_gl_ax_t1.jpg,glioma,glioma,True,axial,glioma,0,1611,111,111,False,9269.6552734375,500.54779052734375,0.053998533468842126,0.062048285406735355,0.0020234137881196706,0.0,D:\MSC Bioinformatics\INTERNSHIP\BrainTumor\data\processed\classification_224_rgb\test\glioma\brisc2025_test_00054_gl_ax_t1.png,D:\MSC Bioinformatics\INTERNSHIP\brisc2025\segmentation_task\test\masks\brisc2025_test_00054_gl_ax_t1.png
brisc2025_test_00055_gl_ax_t1.jpg,glioma,glioma,True,axial,glioma,0,1532,0,47,False,1742.84912109375,0.0,0.0,0.0,0.0,0.0,D:\MSC Bioinformatics\INTERNSHIP\BrainTumor\data\processed\classification_224_rgb\test\glioma\brisc2025_test_00055_gl_ax_t1.png,D:\MSC Bioinformatics\INTERNSHIP\brisc2025\segmentation_task\test\masks\brisc2025_test_00055_gl_ax_t1.png
brisc2025_test_00056_gl_ax_t1.jpg,glioma,glioma,True,axial,glioma,0,352,143,111,False,10901.2353515625,117.12295532226562,0.010744007586762,0.023049014725759407,0.0,0.0,D:\MSC Bioinformatics\INTERNSHIP\BrainTumor\data\processed\classification_224_rgb\test\glioma\brisc2025_test_00056_gl_ax_t1.png,D:\MSC Bioinformatics\INTERNSHIP\brisc2025\segmentation_task\test\masks\brisc2025_test_00056_gl_ax_t1.png
brisc2025_test_00057_gl_ax_t1.jpg,glioma,glioma,True,axial,glioma,0,155,143,144,False,14864.3916015625,76.18022918701172,0.0051250149504271595,0.008427577207481513,0.008491807200095682,0.0,D:\MSC Bioinformatics\INTERNSHIP\BrainTumor\data\processed\classification_224_rgb\test\glioma\brisc2025_test_00057_gl_ax_t1.png,D:\MSC Bioinformatics\INTERNSHIP\brisc2025\segmentation_task\test\masks\brisc2025_test_00057_gl_ax_t1.png
brisc2025_test_00058_gl_ax_t1.jpg,glioma,glioma,True,axial,glioma,0,340,48,112,False,7585.36181640625,124.25238037109375,0.016380547609785783,0.030211141060197663,0.002149959688255845,0.0,D:\MSC Bioinformatics\INTERNSHIP\BrainTumor\data\processed\classification_224_rgb\test\glioma\brisc2025_test_00058_gl_ax_t1.png,D:\MSC Bioinformatics\INTERNSHIP\brisc2025\segmentation_task\test\masks\brisc2025_test_00058_gl_ax_t1.png
brisc2025_test_00059_gl_ax_t1.jpg,glioma,glioma,True,axial,glioma,0,1165,111,111,False,13201.0869140625,725.732666015625,0.054975220657212394,0.0672865888876054,0.09067232564869297,0.05508119872760757,D:\MSC Bioinformatics\INTERNSHIP\BrainTumor\data\processed\classification_224_rgb\test\glioma\brisc2025_test_00059_gl_ax_t1.png,D:\MSC Bioinformatics\INTERNSHIP\brisc2025\segmentation_task\test\masks\brisc2025_test_00059_gl_ax_t1.png
brisc2025_test_00060_gl_ax_t1.jpg,glioma,glioma,True,axial,glioma,0,643,112,112,False,3365.71630859375,103.42391967773438,0.0307286503659444,0.013390601313794846,0.0,0.0,D:\MSC Bioinformatics\INTERNSHIP\BrainTumor\data\processed\classification_224_rgb\test\glioma\brisc2025_test_00060_gl_ax_t1.png,D:\MSC Bioinformatics\INTERNSHIP\brisc2025\segmentation_task\test\masks\brisc2025_test_00060_gl_ax_t1.png
brisc2025_test_00061_gl_ax_t1.jpg,glioma,glioma,True,axial,glioma,0,659,111,144,True,8389.1982421875,572.5884399414062,0.06825305868467625,0.06311655971650225,0.10108912409878816,0.18135011441647597,D:\MSC Bioinformatics\INTERNSHIP\BrainTumor\data\processed\classification_224_rgb\test\glioma\brisc2025_test_00061_gl_ax_t1.png,D:\MSC Bioinformatics\INTERNSHIP\brisc2025\segmentation_task\test\masks\brisc2025_test_00061_gl_ax_t1.png
brisc2025_test_00062_gl_ax_t1.jpg,glioma,glioma,True,axial,glioma,0,1482,112,111,False,1220.95947265625,81.02394104003906,0.06636087671588967,0.0,0.0,0.0,D:\MSC Bioinformatics\INTERNSHIP\BrainTumor\data\processed\classification_224_rgb\test\glioma\brisc2025_test_00062_gl_ax_t1.png,D:\MSC Bioinformatics\INTERNSHIP\brisc2025\segmentation_task\test\masks\brisc2025_test_00062_gl_ax_t1.png
brisc2025_test_00063_gl_ax_t1.jpg,glioma,glioma,True,axial,glioma,0,2271,143,80,False,15973.25390625,930.3646240234375,0.05824515339729279,0.09544120344890845,0.029411764705882353,0.0,D:\MSC Bioinformatics\INTERNSHIP\BrainTumor\data\processed\classification_224_rgb\test\glioma\brisc2025_test_00063_gl_ax_t1.png,D:\MSC Bioinformatics\INTERNSHIP\brisc2025\segmentation_task\test\masks\brisc2025_test_00063_gl_ax_t1.png
brisc2025_test_00064_gl_ax_t1.jpg,glioma,glioma,True,axial,glioma,0,967,80,112,False,9229.548828125,726.042724609375,0.07866502882534421,0.07778314028314029,0.1715147215324583,0.3253610108303249,D:\MSC Bioinformatics\INTERNSHIP\BrainTumor\data\processed\classification_224_rgb\test\glioma\brisc2025_test_00064_gl_ax_t1.png,D:\MSC Bioinformatics\INTERNSHIP\brisc2025\segmentation_task\test\masks\brisc2025_test_00064_gl_ax_t1.png
brisc2025_test_00065_gl_ax_t1.jpg,glioma,glioma,True,axial,glioma,0,326,111,48,False,7795.81005859375,142.45974731445312,0.018273886388164615,0.025739531310026893,0.02116198537899192,0.002364998029168309,D:\MSC Bioinformatics\INTERNSHIP\BrainTumor\data\processed\classification_224_rgb\test\glioma\brisc2025_test_00065_gl_ax_t1.png,D:\MSC Bioinformatics\INTERNSHIP\brisc2025\segmentation_task\test\masks\brisc2025_test_00065_gl_ax_t1.png
brisc2025_test_00066_gl_ax_t1.jpg,glioma,glioma,True,axial,glioma,0,1448,112,111,True,10089.5068359375,875.14990234375,0.08673862028881142,0.11117936117936118,0.27100169141138886,0.0006906077348066298,D:\MSC Bioinformatics\INTERNSHIP\BrainTumor\data\processed\classification_224_rgb\test\glioma\brisc2025_test_00066_gl_ax_t1.png,D:\MSC Bioinformatics\INTERNSHIP\brisc2025\segmentation_task\test\masks\brisc2025_test_00066_gl_ax_t1.png
brisc2025_test_00067_gl_ax_t1.jpg,glioma,glioma,True,axial,glioma,0,66,112,80,False,11286.22265625,57.019344329833984,0.0050521193907386045,0.004410585404971933,0.007567939456484348,0.016832440703902066,D:\MSC Bioinformatics\INTERNSHIP\BrainTumor\data\processed\classification_224_rgb\test\glioma\brisc2025_test_00067_gl_ax_t1.png,D:\MSC Bioinformatics\INTERNSHIP\brisc2025\segmentation_task\test\masks\brisc2025_test_00067_gl_ax_t1.png
brisc2025_test_00068_gl_ax_t1.jpg,glioma,glioma,True,axial,glioma,0,368,111,111,False,10059.0888671875,171.88235473632812,0.01708726873832521,0.02698540734765711,0.0165437512457644,0.0,D:\MSC Bioinformatics\INTERNSHIP\BrainTumor\data\processed\classification_224_rgb\test\glioma\brisc2025_test_00068_gl_ax_t1.png,D:\MSC Bioinformatics\INTERNSHIP\brisc2025\segmentation_task\test\masks\brisc2025_test_00068_gl_ax_t1.png
brisc2025_test_00069_gl_ax_t1.jpg,glioma,glioma,True,axial,glioma,0,621,111,143,False,8549.349609375,209.56565856933594,0.024512467982304942,0.06066659657238986,0.0,0.0,D:\MSC Bioinformatics\INTERNSHIP\BrainTumor\data\processed\classification_224_rgb\test\glioma\brisc2025_test_00069_gl_ax_t1.png,D:\MSC Bioinformatics\INTERNSHIP\brisc2025\segmentation_task\test\masks\brisc2025_test_00069_gl_ax_t1.png
brisc2025_test_00070_gl_ax_t1.jpg,glioma,glioma,True,axial,glioma,0,344,0,48,False,5583.83740234375,7.521450042724609,0.0013470037719163473,0.0,0.0,0.0,D:\MSC Bioinformatics\INTERNSHIP\BrainTumor\data\processed\classification_224_rgb\test\glioma\brisc2025_test_00070_gl_ax_t1.png,D:\MSC Bioinformatics\INTERNSHIP\brisc2025\segmentation_task\test\masks\brisc2025_test_00070_gl_ax_t1.png
brisc2025_test_00071_gl_ax_t1.jpg,glioma,glioma,True,axial,glioma,0,652,0,208,False,4459.5380859375,0.0,0.0,0.0,0.0,0.0,D:\MSC Bioinformatics\INTERNSHIP\BrainTumor\data\processed\classification_224_rgb\test\glioma\brisc2025_test_00071_gl_ax_t1.png,D:\MSC Bioinformatics\INTERNSHIP\brisc2025\segmentation_task\test\masks\brisc2025_test_00071_gl_ax_t1.png
brisc2025_test_00072_gl_ax_t1.jpg,glioma,glioma,True,axial,glioma,0,3554,111,80,False,12482.2451171875,2838.05517578125,0.2273673645355172,0.21359456698118878,0.38297413793103446,0.6001201441730076,D:\MSC Bioinformatics\INTERNSHIP\BrainTumor\data\processed\classification_224_rgb\test\glioma\brisc2025_test_00072_gl_ax_t1.png,D:\MSC Bioinformatics\INTERNSHIP\brisc2025\segmentation_task\test\masks\brisc2025_test_00072_gl_ax_t1.png
brisc2025_test_00073_gl_ax_t1.jpg,glioma,glioma,True,axial,glioma,0,4463,79,143,True,12637.56640625,3357.38037109375,0.26566668480043226,0.29749366751099854,0.5347264162338446,0.5359095880422895,D:\MSC Bioinformatics\INTERNSHIP\BrainTumor\data\processed\classification_224_rgb\test\glioma\brisc2025_test_00073_gl_ax_t1.png,D:\MSC Bioinformatics\INTERNSHIP\brisc2025\segmentation_task\test\masks\brisc2025_test_00073_gl_ax_t1.png
brisc2025_test_00074_gl_ax_t1.jpg,glioma,glioma,True,axial,glioma,0,581,112,111,False,10174.3271484375,352.75531005859375,0.03467111927030648,0.04293209192344639,0.08881578947368421,0.007465339495200853,D:\MSC Bioinformatics\INTERNSHIP\BrainTumor\data\processed\classification_224_rgb\test\glioma\brisc2025_test_00074_gl_ax_t1.png,D:\MSC Bioinformatics\INTERNSHIP\brisc2025\segmentation_task\test\masks\brisc2025_test_00074_gl_ax_t1.png
brisc2025_test_00075_gl_ax_t1.jpg,glioma,glioma,True,axial,glioma,0,571,112,80,False,10303.197265625,339.78350830078125,0.032978453148171355,0.0410732268738311,0.08632519546832615,0.005744768157570784,D:\MSC Bioinformatics\INTERNSHIP\BrainTumor\data\processed\classification_224_rgb\test\glioma\brisc2025_test_00075_gl_ax_t1.png,D:\MSC Bioinformatics\INTERNSHIP\brisc2025\segmentation_task\test\masks\brisc2025_test_00075_gl_ax_t1.png
brisc2025_test_00076_gl_ax_t1.jpg,glioma,glioma,True,axial,glioma,0,494,111,111,False,6989.55029296875,81.61528015136719,0.011676756977264958,0.0,0.0,0.0,D:\MSC Bioinformatics\INTERNSHIP\BrainTumor\data\processed\classification_224_rgb\test\glioma\brisc2025_test_00076_gl_ax_t1.png,D:\MSC Bioinformatics\INTERNSHIP\brisc2025\segmentation_task\test\masks\brisc2025_test_00076_gl_ax_t1.png
brisc2025_test_00077_gl_ax_t1.jpg,glioma,glioma,True,axial,glioma,0,570,111,111,True,11565.046875,492.85784912109375,0.0426161566354303,0.039169873556899396,0.06909090909090909,0.14904775048302513,D:\MSC Bioinformatics\INTERNSHIP\BrainTumor\data\processed\classification_224_rgb\test\glioma\brisc2025_test_00077_gl_ax_t1.png,D:\MSC Bioinformatics\INTERNSHIP\brisc2025\segmentation_task\test\masks\brisc2025_test_00077_gl_ax_t1.png
brisc2025_test_00078_gl_ax_t1.jpg,glioma,glioma,True,axial,glioma,0,822,112,80,False,3151.369873046875,146.06832885742188,0.04635074102431428,0.03650190114068441,0.0,0.0,D:\MSC Bioinformatics\INTERNSHIP\BrainTumor\data\processed\classification_224_rgb\test\glioma\brisc2025_test_00078_gl_ax_t1.png,D:\MSC Bioinformatics\INTERNSHIP\brisc2025\segmentation_task\test\masks\brisc2025_test_00078_gl_ax_t1.png
brisc2025_test_00079_gl_ax_t1.jpg,glioma,glioma,True,axial,glioma,0,955,0,47,False,5225.57568359375,0.0,0.0,0.0,0.0,0.0,D:\MSC Bioinformatics\INTERNSHIP\BrainTumor\data\processed\classification_224_rgb\test\glioma\brisc2025_test_00079_gl_ax_t1.png,D:\MSC Bioinformatics\INTERNSHIP\brisc2025\segmentation_task\test\masks\brisc2025_test_00079_gl_ax_t1.png
brisc2025_test_00080_gl_ax_t1.jpg,glioma,glioma,True,axial,glioma,0,2427,0,47,False,11191.037109375,395.251953125,0.03531861696659803,0.03171782444803446,0.023748285322359397,0.0036443148688046646,D:\MSC Bioinformatics\INTERNSHIP\BrainTumor\data\processed\classification_224_rgb\test\glioma\brisc2025_test_00080_gl_ax_t1.png,D:\MSC Bioinformatics\INTERNSHIP\brisc2025\segmentation_task\test\masks\brisc2025_test_00080_gl_ax_t1.png
brisc2025_test_00081_gl_ax_t1.jpg,glioma,glioma,True,axial,glioma,0,389,0,47,False,4045.39208984375,0.0,0.0,0.0,0.0,0.0,D:\MSC Bioinformatics\INTERNSHIP\BrainTumor\data\processed\classification_224_rgb\test\glioma\brisc2025_test_00081_gl_ax_t1.png,D:\MSC Bioinformatics\INTERNSHIP\brisc2025\segmentation_task\test\masks\brisc2025_test_00081_gl_ax_t1.png
brisc2025_test_00082_gl_ax_t1.jpg,glioma,glioma,True,axial,glioma,0,493,47,47,False,9094.4267578125,37.479042053222656,0.0041210999935786564,0.00014646649578908824,0.0,0.0,D:\MSC Bioinformatics\INTERNSHIP\BrainTumor\data\processed\classification_224_rgb\test\glioma\brisc2025_test_00082_gl_ax_t1.png,D:\MSC Bioinformatics\INTERNSHIP\brisc2025\segmentation_task\test\masks\brisc2025_test_00082_gl_ax_t1.png
brisc2025_test_00083_gl_ax_t1.jpg,glioma,glioma,True,axial,glioma,0,607,111,79,False,7845.6552734375,255.31307983398438,0.03254197016511552,0.07261486240756455,0.0405727923627685,0.0,D:\MSC Bioinformatics\INTERNSHIP\BrainTumor\data\processed\classification_224_rgb\test\glioma\brisc2025_test_00083_gl_ax_t1.png,D:\MSC Bioinformatics\INTERNSHIP\brisc2025\segmentation_task\test\masks\brisc2025_test_00083_gl_ax_t1.png
brisc2025_test_00084_gl_ax_t1.jpg,glioma,glioma,True,axial,glioma,0,2848,111,79,True,7322.64697265625,1785.197509765625,0.24379128427627236,0.23104265402843602,0.3313533472467491,0.4530635188308038,D:\MSC Bioinformatics\INTERNSHIP\BrainTumor\data\processed\classification_224_rgb\test\glioma\brisc2025_test_00084_gl_ax_t1.png,D:\MSC Bioinformatics\INTERNSHIP\brisc2025\segmentation_task\test\masks\brisc2025_test_00084_gl_ax_t1.png
brisc2025_test_00085_gl_ax_t1.jpg,glioma,glioma,True,axial,glioma,0,112,111,111,False,12470.6640625,76.9132080078125,0.006167531065093391,0.006732387593171436,0.012024908739531888,0.010138248847926268,D:\MSC Bioinformatics\INTERNSHIP\BrainTumor\data\processed\classification_224_rgb\test\glioma\brisc2025_test_00085_gl_ax_t1.png,D:\MSC Bioinformatics\INTERNSHIP\brisc2025\segmentation_task\test\masks\brisc2025_test_00085_gl_ax_t1.png
brisc2025_test_00086_gl_co_t1.jpg,glioma,glioma,True,coronal,glioma,0,720,111,175,False,14416.6455078125,34.957645416259766,0.0024248113333518485,0.0,0.0,0.0,D:\MSC Bioinformatics\INTERNSHIP\BrainTumor\data\processed\classification_224_rgb\test\glioma\brisc2025_test_00086_gl_co_t1.png,D:\MSC Bioinformatics\INTERNSHIP\brisc2025\segmentation_task\test\masks\brisc2025_test_00086_gl_co_t1.png
brisc2025_test_00087_gl_co_t1.jpg,glioma,glioma,True,coronal,glioma,0,821,143,79,False,16555.677734375,173.34837341308594,0.010470629846409611,0.006496713650697162,0.0,0.0,D:\MSC Bioinformatics\INTERNSHIP\BrainTumor\data\processed\classification_224_rgb\test\glioma\brisc2025_test_00087_gl_co_t1.png,D:\MSC Bioinformatics\INTERNSHIP\brisc2025\segmentation_task\test\masks\brisc2025_test_00087_gl_co_t1.png
brisc2025_test_00088_gl_co_t1.jpg,glioma,glioma,True,coronal,glioma,0,1293,112,48,False,10796.7216796875,57.49616622924805,0.005325335591211814,0.00011723329425556858,0.0,0.0,D:\MSC Bioinformatics\INTERNSHIP\BrainTumor\data\processed\classification_224_rgb\test\glioma\brisc2025_test_00088_gl_co_t1.png,D:\MSC Bioinformatics\INTERNSHIP\brisc2025\segmentation_task\test\masks\brisc2025_test_00088_gl_co_t1.png
brisc2025_test_00089_gl_co_t1.jpg,glioma,glioma,True,coronal,glioma,0,733,112,79,False,5338.8134765625,252.0159912109375,0.04720449446628784,0.0756765020639046,0.0005665722379603399,0.0,D:\MSC Bioinformatics\INTERNSHIP\BrainTumor\data\processed\classification_224_rgb\test\glioma\brisc2025_test_00089_gl_co_t1.png,D:\MSC Bioinformatics\INTERNSHIP\brisc2025\segmentation_task\test\masks\brisc2025_test_00089_gl_co_t1.png
brisc2025_test_00090_gl_co_t1.jpg,glioma,glioma,True,coronal,glioma,0,597,111,111,False,15518.0302734375,517.3671875,0.03333974598474569,0.026580587711487087,0.043903515222826886,0.10189452124935997,D:\MSC Bioinformatics\INTERNSHIP\BrainTumor\data\processed\classification_224_rgb\test\glioma\brisc2025_test_00090_gl_co_t1.png,D:\MSC Bioinformatics\INTERNSHIP\brisc2025\segmentation_task\test\masks\brisc2025_test_00090_gl_co_t1.png
brisc2025_test_00091_gl_co_t1.jpg,glioma,glioma,True,coronal,glioma,0,1748,111,0,False,3364.62890625,33.30253982543945,0.009897834427915062,0.0,0.0,0.0,D:\MSC Bioinformatics\INTERNSHIP\BrainTumor\data\processed\classification_224_rgb\test\glioma\brisc2025_test_00091_gl_co_t1.png,D:\MSC Bioinformatics\INTERNSHIP\brisc2025\segmentation_task\test\masks\brisc2025_test_00091_gl_co_t1.png
brisc2025_test_00092_gl_co_t1.jpg,glioma,glioma,True,coronal,glioma,0,362,112,80,False,9308.7236328125,326.69781494140625,0.03509587649479922,0.032709858136803105,0.04989662301860786,0.08724993974451675,D:\MSC Bioinformatics\INTERNSHIP\BrainTumor\data\processed\classification_224_rgb\test\glioma\brisc2025_test_00092_gl_co_t1.png,D:\MSC Bioinformatics\INTERNSHIP\brisc2025\segmentation_task\test\masks\brisc2025_test_00092_gl_co_t1.png
brisc2025_test_00093_gl_co_t1.jpg,glioma,meningioma,False,coronal,meningioma,1,529,175,112,False,11996.2939453125,203.79937744140625,0.016988528154650625,0.020346737298338552,0.023020527859237538,0.01699346405228758,D:\MSC Bioinformatics\INTERNSHIP\BrainTumor\data\processed\classification_224_rgb\test\glioma\brisc2025_test_00093_gl_co_t1.png,D:\MSC Bioinformatics\INTERNSHIP\brisc2025\segmentation_task\test\masks\brisc2025_test_00093_gl_co_t1.png
brisc2025_test_00094_gl_co_t1.jpg,glioma,glioma,True,coronal,glioma,0,294,111,143,False,7094.70556640625,85.12033081054688,0.011997725629883145,0.014891054418044454,0.0,0.0,D:\MSC Bioinformatics\INTERNSHIP\BrainTumor\data\processed\classification_224_rgb\test\glioma\brisc2025_test_00094_gl_co_t1.png,D:\MSC Bioinformatics\INTERNSHIP\brisc2025\segmentation_task\test\masks\brisc2025_test_00094_gl_co_t1.png
brisc2025_test_00095_gl_co_t1.jpg,glioma,glioma,True,coronal,glioma,0,629,112,175,False,7617.9736328125,32.51543045043945,0.004268251902367769,0.0,0.0,0.0,D:\MSC Bioinformatics\INTERNSHIP\BrainTumor\data\processed\classification_224_rgb\test\glioma\brisc2025_test_00095_gl_co_t1.png,D:\MSC Bioinformatics\INTERNSHIP\brisc2025\segmentation_task\test\masks\brisc2025_test_00095_gl_co_t1.png
brisc2025_test_00096_gl_co_t1.jpg,glioma,meningioma,False,coronal,meningioma,1,265,176,144,False,7090.1376953125,0.7229599356651306,0.00010196698099997421,0.0,0.0,0.0,D:\MSC Bioinformatics\INTERNSHIP\BrainTumor\data\processed\classification_224_rgb\test\glioma\brisc2025_test_00096_gl_co_t1.png,D:\MSC Bioinformatics\INTERNSHIP\brisc2025\segmentation_task\test\masks\brisc2025_test_00096_gl_co_t1.png
brisc2025_test_00097_gl_co_t1.jpg,glioma,glioma,True,coronal,glioma,0,3590,80,144,False,11919.2724609375,246.64955139160156,0.02069333948023549,0.01595614507366257,0.007291119285338939,0.00026226068712300026,D:\MSC Bioinformatics\INTERNSHIP\BrainTumor\data\processed\classification_224_rgb\test\glioma\brisc2025_test_00097_gl_co_t1.png,D:\MSC Bioinformatics\INTERNSHIP\brisc2025\segmentation_task\test\masks\brisc2025_test_00097_gl_co_t1.png
brisc2025_test_00098_gl_co_t1.jpg,glioma,glioma,True,coronal,glioma,0,383,112,48,False,8284.8154296875,184.66500854492188,0.022289574235196615,0.03389980527526996,0.026659786721706227,0.0,D:\MSC Bioinformatics\INTERNSHIP\BrainTumor\data\processed\classification_224_rgb\test\glioma\brisc2025_test_00098_gl_co_t1.png,D:\MSC Bioinformatics\INTERNSHIP\brisc2025\segmentation_task\test\masks\brisc2025_test_00098_gl_co_t1.png
brisc2025_test_00099_gl_co_t1.jpg,glioma,glioma,True,coronal,glioma,0,70,0,0,False,5469.744140625,0.0,0.0,0.0,0.0,0.0,D:\MSC Bioinformatics\INTERNSHIP\BrainTumor\data\processed\classification_224_rgb\test\glioma\brisc2025_test_00099_gl_co_t1.png,D:\MSC Bioinformatics\INTERNSHIP\brisc2025\segmentation_task\test\masks\brisc2025_test_00099_gl_co_t1.png
brisc2025_test_00100_gl_co_t1.jpg,glioma,glioma,True,coronal,glioma,0,444,111,111,False,8850.5595703125,286.359130859375,0.032354918192959416,0.03986353025677859,0.11167002012072434,0.1377672209026128,D:\MSC Bioinformatics\INTERNSHIP\BrainTumor\data\processed\classification_224_rgb\test\glioma\brisc2025_test_00100_gl_co_t1.png,D:\MSC Bioinformatics\INTERNSHIP\brisc2025\segmentation_task\test\masks\brisc2025_test_00100_gl_co_t1.png
brisc2025_test_00101_gl_co_t1.jpg,glioma,glioma,True,coronal,glioma,0,363,112,112,False,149.76036071777344,3.0164618492126465,0.020141924303302344,0.0,0.0,0.0,D:\MSC Bioinformatics\INTERNSHIP\BrainTumor\data\processed\classification_224_rgb\test\glioma\brisc2025_test_00101_gl_co_t1.png,D:\MSC Bioinformatics\INTERNSHIP\brisc2025\segmentation_task\test\masks\brisc2025_test_00101_gl_co_t1.png
brisc2025_test_00102_gl_co_t1.jpg,glioma,glioma,True,coronal,glioma,0,985,112,79,False,10143.748046875,494.9356994628906,0.04879219172003846,0.06417262154967072,0.061648832684824906,0.015418994413407822,D:\MSC Bioinformatics\INTERNSHIP\BrainTumor\data\processed\classification_224_rgb\test\glioma\brisc2025_test_00102_gl_co_t1.png,D:\MSC Bioinformatics\INTERNSHIP\brisc2025\segmentation_task\test\masks\brisc2025_test_00102_gl_co_t1.png
brisc2025_test_00103_gl_co_t1.jpg,glioma,glioma,True,coronal,glioma,0,1559,80,79,True,9924.58203125,1011.489990234375,0.1019176411711293,0.10477839335180056,0.15365884916057926,0.15917782026768643,D:\MSC Bioinformatics\INTERNSHIP\BrainTumor\data\processed\classification_224_rgb\test\glioma\brisc2025_test_00103_gl_co_t1.png,D:\MSC Bioinformatics\INTERNSHIP\brisc2025\segmentation_task\test\masks\brisc2025_test_00103_gl_co_t1.png
brisc2025_test_00104_gl_co_t1.jpg,glioma,glioma,True,coronal,glioma,0,1164,111,79,False,4905.6669921875,385.76593017578125,0.07863679511677642,0.1245593419506463,0.03950617283950617,0.0,D:\MSC Bioinformatics\INTERNSHIP\BrainTumor\data\processed\classification_224_rgb\test\glioma\brisc2025_test_00104_gl_co_t1.png,D:\MSC Bioinformatics\INTERNSHIP\brisc2025\segmentation_task\test\masks\brisc2025_test_00104_gl_co_t1.png
brisc2025_test_00105_gl_co_t1.jpg,glioma,glioma,True,coronal,glioma,0,351,111,80,False,9868.755859375,218.0361328125,0.022093578554319256,0.025112685125563427,0.07196339434276207,0.008894536213468869,D:\MSC Bioinformatics\INTERNSHIP\BrainTumor\data\processed\classification_224_rgb\test\glioma\brisc2025_test_00105_gl_co_t1.png,D:\MSC Bioinformatics\INTERNSHIP\brisc2025\segmentation_task\test\masks\brisc2025_test_00105_gl_co_t1.png
brisc2025_test_00106_gl_co_t1.jpg,glioma,glioma,True,coronal,glioma,0,1944,111,80,False,9304.1396484375,1274.052978515625,0.136933991390551,0.1555135889646112,0.19534118242815546,0.18330308529945555,D:\MSC Bioinformatics\INTERNSHIP\BrainTumor\data\processed\classification_224_rgb\test\glioma\brisc2025_test_00106_gl_co_t1.png,D:\MSC Bioinformatics\INTERNSHIP\brisc2025\segmentation_task\test\masks\brisc2025_test_00106_gl_co_t1.png
brisc2025_test_00107_gl_co_t1.jpg,glioma,glioma,True,coronal,glioma,0,2167,111,80,False,4692.10791015625,405.2391357421875,0.08636611593374305,0.06381381381381382,0.025338253382533826,0.0,D:\MSC Bioinformatics\INTERNSHIP\BrainTumor\data\processed\classification_224_rgb\test\glioma\brisc2025_test_00107_gl_co_t1.png,D:\MSC Bioinformatics\INTERNSHIP\brisc2025\segmentation_task\test\masks\brisc2025_test_00107_gl_co_t1.png
brisc2025_test_00108_gl_co_t1.jpg,glioma,glioma,True,coronal,glioma,0,858,80,80,False,14831.9326171875,572.4291381835938,0.03859437289515818,0.039764564119201,0.061357494833889685,0.08210376011423132,D:\MSC Bioinformatics\INTERNSHIP\BrainTumor\data\processed\classification_224_rgb\test\glioma\brisc2025_test_00108_gl_co_t1.png,D:\MSC Bioinformatics\INTERNSHIP\brisc2025\segmentation_task\test\masks\brisc2025_test_00108_gl_co_t1.png
brisc2025_test_00109_gl_co_t1.jpg,glioma,glioma,True,coronal,glioma,0,708,112,175,False,9674.33203125,352.9320068359375,0.03648127908943972,0.05404561074664167,0.07402511566424323,0.011142061281337047,D:\MSC Bioinformatics\INTERNSHIP\BrainTumor\data\processed\classification_224_rgb\test\glioma\brisc2025_test_00109_gl_co_t1.png,D:\MSC Bioinformatics\INTERNSHIP\brisc2025\segmentation_task\test\masks\brisc2025_test_00109_gl_co_t1.png
brisc2025_test_00110_gl_co_t1.jpg,glioma,glioma,True,coronal,glioma,0,1201,143,208,False,10567.5400390625,44.23096466064453,0.004185549758708885,0.0,0.0,0.0,D:\MSC Bioinformatics\INTERNSHIP\BrainTumor\data\processed\classification_224_rgb\test\glioma\brisc2025_test_00110_gl_co_t1.png,D:\MSC Bioinformatics\INTERNSHIP\brisc2025\segmentation_task\test\masks\brisc2025_test_00110_gl_co_t1.png
brisc2025_test_00111_gl_co_t1.jpg,glioma,glioma,True,coronal,glioma,0,214,111,175,False,13311.048828125,167.97433471679688,0.01261916599403368,0.011177853225385219,0.01882974043114826,0.0470639982405982,D:\MSC Bioinformatics\INTERNSHIP\BrainTumor\data\processed\classification_224_rgb\test\glioma\brisc2025_test_00111_gl_co_t1.png,D:\MSC Bioinformatics\INTERNSHIP\brisc2025\segmentation_task\test\masks\brisc2025_test_00111_gl_co_t1.png
brisc2025_test_00112_gl_co_t1.jpg,glioma,glioma,True,coronal,glioma,0,260,79,80,False,10822.892578125,22.922306060791016,0.0021179463711134944,0.0,0.0,0.0,D:\MSC Bioinformatics\INTERNSHIP\BrainTumor\data\processed\classification_224_rgb\test\glioma\brisc2025_test_00112_gl_co_t1.png,D:\MSC Bioinformatics\INTERNSHIP\brisc2025\segmentation_task\test\masks\brisc2025_test_00112_gl_co_t1.png
brisc2025_test_00113_gl_co_t1.jpg,glioma,glioma,True,coronal,glioma,0,731,111,176,False,9935.4931640625,275.1961669921875,0.02769828960152625,0.03454021147068247,0.010131004366812227,0.0,D:\MSC Bioinformatics\INTERNSHIP\BrainTumor\data\processed\classification_224_rgb\test\glioma\brisc2025_test_00113_gl_co_t1.png,D:\MSC Bioinformatics\INTERNSHIP\brisc2025\segmentation_task\test\masks\brisc2025_test_00113_gl_co_t1.png
brisc2025_test_00114_gl_co_t1.jpg,glioma,glioma,True,coronal,glioma,0,1719,79,79,True,8311.0009765625,1022.7772216796875,0.12306306118408336,0.12331596910364649,0.14362258233141662,0.15787168819794176,D:\MSC Bioinformatics\INTERNSHIP\BrainTumor\data\processed\classification_224_rgb\test\glioma\brisc2025_test_00114_gl_co_t1.png,D:\MSC Bioinformatics\INTERNSHIP\brisc2025\segmentation_task\test\masks\brisc2025_test_00114_gl_co_t1.png
brisc2025_test_00115_gl_co_t1.jpg,glioma,glioma,True,coronal,glioma,0,396,112,48,False,7115.43359375,166.5657501220703,0.023409079422563518,0.040887113727138956,0.010332950631458095,0.0,D:\MSC Bioinformatics\INTERNSHIP\BrainTumor\data\processed\classification_224_rgb\test\glioma\brisc2025_test_00115_gl_co_t1.png,D:\MSC Bioinformatics\INTERNSHIP\brisc2025\segmentation_task\test\masks\brisc2025_test_00115_gl_co_t1.png
brisc2025_test_00116_gl_co_t1.jpg,glioma,glioma,True,coronal,glioma,0,331,112,176,False,7013.3623046875,72.48017883300781,0.010334583568364128,0.00042817383857846286,0.0,0.0,D:\MSC Bioinformatics\INTERNSHIP\BrainTumor\data\processed\classification_224_rgb\test\glioma\brisc2025_test_00116_gl_co_t1.png,D:\MSC Bioinformatics\INTERNSHIP\brisc2025\segmentation_task\test\masks\brisc2025_test_00116_gl_co_t1.png
brisc2025_test_00117_gl_co_t1.jpg,glioma,glioma,True,coronal,glioma,0,596,144,176,False,9842.48828125,231.11715698242188,0.023481578070324093,0.04719026179756545,0.0,0.0,D:\MSC Bioinformatics\INTERNSHIP\BrainTumor\data\processed\classification_224_rgb\test\glioma\brisc2025_test_00117_gl_co_t1.png,D:\MSC Bioinformatics\INTERNSHIP\brisc2025\segmentation_task\test\masks\brisc2025_test_00117_gl_co_t1.png
brisc2025_test_00118_gl_co_t1.jpg,glioma,glioma,True,coronal,glioma,0,596,0,47,False,7037.3642578125,217.65121459960938,0.030927944984229686,0.038416390993490555,0.02160447197461852,0.0068541715906405105,D:\MSC Bioinformatics\INTERNSHIP\BrainTumor\data\processed\classification_224_rgb\test\glioma\brisc2025_test_00118_gl_co_t1.png,D:\MSC Bioinformatics\INTERNSHIP\brisc2025\segmentation_task\test\masks\brisc2025_test_00118_gl_co_t1.png
brisc2025_test_00119_gl_co_t1.jpg,glioma,glioma,True,coronal,glioma,0,933,143,111,False,3377.91455078125,117.86571502685547,0.03489304221730395,0.005062680810028929,0.0,0.0,D:\MSC Bioinformatics\INTERNSHIP\BrainTumor\data\processed\classification_224_rgb\test\glioma\brisc2025_test_00119_gl_co_t1.png,D:\MSC Bioinformatics\INTERNSHIP\brisc2025\segmentation_task\test\masks\brisc2025_test_00119_gl_co_t1.png
brisc2025_test_00120_gl_co_t1.jpg,glioma,glioma,True,coronal,glioma,0,498,111,111,False,14621.2548828125,384.77227783203125,0.02631595447285012,0.021702183291933585,0.04810664605873261,0.11060402684563758,D:\MSC Bioinformatics\INTERNSHIP\BrainTumor\data\processed\classification_224_rgb\test\glioma\brisc2025_test_00120_gl_co_t1.png,D:\MSC Bioinformatics\INTERNSHIP\brisc2025\segmentation_task\test\masks\brisc2025_test_00120_gl_co_t1.png
brisc2025_test_00121_gl_co_t1.jpg,glioma,glioma,True,coronal,glioma,0,1665,111,47,False,6863.9814453125,208.99087524414062,0.030447470889779744,0.0009596928982725527,0.0,0.0,D:\MSC Bioinformatics\INTERNSHIP\BrainTumor\data\processed\classification_224_rgb\test\glioma\brisc2025_test_00121_gl_co_t1.png,D:\MSC Bioinformatics\INTERNSHIP\brisc2025\segmentation_task\test\masks\brisc2025_test_00121_gl_co_t1.png
brisc2025_test_00122_gl_co_t1.jpg,glioma,glioma,True,coronal,glioma,0,665,143,80,True,9121.201171875,402.4046325683594,0.044117504370933536,0.05110274341043572,0.13671599718111346,0.1345093715545755,D:\MSC Bioinformatics\INTERNSHIP\BrainTumor\data\processed\classification_224_rgb\test\glioma\brisc2025_test_00122_gl_co_t1.png,D:\MSC Bioinformatics\INTERNSHIP\brisc2025\segmentation_task\test\masks\brisc2025_test_00122_gl_co_t1.png
brisc2025_test_00123_gl_co_t1.jpg,glioma,glioma,True,coronal,glioma,0,736,112,48,False,5581.2900390625,264.9264831542969,0.047466890503830024,0.048051948051948054,0.04123473853950703,0.005973715651135006,D:\MSC Bioinformatics\INTERNSHIP\BrainTumor\data\processed\classification_224_rgb\test\glioma\brisc2025_test_00123_gl_co_t1.png,D:\MSC Bioinformatics\INTERNSHIP\brisc2025\segmentation_task\test\masks\brisc2025_test_00123_gl_co_t1.png
brisc2025_test_00124_gl_co_t1.jpg,glioma,glioma,True,coronal,glioma,0,637,111,79,False,7988.8212890625,352.1221923828125,0.04407686436357053,0.05818945829907737,0.1646875,0.0,D:\MSC Bioinformatics\INTERNSHIP\BrainTumor\data\processed\classification_224_rgb\test\glioma\brisc2025_test_00124_gl_co_t1.png,D:\MSC Bioinformatics\INTERNSHIP\brisc2025\segmentation_task\test\masks\brisc2025_test_00124_gl_co_t1.png
brisc2025_test_00125_gl_co_t1.jpg,glioma,glioma,True,coronal,glioma,0,494,111,80,False,7816.05810546875,302.71173095703125,0.03872946271282573,0.05509703323667187,0.1457227138643068,0.014510278113663845,D:\MSC Bioinformatics\INTERNSHIP\BrainTumor\data\processed\classification_224_rgb\test\glioma\brisc2025_test_00125_gl_co_t1.png,D:\MSC Bioinformatics\INTERNSHIP\brisc2025\segmentation_task\test\masks\brisc2025_test_00125_gl_co_t1.png
brisc2025_test_00126_gl_co_t1.jpg,glioma,glioma,True,coronal,glioma,0,536,111,208,False,9544.015625,3.4631147384643555,0.0003628571949728294,0.0,0.0,0.0,D:\MSC Bioinformatics\INTERNSHIP\BrainTumor\data\processed\classification_224_rgb\test\glioma\brisc2025_test_00126_gl_co_t1.png,D:\MSC Bioinformatics\INTERNSHIP\brisc2025\segmentation_task\test\masks\brisc2025_test_00126_gl_co_t1.png
brisc2025_test_00127_gl_co_t1.jpg,glioma,glioma,True,coronal,glioma,0,605,80,144,False,10735.8525390625,0.045022714883089066,4.193678584842098e-06,0.0,0.0,0.0,D:\MSC Bioinformatics\INTERNSHIP\BrainTumor\data\processed\classification_224_rgb\test\glioma\brisc2025_test_00127_gl_co_t1.png,D:\MSC Bioinformatics\INTERNSHIP\brisc2025\segmentation_task\test\masks\brisc2025_test_00127_gl_co_t1.png
brisc2025_test_00128_gl_co_t1.jpg,glioma,glioma,True,coronal,glioma,0,439,111,80,False,7449.76806640625,129.821044921875,0.017426186126154174,0.018717683557394,0.001049317943336831,0.0,D:\MSC Bioinformatics\INTERNSHIP\BrainTumor\data\processed\classification_224_rgb\test\glioma\brisc2025_test_00128_gl_co_t1.png,D:\MSC Bioinformatics\INTERNSHIP\brisc2025\segmentation_task\test\masks\brisc2025_test_00128_gl_co_t1.png
brisc2025_test_00129_gl_co_t1.jpg,glioma,glioma,True,coronal,glioma,0,589,112,79,False,9070.544921875,397.2412109375,0.04379463575330434,0.051517536954430156,0.09366966580976864,0.10999581764951903,D:\MSC Bioinformatics\INTERNSHIP\BrainTumor\data\processed\classification_224_rgb\test\glioma\brisc2025_test_00129_gl_co_t1.png,D:\MSC Bioinformatics\INTERNSHIP\brisc2025\segmentation_task\test\masks\brisc2025_test_00129_gl_co_t1.png
brisc2025_test_00130_gl_co_t1.jpg,glioma,glioma,True,coronal,glioma,0,1449,112,48,False,880.7654418945312,39.59268569946289,0.04495258762003514,0.0,0.0,0.0,D:\MSC Bioinformatics\INTERNSHIP\BrainTumor\data\processed\classification_224_rgb\test\glioma\brisc2025_test_00130_gl_co_t1.png,D:\MSC Bioinformatics\INTERNSHIP\brisc2025\segmentation_task\test\masks\brisc2025_test_00130_gl_co_t1.png
brisc2025_test_00131_gl_co_t1.jpg,glioma,glioma,True,coronal,glioma,0,469,112,79,False,9955.8427734375,212.17041015625,0.02131114512197072,0.028716760028330436,0.039301310043668124,0.0,D:\MSC Bioinformatics\INTERNSHIP\BrainTumor\data\processed\classification_224_rgb\test\glioma\brisc2025_test_00131_gl_co_t1.png,D:\MSC Bioinformatics\INTERNSHIP\brisc2025\segmentation_task\test\masks\brisc2025_test_00131_gl_co_t1.png
brisc2025_test_00132_gl_co_t1.jpg,glioma,glioma,True,coronal,glioma,0,618,112,111,False,6960.1259765625,212.4307861328125,0.030521112239656447,0.09125156969443282,0.0,0.0,D:\MSC Bioinformatics\INTERNSHIP\BrainTumor\data\processed\classification_224_rgb\test\glioma\brisc2025_test_00132_gl_co_t1.png,D:\MSC Bioinformatics\INTERNSHIP\brisc2025\segmentation_task\test\masks\brisc2025_test_00132_gl_co_t1.png
brisc2025_test_00133_gl_co_t1.jpg,glioma,glioma,True,coronal,glioma,0,601,48,111,False,8792.3544921875,393.6226501464844,0.04476874203562199,0.051627867021733526,0.10474032764029279,0.03180011357183418,D:\MSC Bioinformatics\INTERNSHIP\BrainTumor\data\processed\classification_224_rgb\test\glioma\brisc2025_test_00133_gl_co_t1.png,D:\MSC Bioinformatics\INTERNSHIP\brisc2025\segmentation_task\test\masks\brisc2025_test_00133_gl_co_t1.png
brisc2025_test_00134_gl_co_t1.jpg,glioma,glioma,True,coronal,glioma,0,2557,80,80,False,14656.8291015625,1010.9932250976562,0.06897762251931278,0.08495524932518823,0.05032258064516129,0.0015094339622641509,D:\MSC Bioinformatics\INTERNSHIP\BrainTumor\data\processed\classification_224_rgb\test\glioma\brisc2025_test_00134_gl_co_t1.png,D:\MSC Bioinformatics\INTERNSHIP\brisc2025\segmentation_task\test\masks\brisc2025_test_00134_gl_co_t1.png
brisc2025_test_00135_gl_co_t1.jpg,glioma,glioma,True,coronal,glioma,0,496,111,112,False,11561.388671875,32.545021057128906,0.002814975084809672,0.0,0.0,0.0,D:\MSC Bioinformatics\INTERNSHIP\BrainTumor\data\processed\classification_224_rgb\test\glioma\brisc2025_test_00135_gl_co_t1.png,D:\MSC Bioinformatics\INTERNSHIP\brisc2025\segmentation_task\test\masks\brisc2025_test_00135_gl_co_t1.png
brisc2025_test_00136_gl_co_t1.jpg,glioma,glioma,True,coronal,glioma,0,785,80,111,False,8599.0322265625,374.7555847167969,0.04358113504438011,0.08081120032942145,0.08105777522276517,0.0,D:\MSC Bioinformatics\INTERNSHIP\BrainTumor\data\processed\classification_224_rgb\test\glioma\brisc2025_test_00136_gl_co_t1.png,D:\MSC Bioinformatics\INTERNSHIP\brisc2025\segmentation_task\test\masks\brisc2025_test_00136_gl_co_t1.png
brisc2025_test_00137_gl_co_t1.jpg,glioma,glioma,True,coronal,glioma,0,621,111,208,False,9276.3896484375,74.85786437988281,0.008069719709595398,0.0,0.0,0.0,D:\MSC Bioinformatics\INTERNSHIP\BrainTumor\data\processed\classification_224_rgb\test\glioma\brisc2025_test_00137_gl_co_t1.png,D:\MSC Bioinformatics\INTERNSHIP\brisc2025\segmentation_task\test\masks\brisc2025_test_00137_gl_co_t1.png
brisc2025_test_00138_gl_co_t1.jpg,glioma,glioma,True,coronal,glioma,0,1461,112,80,False,4647.9052734375,379.1573791503906,0.08157596957004531,0.10277275467148884,0.0,0.0,D:\MSC Bioinformatics\INTERNSHIP\BrainTumor\data\processed\classification_224_rgb\test\glioma\brisc2025_test_00138_gl_co_t1.png,D:\MSC Bioinformatics\INTERNSHIP\brisc2025\segmentation_task\test\masks\brisc2025_test_00138_gl_co_t1.png
brisc2025_test_00139_gl_co_t1.jpg,glioma,glioma,True,coronal,glioma,0,429,111,79,False,4569.37353515625,95.43594360351562,0.020886001739459936,0.0,0.0,0.0,D:\MSC Bioinformatics\INTERNSHIP\BrainTumor\data\processed\classification_224_rgb\test\glioma\brisc2025_test_00139_gl_co_t1.png,D:\MSC Bioinformatics\INTERNSHIP\brisc2025\segmentation_task\test\masks\brisc2025_test_00139_gl_co_t1.png
brisc2025_test_00140_gl_co_t1.jpg,glioma,glioma,True,coronal,glioma,0,178,111,80,False,4115.99658203125,47.299652099609375,0.011491664571856115,0.0,0.0,0.0,D:\MSC Bioinformatics\INTERNSHIP\BrainTumor\data\processed\classification_224_rgb\test\glioma\brisc2025_test_00140_gl_co_t1.png,D:\MSC Bioinformatics\INTERNSHIP\brisc2025\segmentation_task\test\masks\brisc2025_test_00140_gl_co_t1.png
brisc2025_test_00141_gl_co_t1.jpg,glioma,glioma,True,coronal,glioma,0,712,143,176,False,398.6460266113281,0.0026135514490306377,6.556070485003975e-06,0.0,0.0,0.0,D:\MSC Bioinformatics\INTERNSHIP\BrainTumor\data\processed\classification_224_rgb\test\glioma\brisc2025_test_00141_gl_co_t1.png,D:\MSC Bioinformatics\INTERNSHIP\brisc2025\segmentation_task\test\masks\brisc2025_test_00141_gl_co_t1.png
brisc2025_test_00142_gl_co_t1.jpg,glioma,glioma,True,coronal,glioma,0,159,112,79,False,9863.8583984375,29.33955955505371,0.0029744506023830684,0.0,0.0,0.0,D:\MSC Bioinformatics\INTERNSHIP\BrainTumor\data\processed\classification_224_rgb\test\glioma\brisc2025_test_00142_gl_co_t1.png,D:\MSC Bioinformatics\INTERNSHIP\brisc2025\segmentation_task\test\masks\brisc2025_test_00142_gl_co_t1.png
brisc2025_test_00143_gl_co_t1.jpg,glioma,glioma,True,coronal,glioma,0,572,0,47,False,6009.16552734375,17.25200653076172,0.002870948795179499,0.0,0.0,0.0,D:\MSC Bioinformatics\INTERNSHIP\BrainTumor\data\processed\classification_224_rgb\test\glioma\brisc2025_test_00143_gl_co_t1.png,D:\MSC Bioinformatics\INTERNSHIP\brisc2025\segmentation_task\test\masks\brisc2025_test_00143_gl_co_t1.png
brisc2025_test_00144_gl_co_t1.jpg,glioma,glioma,True,coronal,glioma,0,97,208,208,False,7302.1630859375,1.850259780883789,0.00025338516260298513,0.0,0.0,0.0,D:\MSC Bioinformatics\INTERNSHIP\BrainTumor\data\processed\classification_224_rgb\test\glioma\brisc2025_test_00144_gl_co_t1.png,D:\MSC Bioinformatics\INTERNSHIP\brisc2025\segmentation_task\test\masks\brisc2025_test_00144_gl_co_t1.png
brisc2025_test_00145_gl_co_t1.jpg,glioma,glioma,True,coronal,glioma,0,722,143,176,False,8176.69140625,130.09857177734375,0.01591090641844458,0.015513833992094862,0.0,0.0,D:\MSC Bioinformatics\INTERNSHIP\BrainTumor\data\processed\classification_224_rgb\test\glioma\brisc2025_test_00145_gl_co_t1.png,D:\MSC Bioinformatics\INTERNSHIP\brisc2025\segmentation_task\test\masks\brisc2025_test_00145_gl_co_t1.png
brisc2025_test_00146_gl_co_t1.jpg,glioma,meningioma,False,coronal,meningioma,1,176,0,175,False,12952.0673828125,48.41401672363281,0.003737937372676011,0.0032506062638666734,0.0,0.0,D:\MSC Bioinformatics\INTERNSHIP\BrainTumor\data\processed\classification_224_rgb\test\glioma\brisc2025_test_00146_gl_co_t1.png,D:\MSC Bioinformatics\INTERNSHIP\brisc2025\segmentation_task\test\masks\brisc2025_test_00146_gl_co_t1.png
brisc2025_test_00147_gl_co_t1.jpg,glioma,glioma,True,coronal,glioma,0,746,47,111,False,9008.51953125,140.83016967773438,0.015632998206775616,0.015973561002478657,0.0020920502092050207,0.0,D:\MSC Bioinformatics\INTERNSHIP\BrainTumor\data\processed\classification_224_rgb\test\glioma\brisc2025_test_00147_gl_co_t1.png,D:\MSC Bioinformatics\INTERNSHIP\brisc2025\segmentation_task\test\masks\brisc2025_test_00147_gl_co_t1.png
brisc2025_test_00148_gl_co_t1.jpg,glioma,glioma,True,coronal,glioma,0,478,79,79,False,9657.30859375,274.6303405761719,0.02843756497062822,0.03861539717527961,0.05368589743589743,0.030745341614906833,D:\MSC Bioinformatics\INTERNSHIP\BrainTumor\data\processed\classification_224_rgb\test\glioma\brisc2025_test_00148_gl_co_t1.png,D:\MSC Bioinformatics\INTERNSHIP\brisc2025\segmentation_task\test\masks\brisc2025_test_00148_gl_co_t1.png
brisc2025_test_00149_gl_co_t1.jpg,glioma,glioma,True,coronal,glioma,0,349,47,176,False,14235.4814453125,1.3498865365982056,9.482549232942873e-05,0.0,0.0,0.0,D:\MSC Bioinformatics\INTERNSHIP\BrainTumor\data\processed\classification_224_rgb\test\glioma\brisc2025_test_00149_gl_co_t1.png,D:\MSC Bioinformatics\INTERNSHIP\brisc2025\segmentation_task\test\masks\brisc2025_test_00149_gl_co_t1.png
brisc2025_test_00150_gl_co_t1.jpg,glioma,glioma,True,coronal,glioma,0,456,80,112,False,10564.7373046875,183.40968322753906,0.017360553124795775,0.02044548958129205,0.021883382747423408,0.0,D:\MSC Bioinformatics\INTERNSHIP\BrainTumor\data\processed\classification_224_rgb\test\glioma\brisc2025_test_00150_gl_co_t1.png,D:\MSC Bioinformatics\INTERNSHIP\brisc2025\segmentation_task\test\masks\brisc2025_test_00150_gl_co_t1.png
brisc2025_test_00151_gl_co_t1.jpg,glioma,meningioma,False,coronal,meningioma,1,741,175,111,False,7230.50927734375,351.2186279296875,0.04857453527239144,0.06855934762911507,0.06638607231681654,0.0004027386226339106,D:\MSC Bioinformatics\INTERNSHIP\BrainTumor\data\processed\classification_224_rgb\test\glioma\brisc2025_test_00151_gl_co_t1.png,D:\MSC Bioinformatics\INTERNSHIP\brisc2025\segmentation_task\test\masks\brisc2025_test_00151_gl_co_t1.png
brisc2025_test_00152_gl_co_t1.jpg,glioma,glioma,True,coronal,glioma,0,1567,111,112,False,9722.1201171875,970.5130615234375,0.09982524900177803,0.12608625683939492,0.2154136628904909,0.1510454217736121,D:\MSC Bioinformatics\INTERNSHIP\BrainTumor\data\processed\classification_224_rgb\test\glioma\brisc2025_test_00152_gl_co_t1.png,D:\MSC Bioinformatics\INTERNSHIP\brisc2025\segmentation_task\test\masks\brisc2025_test_00152_gl_co_t1.png
brisc2025_test_00153_gl_co_t1.jpg,glioma,glioma,True,coronal,glioma,0,901,143,176,False,13092.0087890625,261.541748046875,0.019977205351815505,0.020754716981132074,0.005000531971486328,0.0,D:\MSC Bioinformatics\INTERNSHIP\BrainTumor\data\processed\classification_224_rgb\test\glioma\brisc2025_test_00153_gl_co_t1.png,D:\MSC Bioinformatics\INTERNSHIP\brisc2025\segmentation_task\test\masks\brisc2025_test_00153_gl_co_t1.png
brisc2025_test_00154_gl_co_t1.jpg,glioma,glioma,True,coronal,glioma,0,1099,111,0,False,12492.4326171875,233.74993896484375,0.01871132277657779,0.014587737843551798,0.0022271714922048997,0.0,D:\MSC Bioinformatics\INTERNSHIP\BrainTumor\data\processed\classification_224_rgb\test\glioma\brisc2025_test_00154_gl_co_t1.png,D:\MSC Bioinformatics\INTERNSHIP\brisc2025\segmentation_task\test\masks\brisc2025_test_00154_gl_co_t1.png
brisc2025_test_00155_gl_co_t1.jpg,glioma,glioma,True,coronal,glioma,0,3494,111,176,False,7978.2939453125,623.78271484375,0.0781849752740988,0.061672559822383025,0.013794009458749344,0.0,D:\MSC Bioinformatics\INTERNSHIP\BrainTumor\data\processed\classification_224_rgb\test\glioma\brisc2025_test_00155_gl_co_t1.png,D:\MSC Bioinformatics\INTERNSHIP\brisc2025\segmentation_task\test\masks\brisc2025_test_00155_gl_co_t1.png
brisc2025_test_00156_gl_co_t1.jpg,glioma,glioma,True,coronal,glioma,0,1566,111,0,False,9119.4384765625,163.64784240722656,0.017944947249527617,0.0063173541434411,0.0,0.0,D:\MSC Bioinformatics\INTERNSHIP\BrainTumor\data\processed\classification_224_rgb\test\glioma\brisc2025_test_00156_gl_co_t1.png,D:\MSC Bioinformatics\INTERNSHIP\brisc2025\segmentation_task\test\masks\brisc2025_test_00156_gl_co_t1.png
brisc2025_test_00157_gl_co_t1.jpg,glioma,glioma,True,coronal,glioma,0,3175,80,208,False,14869.7509765625,427.96502685546875,0.028780914188140837,0.009026907960091564,0.0,0.0,D:\MSC Bioinformatics\INTERNSHIP\BrainTumor\data\processed\classification_224_rgb\test\glioma\brisc2025_test_00157_gl_co_t1.png,D:\MSC Bioinformatics\INTERNSHIP\brisc2025\segmentation_task\test\masks\brisc2025_test_00157_gl_co_t1.png
brisc2025_test_00158_gl_co_t1.jpg,glioma,meningioma,False,coronal,meningioma,1,2443,47,208,False,12678.306640625,1019.4610595703125,0.08040987558256883,0.09759844334067284,0.06116491028197095,0.0,D:\MSC Bioinformatics\INTERNSHIP\BrainTumor\data\processed\classification_224_rgb\test\glioma\brisc2025_test_00158_gl_co_t1.png,D:\MSC Bioinformatics\INTERNSHIP\brisc2025\segmentation_task\test\masks\brisc2025_test_00158_gl_co_t1.png
brisc2025_test_00159_gl_co_t1.jpg,glioma,glioma,True,coronal,glioma,0,1088,208,175,False,10482.0048828125,42.42393493652344,0.0040473111213758925,0.00015573089700996677,0.0,0.0,D:\MSC Bioinformatics\INTERNSHIP\BrainTumor\data\processed\classification_224_rgb\test\glioma\brisc2025_test_00159_gl_co_t1.png,D:\MSC Bioinformatics\INTERNSHIP\brisc2025\segmentation_task\test\masks\brisc2025_test_00159_gl_co_t1.png
brisc2025_test_00160_gl_co_t1.jpg,glioma,meningioma,False,coronal,meningioma,1,1582,176,111,False,5689.46728515625,4.979458332061768,0.0008752064266285725,0.0,0.0,0.0,D:\MSC Bioinformatics\INTERNSHIP\BrainTumor\data\processed\classification_224_rgb\test\glioma\brisc2025_test_00160_gl_co_t1.png,D:\MSC Bioinformatics\INTERNSHIP\brisc2025\segmentation_task\test\masks\brisc2025_test_00160_gl_co_t1.png
brisc2025_test_00161_gl_co_t1.jpg,glioma,glioma,True,coronal,glioma,0,2044,111,143,False,13872.697265625,1530.464111328125,0.11032202909238456,0.10914139256727894,0.1863943096844793,0.261567679558011,D:\MSC Bioinformatics\INTERNSHIP\BrainTumor\data\processed\classification_224_rgb\test\glioma\brisc2025_test_00161_gl_co_t1.png,D:\MSC Bioinformatics\INTERNSHIP\brisc2025\segmentation_task\test\masks\brisc2025_test_00161_gl_co_t1.png
brisc2025_test_00162_gl_co_t1.jpg,glioma,glioma,True,coronal,glioma,0,814,111,79,False,14732.181640625,264.46875,0.017951770922421246,0.019101012105576503,0.01386050644158152,0.0033958602846054335,D:\MSC Bioinformatics\INTERNSHIP\BrainTumor\data\processed\classification_224_rgb\test\glioma\brisc2025_test_00162_gl_co_t1.png,D:\MSC Bioinformatics\INTERNSHIP\brisc2025\segmentation_task\test\masks\brisc2025_test_00162_gl_co_t1.png
brisc2025_test_00163_gl_co_t1.jpg,glioma,glioma,True,coronal,glioma,0,649,143,111,False,19173.74609375,367.37896728515625,0.019160521135977153,0.021419848839895707,0.03396180065098569,0.0,D:\MSC Bioinformatics\INTERNSHIP\BrainTumor\data\processed\classification_224_rgb\test\glioma\brisc2025_test_00163_gl_co_t1.png,D:\MSC Bioinformatics\INTERNSHIP\brisc2025\segmentation_task\test\masks\brisc2025_test_00163_gl_co_t1.png
brisc2025_test_00164_gl_co_t1.jpg,glioma,meningioma,False,coronal,meningioma,1,2339,112,80,True,7081.357421875,1136.738525390625,0.16052551194198014,0.17142857142857143,0.2485079971353545,0.19801641586867305,D:\MSC Bioinformatics\INTERNSHIP\BrainTumor\data\processed\classification_224_rgb\test\glioma\brisc2025_test_00164_gl_co_t1.png,D:\MSC Bioinformatics\INTERNSHIP\brisc2025\segmentation_task\test\masks\brisc2025_test_00164_gl_co_t1.png
brisc2025_test_00165_gl_co_t1.jpg,glioma,meningioma,False,coronal,meningioma,1,2380,112,111,False,7975.3125,1868.01220703125,0.23422432751459582,0.21984112322187327,0.31336793379155564,0.3800587836310197,D:\MSC Bioinformatics\INTERNSHIP\BrainTumor\data\processed\classification_224_rgb\test\glioma\brisc2025_test_00165_gl_co_t1.png,D:\MSC Bioinformatics\INTERNSHIP\brisc2025\segmentation_task\test\masks\brisc2025_test_00165_gl_co_t1.png
brisc2025_test_00166_gl_co_t1.jpg,glioma,meningioma,False,coronal,meningioma,1,932,111,79,False,6873.2900390625,390.20281982421875,0.05677089393967164,0.07442249398975645,0.05066487123379902,0.0,D:\MSC Bioinformatics\INTERNSHIP\BrainTumor\data\processed\classification_224_rgb\test\glioma\brisc2025_test_00166_gl_co_t1.png,D:\MSC Bioinformatics\INTERNSHIP\brisc2025\segmentation_task\test\masks\brisc2025_test_00166_gl_co_t1.png
brisc2025_test_00167_gl_sa_t1.jpg,glioma,glioma,True,sagittal,glioma,0,704,47,79,False,10707.4658203125,317.4164123535156,0.029644401175800507,0.042668071376835454,0.026519106285237,0.0,D:\MSC Bioinformatics\INTERNSHIP\BrainTumor\data\processed\classification_224_rgb\test\glioma\brisc2025_test_00167_gl_sa_t1.png,D:\MSC Bioinformatics\INTERNSHIP\brisc2025\segmentation_task\test\masks\brisc2025_test_00167_gl_sa_t1.png
brisc2025_test_00168_gl_sa_t1.jpg,glioma,glioma,True,sagittal,glioma,0,2611,111,111,True,9263.82421875,1613.8951416015625,0.1742147846820145,0.2023420696247909,0.2448733413751508,0.14749861546981724,D:\MSC Bioinformatics\INTERNSHIP\BrainTumor\data\processed\classification_224_rgb\test\glioma\brisc2025_test_00168_gl_sa_t1.png,D:\MSC Bioinformatics\INTERNSHIP\brisc2025\segmentation_task\test\masks\brisc2025_test_00168_gl_sa_t1.png
brisc2025_test_00169_gl_sa_t1.jpg,glioma,glioma,True,sagittal,glioma,0,2512,144,175,False,8558.763671875,82.42306518554688,0.009630253661098011,0.0001317436269020486,0.0,0.0,D:\MSC Bioinformatics\INTERNSHIP\BrainTumor\data\processed\classification_224_rgb\test\glioma\brisc2025_test_00169_gl_sa_t1.png,D:\MSC Bioinformatics\INTERNSHIP\brisc2025\segmentation_task\test\masks\brisc2025_test_00169_gl_sa_t1.png
brisc2025_test_00170_gl_sa_t1.jpg,glioma,glioma,True,sagittal,glioma,0,1637,112,0,False,2627.187744140625,0.0,0.0,0.0,0.0,0.0,D:\MSC Bioinformatics\INTERNSHIP\BrainTumor\data\processed\classification_224_rgb\test\glioma\brisc2025_test_00170_gl_sa_t1.png,D:\MSC Bioinformatics\INTERNSHIP\brisc2025\segmentation_task\test\masks\brisc2025_test_00170_gl_sa_t1.png
brisc2025_test_00171_gl_sa_t1.jpg,glioma,glioma,True,sagittal,glioma,0,1564,80,175,False,2433.001708984375,0.006050002295523882,2.486641202586486e-06,0.0,0.0,0.0,D:\MSC Bioinformatics\INTERNSHIP\BrainTumor\data\processed\classification_224_rgb\test\glioma\brisc2025_test_00171_gl_sa_t1.png,D:\MSC Bioinformatics\INTERNSHIP\brisc2025\segmentation_task\test\masks\brisc2025_test_00171_gl_sa_t1.png
brisc2025_test_00172_gl_sa_t1.jpg,glioma,glioma,True,sagittal,glioma,0,1479,208,176,False,6.327150821685791,0.04296492785215378,0.0067905648313131735,0.0,0.0,0.0,D:\MSC Bioinformatics\INTERNSHIP\BrainTumor\data\processed\classification_224_rgb\test\glioma\brisc2025_test_00172_gl_sa_t1.png,D:\MSC Bioinformatics\INTERNSHIP\brisc2025\segmentation_task\test\masks\brisc2025_test_00172_gl_sa_t1.png
brisc2025_test_00173_gl_sa_t1.jpg,glioma,glioma,True,sagittal,glioma,0,202,111,79,False,10303.0732421875,146.96446228027344,0.01426413836198942,0.01358622545063223,0.03396670590213553,0.08712541620421754,D:\MSC Bioinformatics\INTERNSHIP\BrainTumor\data\processed\classification_224_rgb\test\glioma\brisc2025_test_00173_gl_sa_t1.png,D:\MSC Bioinformatics\INTERNSHIP\brisc2025\segmentation_task\test\masks\brisc2025_test_00173_gl_sa_t1.png
brisc2025_test_00174_gl_sa_t1.jpg,glioma,glioma,True,sagittal,glioma,0,268,111,80,False,13920.7353515625,203.0172882080078,0.014583804883929541,0.013626887679869833,0.021994255231842428,0.05082495732979329,D:\MSC Bioinformatics\INTERNSHIP\BrainTumor\data\processed\classification_224_rgb\test\glioma\brisc2025_test_00174_gl_sa_t1.png,D:\MSC Bioinformatics\INTERNSHIP\brisc2025\segmentation_task\test\masks\brisc2025_test_00174_gl_sa_t1.png
brisc2025_test_00175_gl_sa_t1.jpg,glioma,glioma,True,sagittal,glioma,0,600,47,48,False,5805.76416015625,280.54266357421875,0.04832140194386893,0.08006405124099279,0.04792408066429419,0.0018948365703458077,D:\MSC Bioinformatics\INTERNSHIP\BrainTumor\data\processed\classification_224_rgb\test\glioma\brisc2025_test_00175_gl_sa_t1.png,D:\MSC Bioinformatics\INTERNSHIP\brisc2025\segmentation_task\test\masks\brisc2025_test_00175_gl_sa_t1.png
brisc2025_test_00176_gl_sa_t1.jpg,glioma,glioma,True,sagittal,glioma,0,323,79,80,False,10870.76953125,203.5728759765625,0.018726629737789522,0.021963824289405683,0.048835802842455395,0.015992892047978675,D:\MSC Bioinformatics\INTERNSHIP\BrainTumor\data\processed\classification_224_rgb\test\glioma\brisc2025_test_00176_gl_sa_t1.png,D:\MSC Bioinformatics\INTERNSHIP\brisc2025\segmentation_task\test\masks\brisc2025_test_00176_gl_sa_t1.png
brisc2025_test_00177_gl_sa_t1.jpg,glioma,glioma,True,sagittal,glioma,0,1445,175,0,False,11167.4462890625,389.5935974121094,0.034886543201347736,0.036532586558044804,0.010660276010247088,0.0,D:\MSC Bioinformatics\INTERNSHIP\BrainTumor\data\processed\classification_224_rgb\test\glioma\brisc2025_test_00177_gl_sa_t1.png,D:\MSC Bioinformatics\INTERNSHIP\brisc2025\segmentation_task\test\masks\brisc2025_test_00177_gl_sa_t1.png
brisc2025_test_00178_gl_sa_t1.jpg,glioma,glioma,True,sagittal,glioma,0,1073,111,47,False,5883.810546875,44.88629150390625,0.007628779197818697,0.0,0.0,0.0,D:\MSC Bioinformatics\INTERNSHIP\BrainTumor\data\processed\classification_224_rgb\test\glioma\brisc2025_test_00178_gl_sa_t1.png,D:\MSC Bioinformatics\INTERNSHIP\brisc2025\segmentation_task\test\masks\brisc2025_test_00178_gl_sa_t1.png
brisc2025_test_00179_gl_sa_t1.jpg,glioma,glioma,True,sagittal,glioma,0,293,143,0,False,970.9583740234375,0.0,0.0,0.0,0.0,0.0,D:\MSC Bioinformatics\INTERNSHIP\BrainTumor\data\processed\classification_224_rgb\test\glioma\brisc2025_test_00179_gl_sa_t1.png,D:\MSC Bioinformatics\INTERNSHIP\brisc2025\segmentation_task\test\masks\brisc2025_test_00179_gl_sa_t1.png
brisc2025_test_00180_gl_sa_t1.jpg,glioma,glioma,True,sagittal,glioma,0,307,80,80,False,8568.568359375,259.45318603515625,0.030279642427230517,0.027697582100324792,0.03888537048765041,0.05951911706740244,D:\MSC Bioinformatics\INTERNSHIP\BrainTumor\data\processed\classification_224_rgb\test\glioma\brisc2025_test_00180_gl_sa_t1.png,D:\MSC Bioinformatics\INTERNSHIP\brisc2025\segmentation_task\test\masks\brisc2025_test_00180_gl_sa_t1.png
brisc2025_test_00181_gl_sa_t1.jpg,glioma,glioma,True,sagittal,glioma,0,315,80,79,False,13622.505859375,256.8245849609375,0.018852961974260483,0.015188774772168378,0.032764718119409196,0.08431372549019608,D:\MSC Bioinformatics\INTERNSHIP\BrainTumor\data\processed\classification_224_rgb\test\glioma\brisc2025_test_00181_gl_sa_t1.png,D:\MSC Bioinformatics\INTERNSHIP\brisc2025\segmentation_task\test\masks\brisc2025_test_00181_gl_sa_t1.png
brisc2025_test_00182_gl_sa_t1.jpg,glioma,glioma,True,sagittal,glioma,0,556,111,112,False,6712.84033203125,277.29461669921875,0.04130809061196778,0.05042512990080302,0.10095137420718817,0.03367697594501718,D:\MSC Bioinformatics\INTERNSHIP\BrainTumor\data\processed\classification_224_rgb\test\glioma\brisc2025_test_00182_gl_sa_t1.png,D:\MSC Bioinformatics\INTERNSHIP\brisc2025\segmentation_task\test\masks\brisc2025_test_00182_gl_sa_t1.png
brisc2025_test_00183_gl_sa_t1.jpg,glioma,glioma,True,sagittal,glioma,0,1321,80,80,False,9722.580078125,746.3787841796875,0.07676756356668925,0.05910761911626901,0.09603784742755765,0.1751740139211137,D:\MSC Bioinformatics\INTERNSHIP\BrainTumor\data\processed\classification_224_rgb\test\glioma\brisc2025_test_00183_gl_sa_t1.png,D:\MSC Bioinformatics\INTERNSHIP\brisc2025\segmentation_task\test\masks\brisc2025_test_00183_gl_sa_t1.png
brisc2025_test_00184_gl_sa_t1.jpg,glioma,glioma,True,sagittal,glioma,0,2128,112,112,False,9717.814453125,1284.532958984375,0.13218331808869865,0.16880689206762028,0.1861735925784725,0.1525036359858716,D:\MSC Bioinformatics\INTERNSHIP\BrainTumor\data\processed\classification_224_rgb\test\glioma\brisc2025_test_00184_gl_sa_t1.png,D:\MSC Bioinformatics\INTERNSHIP\brisc2025\segmentation_task\test\masks\brisc2025_test_00184_gl_sa_t1.png
brisc2025_test_00185_gl_sa_t1.jpg,glioma,glioma,True,sagittal,glioma,0,1471,208,47,False,3621.25732421875,0.4675702452659607,0.00012911820492260496,0.0,0.0,0.0,D:\MSC Bioinformatics\INTERNSHIP\BrainTumor\data\processed\classification_224_rgb\test\glioma\brisc2025_test_00185_gl_sa_t1.png,D:\MSC Bioinformatics\INTERNSHIP\brisc2025\segmentation_task\test\masks\brisc2025_test_00185_gl_sa_t1.png
brisc2025_test_00186_gl_sa_t1.jpg,glioma,glioma,True,sagittal,glioma,0,1229,111,80,True,7412.3046875,693.747802734375,0.09359407525493399,0.12119360423668397,0.17312371326969866,0.0662729658792651,D:\MSC Bioinformatics\INTERNSHIP\BrainTumor\data\processed\classification_224_rgb\test\glioma\brisc2025_test_00186_gl_sa_t1.png,D:\MSC Bioinformatics\INTERNSHIP\brisc2025\segmentation_task\test\masks\brisc2025_test_00186_gl_sa_t1.png
brisc2025_test_00187_gl_sa_t1.jpg,glioma,glioma,True,sagittal,glioma,0,1251,112,80,True,9127.3466796875,915.1241455078125,0.10026179322676328,0.09595765897062207,0.18169934640522875,0.28459900638750885,D:\MSC Bioinformatics\INTERNSHIP\BrainTumor\data\processed\classification_224_rgb\test\glioma\brisc2025_test_00187_gl_sa_t1.png,D:\MSC Bioinformatics\INTERNSHIP\brisc2025\segmentation_task\test\masks\brisc2025_test_00187_gl_sa_t1.png
brisc2025_test_00188_gl_sa_t1.jpg,glioma,glioma,True,sagittal,glioma,0,436,111,80,False,8060.32958984375,343.7354736328125,0.04264533724103903,0.03665713805279973,0.0747599451303155,0.16898251904975348,D:\MSC Bioinformatics\INTERNSHIP\BrainTumor\data\processed\classification_224_rgb\test\glioma\brisc2025_test_00188_gl_sa_t1.png,D:\MSC Bioinformatics\INTERNSHIP\brisc2025\segmentation_task\test\masks\brisc2025_test_00188_gl_sa_t1.png
brisc2025_test_00189_gl_sa_t1.jpg,glioma,glioma,True,sagittal,glioma,0,2476,111,111,True,9591.404296875,1940.299072265625,0.20229561930757092,0.18483129292326067,0.3438411331759478,0.6108175318619832,D:\MSC Bioinformatics\INTERNSHIP\BrainTumor\data\processed\classification_224_rgb\test\glioma\brisc2025_test_00189_gl_sa_t1.png,D:\MSC Bioinformatics\INTERNSHIP\brisc2025\segmentation_task\test\masks\brisc2025_test_00189_gl_sa_t1.png
brisc2025_test_00190_gl_sa_t1.jpg,glioma,glioma,True,sagittal,glioma,0,2738,111,111,True,4433.12060546875,1333.2509765625,0.3007477339817432,0.2781398104265403,0.2714514835605453,0.22068425176286235,D:\MSC Bioinformatics\INTERNSHIP\BrainTumor\data\processed\classification_224_rgb\test\glioma\brisc2025_test_00190_gl_sa_t1.png,D:\MSC Bioinformatics\INTERNSHIP\brisc2025\segmentation_task\test\masks\brisc2025_test_00190_gl_sa_t1.png
brisc2025_test_00191_gl_sa_t1.jpg,glioma,glioma,True,sagittal,glioma,0,75,48,80,False,8283.9208984375,0.6260931491851807,7.557932491886462e-05,0.0,0.0,0.0,D:\MSC Bioinformatics\INTERNSHIP\BrainTumor\data\processed\classification_224_rgb\test\glioma\brisc2025_test_00191_gl_sa_t1.png,D:\MSC Bioinformatics\INTERNSHIP\brisc2025\segmentation_task\test\masks\brisc2025_test_00191_gl_sa_t1.png
brisc2025_test_00192_gl_sa_t1.jpg,glioma,glioma,True,sagittal,glioma,0,1472,111,112,False,13032.8681640625,983.9583129882812,0.07549821732268408,0.08525425692111664,0.11090768934284062,0.11210233967345565,D:\MSC Bioinformatics\INTERNSHIP\BrainTumor\data\processed\classification_224_rgb\test\glioma\brisc2025_test_00192_gl_sa_t1.png,D:\MSC Bioinformatics\INTERNSHIP\brisc2025\segmentation_task\test\masks\brisc2025_test_00192_gl_sa_t1.png
brisc2025_test_00193_gl_sa_t1.jpg,glioma,glioma,True,sagittal,glioma,0,5381,111,80,False,8202.9755859375,2346.37646484375,0.2860396742940675,0.27547339945897203,0.2473209549071618,0.15420168067226891,D:\MSC Bioinformatics\INTERNSHIP\BrainTumor\data\processed\classification_224_rgb\test\glioma\brisc2025_test_00193_gl_sa_t1.png,D:\MSC Bioinformatics\INTERNSHIP\brisc2025\segmentation_task\test\masks\brisc2025_test_00193_gl_sa_t1.png
brisc2025_test_00194_gl_sa_t1.jpg,glioma,glioma,True,sagittal,glioma,0,291,80,80,False,11562.568359375,209.6201171875,0.018129200249660686,0.019112045185866282,0.041101694915254235,0.08166138683562126,D:\MSC Bioinformatics\INTERNSHIP\BrainTumor\data\processed\classification_224_rgb\test\glioma\brisc2025_test_00194_gl_sa_t1.png,D:\MSC Bioinformatics\INTERNSHIP\brisc2025\segmentation_task\test\masks\brisc2025_test_00194_gl_sa_t1.png
brisc2025_test_00195_gl_sa_t1.jpg,glioma,glioma,True,sagittal,glioma,0,332,111,80,False,12031.2119140625,223.58721923828125,0.018583931596861385,0.018880800727934487,0.03371157871543461,0.0470550576184379,D:\MSC Bioinformatics\INTERNSHIP\BrainTumor\data\processed\classification_224_rgb\test\glioma\brisc2025_test_00195_gl_sa_t1.png,D:\MSC Bioinformatics\INTERNSHIP\brisc2025\segmentation_task\test\masks\brisc2025_test_00195_gl_sa_t1.png
brisc2025_test_00196_gl_sa_t1.jpg,glioma,glioma,True,sagittal,glioma,0,1092,111,143,False,8811.970703125,930.4261474609375,0.10558661380149384,0.09903863595138764,0.17505610772683552,0.3369091518605431,D:\MSC Bioinformatics\INTERNSHIP\BrainTumor\data\processed\classification_224_rgb\test\glioma\brisc2025_test_00196_gl_sa_t1.png,D:\MSC Bioinformatics\INTERNSHIP\brisc2025\segmentation_task\test\masks\brisc2025_test_00196_gl_sa_t1.png
brisc2025_test_00197_gl_sa_t1.jpg,glioma,glioma,True,sagittal,glioma,0,481,80,80,False,10415.94921875,234.5247802734375,0.02251592969090746,0.03302664103268333,0.03154904306220096,0.0,D:\MSC Bioinformatics\INTERNSHIP\BrainTumor\data\processed\classification_224_rgb\test\glioma\brisc2025_test_00197_gl_sa_t1.png,D:\MSC Bioinformatics\INTERNSHIP\brisc2025\segmentation_task\test\masks\brisc2025_test_00197_gl_sa_t1.png
brisc2025_test_00198_gl_sa_t1.jpg,glioma,glioma,True,sagittal,glioma,0,2119,111,144,False,6068.919921875,491.40740966796875,0.08097114741895423,0.0731288869826292,0.0,0.0,D:\MSC Bioinformatics\INTERNSHIP\BrainTumor\data\processed\classification_224_rgb\test\glioma\brisc2025_test_00198_gl_sa_t1.png,D:\MSC Bioinformatics\INTERNSHIP\brisc2025\segmentation_task\test\masks\brisc2025_test_00198_gl_sa_t1.png
brisc2025_test_00199_gl_sa_t1.jpg,glioma,glioma,True,sagittal,glioma,0,2084,111,143,False,12817.1591796875,706.1838989257812,0.0550967565453142,0.0609282245008095,0.0351219512195122,0.0,D:\MSC Bioinformatics\INTERNSHIP\BrainTumor\data\processed\classification_224_rgb\test\glioma\brisc2025_test_00199_gl_sa_t1.png,D:\MSC Bioinformatics\INTERNSHIP\brisc2025\segmentation_task\test\masks\brisc2025_test_00199_gl_sa_t1.png
brisc2025_test_00200_gl_sa_t1.jpg,glioma,glioma,True,sagittal,glioma,0,872,112,80,False,5839.03125,594.9376220703125,0.10188978215698237,0.1261574074074074,0.2680444170265268,0.2452081956378057,D:\MSC Bioinformatics\INTERNSHIP\BrainTumor\data\processed\classification_224_rgb\test\glioma\brisc2025_test_00200_gl_sa_t1.png,D:\MSC Bioinformatics\INTERNSHIP\brisc2025\segmentation_task\test\masks\brisc2025_test_00200_gl_sa_t1.png
brisc2025_test_00201_gl_sa_t1.jpg,glioma,glioma,True,sagittal,glioma,0,792,80,112,False,16351.361328125,477.5105895996094,0.029203109148977825,0.03523758675920982,0.049466397461782524,0.018092909535452322,D:\MSC Bioinformatics\INTERNSHIP\BrainTumor\data\processed\classification_224_rgb\test\glioma\brisc2025_test_00201_gl_sa_t1.png,D:\MSC Bioinformatics\INTERNSHIP\brisc2025\segmentation_task\test\masks\brisc2025_test_00201_gl_sa_t1.png
brisc2025_test_00202_gl_sa_t1.jpg,glioma,glioma,True,sagittal,glioma,0,471,47,176,False,7585.6875,7.050626277923584,0.0009294643732586643,0.0,0.0,0.0,D:\MSC Bioinformatics\INTERNSHIP\BrainTumor\data\processed\classification_224_rgb\test\glioma\brisc2025_test_00202_gl_sa_t1.png,D:\MSC Bioinformatics\INTERNSHIP\brisc2025\segmentation_task\test\masks\brisc2025_test_00202_gl_sa_t1.png
brisc2025_test_00203_gl_sa_t1.jpg,glioma,glioma,True,sagittal,glioma,0,1371,111,143,False,14373.85546875,961.1277465820312,0.06686638450425536,0.06742070322104746,0.1392726533929297,0.1748234106962664,D:\MSC Bioinformatics\INTERNSHIP\BrainTumor\data\processed\classification_224_rgb\test\glioma\brisc2025_test_00203_gl_sa_t1.png,D:\MSC Bioinformatics\INTERNSHIP\brisc2025\segmentation_task\test\masks\brisc2025_test_00203_gl_sa_t1.png
brisc2025_test_00204_gl_sa_t1.jpg,glioma,glioma,True,sagittal,glioma,0,472,111,144,False,11303.697265625,246.48403930664062,0.021805612227090383,0.03324646051982813,0.038868248070877395,0.0,D:\MSC Bioinformatics\INTERNSHIP\BrainTumor\data\processed\classification_224_rgb\test\glioma\brisc2025_test_00204_gl_sa_t1.png,D:\MSC Bioinformatics\INTERNSHIP\brisc2025\segmentation_task\test\masks\brisc2025_test_00204_gl_sa_t1.png
brisc2025_test_00205_gl_sa_t1.jpg,glioma,glioma,True,sagittal,glioma,0,1108,111,143,False,8350.5068359375,301.87164306640625,0.036150098311070425,0.0373714045769473,0.0,0.0,D:\MSC Bioinformatics\INTERNSHIP\BrainTumor\data\processed\classification_224_rgb\test\glioma\brisc2025_test_00205_gl_sa_t1.png,D:\MSC Bioinformatics\INTERNSHIP\brisc2025\segmentation_task\test\masks\brisc2025_test_00205_gl_sa_t1.png
brisc2025_test_00206_gl_sa_t1.jpg,glioma,glioma,True,sagittal,glioma,0,1690,79,112,False,13466.2412109375,320.26654052734375,0.023782920230718728,0.017865955976705164,0.0008854543990984464,0.0,D:\MSC Bioinformatics\INTERNSHIP\BrainTumor\data\processed\classification_224_rgb\test\glioma\brisc2025_test_00206_gl_sa_t1.png,D:\MSC Bioinformatics\INTERNSHIP\brisc2025\segmentation_task\test\masks\brisc2025_test_00206_gl_sa_t1.png
brisc2025_test_00207_gl_sa_t1.jpg,glioma,glioma,True,sagittal,glioma,0,454,143,208,False,8698.0283203125,23.742855072021484,0.0027296824288988355,0.0,0.0,0.0,D:\MSC Bioinformatics\INTERNSHIP\BrainTumor\data\processed\classification_224_rgb\test\glioma\brisc2025_test_00207_gl_sa_t1.png,D:\MSC Bioinformatics\INTERNSHIP\brisc2025\segmentation_task\test\masks\brisc2025_test_00207_gl_sa_t1.png
brisc2025_test_00208_gl_sa_t1.jpg,glioma,glioma,True,sagittal,glioma,0,1994,79,176,False,8312.994140625,54.3231086730957,0.0065347223580517885,0.0,0.0,0.0,D:\MSC Bioinformatics\INTERNSHIP\BrainTumor\data\processed\classification_224_rgb\test\glioma\brisc2025_test_00208_gl_sa_t1.png,D:\MSC Bioinformatics\INTERNSHIP\brisc2025\segmentation_task\test\masks\brisc2025_test_00208_gl_sa_t1.png
brisc2025_test_00209_gl_sa_t1.jpg,glioma,glioma,True,sagittal,glioma,0,1743,111,111,False,11706.384765625,1120.544677734375,0.0957208139121463,0.10826759426051308,0.16090544157002676,0.14924314096499527,D:\MSC Bioinformatics\INTERNSHIP\BrainTumor\data\processed\classification_224_rgb\test\glioma\brisc2025_test_00209_gl_sa_t1.png,D:\MSC Bioinformatics\INTERNSHIP\brisc2025\segmentation_task\test\masks\brisc2025_test_00209_gl_sa_t1.png
brisc2025_test_00210_gl_sa_t1.jpg,glioma,glioma,True,sagittal,glioma,0,2460,111,47,False,3928.301513671875,481.6090087890625,0.12259980735004512,0.08354566179428724,0.032153032153032154,0.002232142857142857,D:\MSC Bioinformatics\INTERNSHIP\BrainTumor\data\processed\classification_224_rgb\test\glioma\brisc2025_test_00210_gl_sa_t1.png,D:\MSC Bioinformatics\INTERNSHIP\brisc2025\segmentation_task\test\masks\brisc2025_test_00210_gl_sa_t1.png
brisc2025_test_00211_gl_sa_t1.jpg,glioma,glioma,True,sagittal,glioma,0,2010,80,111,True,166.89955139160156,12.565787315368652,0.07528952121557929,0.0,0.0,0.0,D:\MSC Bioinformatics\INTERNSHIP\BrainTumor\data\processed\classification_224_rgb\test\glioma\brisc2025_test_00211_gl_sa_t1.png,D:\MSC Bioinformatics\INTERNSHIP\brisc2025\segmentation_task\test\masks\brisc2025_test_00211_gl_sa_t1.png
brisc2025_test_00212_gl_sa_t1.jpg,glioma,glioma,True,sagittal,glioma,0,190,111,112,False,23.720287322998047,0.2583148181438446,0.01089003748674642,0.0,0.0,0.0,D:\MSC Bioinformatics\INTERNSHIP\BrainTumor\data\processed\classification_224_rgb\test\glioma\brisc2025_test_00212_gl_sa_t1.png,D:\MSC Bioinformatics\INTERNSHIP\brisc2025\segmentation_task\test\masks\brisc2025_test_00212_gl_sa_t1.png
brisc2025_test_00213_gl_sa_t1.jpg,glioma,glioma,True,sagittal,glioma,0,236,79,80,False,7764.02880859375,131.17579650878906,0.016895325834390885,0.022742603835405224,0.04528650646950092,0.0,D:\MSC Bioinformatics\INTERNSHIP\BrainTumor\data\processed\classification_224_rgb\test\glioma\brisc2025_test_00213_gl_sa_t1.png,D:\MSC Bioinformatics\INTERNSHIP\brisc2025\segmentation_task\test\masks\brisc2025_test_00213_gl_sa_t1.png
brisc2025_test_00214_gl_sa_t1.jpg,glioma,glioma,True,sagittal,glioma,0,722,111,80,False,3427.307861328125,122.88076782226562,0.03585343738996583,0.0,0.0,0.0,D:\MSC Bioinformatics\INTERNSHIP\BrainTumor\data\processed\classification_224_rgb\test\glioma\brisc2025_test_00214_gl_sa_t1.png,D:\MSC Bioinformatics\INTERNSHIP\brisc2025\segmentation_task\test\masks\brisc2025_test_00214_gl_sa_t1.png
brisc2025_test_00215_gl_sa_t1.jpg,glioma,glioma,True,sagittal,glioma,0,705,112,79,False,7949.9130859375,138.1409912109375,0.0173764152787146,0.003284072249589491,0.0,0.0,D:\MSC Bioinformatics\INTERNSHIP\BrainTumor\data\processed\classification_224_rgb\test\glioma\brisc2025_test_00215_gl_sa_t1.png,D:\MSC Bioinformatics\INTERNSHIP\brisc2025\segmentation_task\test\masks\brisc2025_test_00215_gl_sa_t1.png
brisc2025_test_00216_gl_sa_t1.jpg,glioma,glioma,True,sagittal,glioma,0,1907,111,111,False,8794.431640625,901.4020385742188,0.10249690661193862,0.12180400704166318,0.11969545681477783,0.0605376101197199,D:\MSC Bioinformatics\INTERNSHIP\BrainTumor\data\processed\classification_224_rgb\test\glioma\brisc2025_test_00216_gl_sa_t1.png,D:\MSC Bioinformatics\INTERNSHIP\brisc2025\segmentation_task\test\masks\brisc2025_test_00216_gl_sa_t1.png
brisc2025_test_00217_gl_sa_t1.jpg,glioma,glioma,True,sagittal,glioma,0,980,111,79,False,8750.431640625,452.9779052734375,0.051766349807297454,0.0752919483712354,0.040716972781588846,0.0,D:\MSC Bioinformatics\INTERNSHIP\BrainTumor\data\processed\classification_224_rgb\test\glioma\brisc2025_test_00217_gl_sa_t1.png,D:\MSC Bioinformatics\INTERNSHIP\brisc2025\segmentation_task\test\masks\brisc2025_test_00217_gl_sa_t1.png
brisc2025_test_00218_gl_sa_t1.jpg,glioma,glioma,True,sagittal,glioma,0,1310,111,47,False,8599.802734375,71.16461944580078,0.008275145563670042,0.0,0.0,0.0,D:\MSC Bioinformatics\INTERNSHIP\BrainTumor\data\processed\classification_224_rgb\test\glioma\brisc2025_test_00218_gl_sa_t1.png,D:\MSC Bioinformatics\INTERNSHIP\brisc2025\segmentation_task\test\masks\brisc2025_test_00218_gl_sa_t1.png
brisc2025_test_00219_gl_sa_t1.jpg,glioma,glioma,True,sagittal,glioma,0,594,48,47,False,6946.26513671875,32.91892623901367,0.00473908288714758,0.0,0.0,0.0,D:\MSC Bioinformatics\INTERNSHIP\BrainTumor\data\processed\classification_224_rgb\test\glioma\brisc2025_test_00219_gl_sa_t1.png,D:\MSC Bioinformatics\INTERNSHIP\brisc2025\segmentation_task\test\masks\brisc2025_test_00219_gl_sa_t1.png
brisc2025_test_00220_gl_sa_t1.jpg,glioma,glioma,True,sagittal,glioma,0,1674,111,79,False,6480.841796875,364.1160888671875,0.05618345583482084,0.047011551983927674,0.01671050595698592,0.0,D:\MSC Bioinformatics\INTERNSHIP\BrainTumor\data\processed\classification_224_rgb\test\glioma\brisc2025_test_00220_gl_sa_t1.png,D:\MSC Bioinformatics\INTERNSHIP\brisc2025\segmentation_task\test\masks\brisc2025_test_00220_gl_sa_t1.png
brisc2025_test_00221_gl_sa_t1.jpg,glioma,glioma,True,sagittal,glioma,0,1089,79,80,False,14039.0869140625,247.51068115234375,0.01763011246154622,0.01742621015348288,0.0003257328990228013,0.0,D:\MSC Bioinformatics\INTERNSHIP\BrainTumor\data\processed\classification_224_rgb\test\glioma\brisc2025_test_00221_gl_sa_t1.png,D:\MSC Bioinformatics\INTERNSHIP\brisc2025\segmentation_task\test\masks\brisc2025_test_00221_gl_sa_t1.png
brisc2025_test_00222_gl_sa_t1.jpg,glioma,glioma,True,sagittal,glioma,0,3344,112,112,False,5167.32958984375,294.36541748046875,0.05696664251086987,0.025501333024226268,0.0010891268832819024,0.0,D:\MSC Bioinformatics\INTERNSHIP\BrainTumor\data\processed\classification_224_rgb\test\glioma\brisc2025_test_00222_gl_sa_t1.png,D:\MSC Bioinformatics\INTERNSHIP\brisc2025\segmentation_task\test\masks\brisc2025_test_00222_gl_sa_t1.png
brisc2025_test_00223_gl_sa_t1.jpg,glioma,glioma,True,sagittal,glioma,0,471,111,0,False,9.845221519470215,0.3765724003314972,0.03824925620889037,0.0,0.0,0.0,D:\MSC Bioinformatics\INTERNSHIP\BrainTumor\data\processed\classification_224_rgb\test\glioma\brisc2025_test_00223_gl_sa_t1.png,D:\MSC Bioinformatics\INTERNSHIP\brisc2025\segmentation_task\test\masks\brisc2025_test_00223_gl_sa_t1.png
brisc2025_test_00224_gl_sa_t1.jpg,glioma,glioma,True,sagittal,glioma,0,92,111,79,False,11003.63671875,76.41039276123047,0.0069441035463328705,0.0054908982393315426,0.01215323645970938,0.03425167535368578,D:\MSC Bioinformatics\INTERNSHIP\BrainTumor\data\processed\classification_224_rgb\test\glioma\brisc2025_test_00224_gl_sa_t1.png,D:\MSC Bioinformatics\INTERNSHIP\brisc2025\segmentation_task\test\masks\brisc2025_test_00224_gl_sa_t1.png
brisc2025_test_00225_gl_sa_t1.jpg,glioma,glioma,True,sagittal,glioma,0,230,111,176,False,11496.4091796875,3.366006374359131,0.0002927876280105252,0.0,0.0,0.0,D:\MSC Bioinformatics\INTERNSHIP\BrainTumor\data\processed\classification_224_rgb\test\glioma\brisc2025_test_00225_gl_sa_t1.png,D:\MSC Bioinformatics\INTERNSHIP\brisc2025\segmentation_task\test\masks\brisc2025_test_00225_gl_sa_t1.png
brisc2025_test_00226_gl_sa_t1.jpg,glioma,glioma,True,sagittal,glioma,0,643,112,144,False,7488.40625,180.27301025390625,0.02407361516396179,0.027777777777777776,0.008991825613079018,0.0,D:\MSC Bioinformatics\INTERNSHIP\BrainTumor\data\processed\classification_224_rgb\test\glioma\brisc2025_test_00226_gl_sa_t1.png,D:\MSC Bioinformatics\INTERNSHIP\brisc2025\segmentation_task\test\masks\brisc2025_test_00226_gl_sa_t1.png
brisc2025_test_00227_gl_sa_t1.jpg,glioma,glioma,True,sagittal,glioma,0,270,112,112,False,4848.24951171875,124.9115982055664,0.025764267681281955,0.04136874361593463,0.04699502937189336,0.00408997955010225,D:\MSC Bioinformatics\INTERNSHIP\BrainTumor\data\processed\classification_224_rgb\test\glioma\brisc2025_test_00227_gl_sa_t1.png,D:\MSC Bioinformatics\INTERNSHIP\brisc2025\segmentation_task\test\masks\brisc2025_test_00227_gl_sa_t1.png
brisc2025_test_00228_gl_sa_t1.jpg,glioma,glioma,True,sagittal,glioma,0,328,175,80,False,8764.6142578125,175.69076538085938,0.020045464661979182,0.02566911879793395,0.03545213181321256,0.0,D:\MSC Bioinformatics\INTERNSHIP\BrainTumor\data\processed\classification_224_rgb\test\glioma\brisc2025_test_00228_gl_sa_t1.png,D:\MSC Bioinformatics\INTERNSHIP\brisc2025\segmentation_task\test\masks\brisc2025_test_00228_gl_sa_t1.png
brisc2025_test_00229_gl_sa_t1.jpg,glioma,meningioma,False,sagittal,meningioma,1,367,80,48,False,8484.0009765625,151.11203002929688,0.017811411201713888,0.028623629719853837,0.00945058465481339,0.0,D:\MSC Bioinformatics\INTERNSHIP\BrainTumor\data\processed\classification_224_rgb\test\glioma\brisc2025_test_00229_gl_sa_t1.png,D:\MSC Bioinformatics\INTERNSHIP\brisc2025\segmentation_task\test\masks\brisc2025_test_00229_gl_sa_t1.png
brisc2025_test_00230_gl_sa_t1.jpg,glioma,glioma,True,sagittal,glioma,0,1105,111,176,False,13071.9736328125,648.7056884765625,0.04962568826242272,0.05192425167990226,0.0815525876460768,0.02516143397906925,D:\MSC Bioinformatics\INTERNSHIP\BrainTumor\data\processed\classification_224_rgb\test\glioma\brisc2025_test_00230_gl_sa_t1.png,D:\MSC Bioinformatics\INTERNSHIP\brisc2025\segmentation_task\test\masks\brisc2025_test_00230_gl_sa_t1.png
brisc2025_test_00231_gl_sa_t1.jpg,glioma,glioma,True,sagittal,glioma,0,1053,48,47,False,4363.9521484375,185.93392944335938,0.04260677549132441,0.01856107477461552,0.0,0.0,D:\MSC Bioinformatics\INTERNSHIP\BrainTumor\data\processed\classification_224_rgb\test\glioma\brisc2025_test_00231_gl_sa_t1.png,D:\MSC Bioinformatics\INTERNSHIP\brisc2025\segmentation_task\test\masks\brisc2025_test_00231_gl_sa_t1.png
brisc2025_test_00232_gl_sa_t1.jpg,glioma,glioma,True,sagittal,glioma,0,449,111,111,False,7299.83349609375,395.1632995605469,0.054133193554620755,0.046829370045890696,0.07556378323796702,0.14716486397902326,D:\MSC Bioinformatics\INTERNSHIP\BrainTumor\data\processed\classification_224_rgb\test\glioma\brisc2025_test_00232_gl_sa_t1.png,D:\MSC Bioinformatics\INTERNSHIP\brisc2025\segmentation_task\test\masks\brisc2025_test_00232_gl_sa_t1.png
brisc2025_test_00233_gl_sa_t1.jpg,glioma,glioma,True,sagittal,glioma,0,648,47,47,False,5245.3369140625,16.52444076538086,0.003150310654226922,0.0,0.0,0.0,D:\MSC Bioinformatics\INTERNSHIP\BrainTumor\data\processed\classification_224_rgb\test\glioma\brisc2025_test_00233_gl_sa_t1.png,D:\MSC Bioinformatics\INTERNSHIP\brisc2025\segmentation_task\test\masks\brisc2025_test_00233_gl_sa_t1.png
brisc2025_test_00234_gl_sa_t1.jpg,glioma,glioma,True,sagittal,glioma,0,589,143,111,False,6783.40478515625,316.5410461425781,0.046664036154122394,0.065990990990991,0.17898441427853193,0.0708245243128964,D:\MSC Bioinformatics\INTERNSHIP\BrainTumor\data\processed\classification_224_rgb\test\glioma\brisc2025_test_00234_gl_sa_t1.png,D:\MSC Bioinformatics\INTERNSHIP\brisc2025\segmentation_task\test\masks\brisc2025_test_00234_gl_sa_t1.png
brisc2025_test_00235_gl_sa_t1.jpg,glioma,glioma,True,sagittal,glioma,0,494,80,176,False,9311.0712890625,0.0013785271439701319,1.4805247443325408e-07,0.0,0.0,0.0,D:\MSC Bioinformatics\INTERNSHIP\BrainTumor\data\processed\classification_224_rgb\test\glioma\brisc2025_test_00235_gl_sa_t1.png,D:\MSC Bioinformatics\INTERNSHIP\brisc2025\segmentation_task\test\masks\brisc2025_test_00235_gl_sa_t1.png
brisc2025_test_00236_gl_sa_t1.jpg,glioma,glioma,True,sagittal,glioma,0,1053,111,48,False,14203.70703125,724.346923828125,0.05099703353740455,0.049065747169283816,0.12215248721524873,0.17741289547456948,D:\MSC Bioinformatics\INTERNSHIP\BrainTumor\data\processed\classification_224_rgb\test\glioma\brisc2025_test_00236_gl_sa_t1.png,D:\MSC Bioinformatics\INTERNSHIP\brisc2025\segmentation_task\test\masks\brisc2025_test_00236_gl_sa_t1.png
brisc2025_test_00237_gl_sa_t1.jpg,glioma,glioma,True,sagittal,glioma,0,429,176,143,False,14603.54296875,0.0,0.0,0.0,0.0,0.0,D:\MSC Bioinformatics\INTERNSHIP\BrainTumor\data\processed\classification_224_rgb\test\glioma\brisc2025_test_00237_gl_sa_t1.png,D:\MSC Bioinformatics\INTERNSHIP\brisc2025\segmentation_task\test\masks\brisc2025_test_00237_gl_sa_t1.png
brisc2025_test_00238_gl_sa_t1.jpg,glioma,glioma,True,sagittal,glioma,0,4219,112,143,True,9177.50390625,2029.767578125,0.22116771606522573,0.2603795004865391,0.314627700917146,0.16726278140122028,D:\MSC Bioinformatics\INTERNSHIP\BrainTumor\data\processed\classification_224_rgb\test\glioma\brisc2025_test_00238_gl_sa_t1.png,D:\MSC Bioinformatics\INTERNSHIP\brisc2025\segmentation_task\test\masks\brisc2025_test_00238_gl_sa_t1.png
brisc2025_test_00239_gl_sa_t1.jpg,glioma,meningioma,False,sagittal,meningioma,1,4343,80,79,False,10505.560546875,1915.767333984375,0.18235745969349937,0.21208008143875126,0.1886858749121574,0.08947368421052632,D:\MSC Bioinformatics\INTERNSHIP\BrainTumor\data\processed\classification_224_rgb\test\glioma\brisc2025_test_00239_gl_sa_t1.png,D:\MSC Bioinformatics\INTERNSHIP\brisc2025\segmentation_task\test\masks\brisc2025_test_00239_gl_sa_t1.png
brisc2025_test_00240_gl_sa_t1.jpg,glioma,glioma,True,sagittal,glioma,0,733,143,175,False,20680.70703125,38.655052185058594,0.0018691359113906549,0.0,0.0,0.0,D:\MSC Bioinformatics\INTERNSHIP\BrainTumor\data\processed\classification_224_rgb\test\glioma\brisc2025_test_00240_gl_sa_t1.png,D:\MSC Bioinformatics\INTERNSHIP\brisc2025\segmentation_task\test\masks\brisc2025_test_00240_gl_sa_t1.png
brisc2025_test_00241_gl_sa_t1.jpg,glioma,pituitary,False,sagittal,pituitary,3,992,176,79,False,16551.212890625,345.295654296875,0.020862256837531144,0.029058385474645888,0.001888098684624583,0.0,D:\MSC Bioinformatics\INTERNSHIP\BrainTumor\data\processed\classification_224_rgb\test\glioma\brisc2025_test_00241_gl_sa_t1.png,D:\MSC Bioinformatics\INTERNSHIP\brisc2025\segmentation_task\test\masks\brisc2025_test_00241_gl_sa_t1.png
brisc2025_test_00242_gl_sa_t1.jpg,glioma,glioma,True,sagittal,glioma,0,491,79,47,False,5279.6337890625,44.803428649902344,0.008486086429463899,0.0,0.0,0.0,D:\MSC Bioinformatics\INTERNSHIP\BrainTumor\data\processed\classification_224_rgb\test\glioma\brisc2025_test_00242_gl_sa_t1.png,D:\MSC Bioinformatics\INTERNSHIP\brisc2025\segmentation_task\test\masks\brisc2025_test_00242_gl_sa_t1.png
brisc2025_test_00243_gl_sa_t1.jpg,glioma,glioma,True,sagittal,glioma,0,1393,79,176,False,8087.04833984375,192.69435119628906,0.023827525581479596,0.010835913312693499,0.0,0.0,D:\MSC Bioinformatics\INTERNSHIP\BrainTumor\data\processed\classification_224_rgb\test\glioma\brisc2025_test_00243_gl_sa_t1.png,D:\MSC Bioinformatics\INTERNSHIP\brisc2025\segmentation_task\test\masks\brisc2025_test_00243_gl_sa_t1.png
brisc2025_test_00244_gl_sa_t1.jpg,glioma,meningioma,False,sagittal,meningioma,1,1722,111,111,False,6786.759765625,350.31396484375,0.05161726316262046,0.04319062470465929,0.0031409501374165686,0.0,D:\MSC Bioinformatics\INTERNSHIP\BrainTumor\data\processed\classification_224_rgb\test\glioma\brisc2025_test_00244_gl_sa_t1.png,D:\MSC Bioinformatics\INTERNSHIP\brisc2025\segmentation_task\test\masks\brisc2025_test_00244_gl_sa_t1.png
brisc2025_test_00245_gl_sa_t1.jpg,glioma,meningioma,False,sagittal,meningioma,1,1983,79,80,False,8944.4443359375,824.6783447265625,0.09220006450407688,0.10053077715281629,0.07593877062903612,0.03373313343328336,D:\MSC Bioinformatics\INTERNSHIP\BrainTumor\data\processed\classification_224_rgb\test\glioma\brisc2025_test_00245_gl_sa_t1.png,D:\MSC Bioinformatics\INTERNSHIP\brisc2025\segmentation_task\test\masks\brisc2025_test_00245_gl_sa_t1.png
brisc2025_test_00246_gl_sa_t1.jpg,glioma,meningioma,False,sagittal,meningioma,1,2015,208,80,False,6599.57763671875,82.13435363769531,0.012445395472085357,0.004210157003771599,0.0,0.0,D:\MSC Bioinformatics\INTERNSHIP\BrainTumor\data\processed\classification_224_rgb\test\glioma\brisc2025_test_00246_gl_sa_t1.png,D:\MSC Bioinformatics\INTERNSHIP\brisc2025\segmentation_task\test\masks\brisc2025_test_00246_gl_sa_t1.png
brisc2025_test_00247_gl_sa_t1.jpg,glioma,glioma,True,sagittal,glioma,0,1044,47,0,False,6031.96484375,0.0,0.0,0.0,0.0,0.0,D:\MSC Bioinformatics\INTERNSHIP\BrainTumor\data\processed\classification_224_rgb\test\glioma\brisc2025_test_00247_gl_sa_t1.png,D:\MSC Bioinformatics\INTERNSHIP\brisc2025\segmentation_task\test\masks\brisc2025_test_00247_gl_sa_t1.png
brisc2025_test_00248_gl_sa_t1.jpg,glioma,glioma,True,sagittal,glioma,0,435,208,47,False,3842.6357421875,4.0157694816589355,0.001045055985289117,0.0,0.0,0.0,D:\MSC Bioinformatics\INTERNSHIP\BrainTumor\data\processed\classification_224_rgb\test\glioma\brisc2025_test_00248_gl_sa_t1.png,D:\MSC Bioinformatics\INTERNSHIP\brisc2025\segmentation_task\test\masks\brisc2025_test_00248_gl_sa_t1.png
brisc2025_test_00249_gl_sa_t1.jpg,glioma,glioma,True,sagittal,glioma,0,425,79,47,False,16791.4921875,109.23786163330078,0.006505548191519282,0.005733664300947453,0.0002707092582566324,0.0,D:\MSC Bioinformatics\INTERNSHIP\BrainTumor\data\processed\classification_224_rgb\test\glioma\brisc2025_test_00249_gl_sa_t1.png,D:\MSC Bioinformatics\INTERNSHIP\brisc2025\segmentation_task\test\masks\brisc2025_test_00249_gl_sa_t1.png
brisc2025_test_00250_gl_sa_t1.jpg,glioma,glioma,True,sagittal,glioma,0,609,79,208,False,3628.40966796875,0.0,0.0,0.0,0.0,0.0,D:\MSC Bioinformatics\INTERNSHIP\BrainTumor\data\processed\classification_224_rgb\test\glioma\brisc2025_test_00250_gl_sa_t1.png,D:\MSC Bioinformatics\INTERNSHIP\brisc2025\segmentation_task\test\masks\brisc2025_test_00250_gl_sa_t1.png
brisc2025_test_00251_gl_sa_t1.jpg,glioma,glioma,True,sagittal,glioma,0,2019,111,48,False,7128.48486328125,1392.8912353515625,0.1953979368780497,0.21311823392061133,0.3253998476770754,0.2680921052631579,D:\MSC Bioinformatics\INTERNSHIP\BrainTumor\data\processed\classification_224_rgb\test\glioma\brisc2025_test_00251_gl_sa_t1.png,D:\MSC Bioinformatics\INTERNSHIP\brisc2025\segmentation_task\test\masks\brisc2025_test_00251_gl_sa_t1.png
brisc2025_test_00252_gl_sa_t1.jpg,glioma,glioma,True,sagittal,glioma,0,3078,112,144,False,6166.28466796875,1357.70947265625,0.22018274305579477,0.2526013634732687,0.16389978871113794,0.09851551956815115,D:\MSC Bioinformatics\INTERNSHIP\BrainTumor\data\processed\classification_224_rgb\test\glioma\brisc2025_test_00252_gl_sa_t1.png,D:\MSC Bioinformatics\INTERNSHIP\brisc2025\segmentation_task\test\masks\brisc2025_test_00252_gl_sa_t1.png
brisc2025_test_00253_gl_sa_t1.jpg,glioma,glioma,True,sagittal,glioma,0,999,112,111,True,4063.498291015625,411.16314697265625,0.10118452562948925,0.10406997500892538,0.16701649175412295,0.11465892597968069,D:\MSC Bioinformatics\INTERNSHIP\BrainTumor\data\processed\classification_224_rgb\test\glioma\brisc2025_test_00253_gl_sa_t1.png,D:\MSC Bioinformatics\INTERNSHIP\brisc2025\segmentation_task\test\masks\brisc2025_test_00253_gl_sa_t1.png
brisc2025_test_00254_gl_sa_t1.jpg,glioma,glioma,True,sagittal,glioma,0,1809,80,111,False,8810.6669921875,1159.535400390625,0.1316058592861126,0.13556654676258992,0.37098692033293695,0.23431808984216917,D:\MSC Bioinformatics\INTERNSHIP\BrainTumor\data\processed\classification_224_rgb\test\glioma\brisc2025_test_00254_gl_sa_t1.png,D:\MSC Bioinformatics\INTERNSHIP\brisc2025\segmentation_task\test\masks\brisc2025_test_00254_gl_sa_t1.png
brisc2025_test_00255_me_ax_t1.jpg,meningioma,meningioma,True,axial,meningioma,1,2410,176,80,False,13612.673828125,1284.092041015625,0.09433062579980254,0.10655230347510831,0.14885692268173645,0.11676713552132173,D:\MSC Bioinformatics\INTERNSHIP\BrainTumor\data\processed\classification_224_rgb\test\meningioma\brisc2025_test_00255_me_ax_t1.png,D:\MSC Bioinformatics\INTERNSHIP\brisc2025\segmentation_task\test\masks\brisc2025_test_00255_me_ax_t1.png
brisc2025_test_00256_me_ax_t1.jpg,meningioma,pituitary,False,axial,pituitary,3,1962,143,111,False,11791.509765625,1040.273681640625,0.08822226350295408,0.10655433031842398,0.10354251012145749,0.07869379014989293,D:\MSC Bioinformatics\INTERNSHIP\BrainTumor\data\processed\classification_224_rgb\test\meningioma\brisc2025_test_00256_me_ax_t1.png,D:\MSC Bioinformatics\INTERNSHIP\brisc2025\segmentation_task\test\masks\brisc2025_test_00256_me_ax_t1.png
brisc2025_test_00257_me_ax_t1.jpg,meningioma,meningioma,True,axial,meningioma,1,2392,112,176,False,8239.373046875,1688.99462890625,0.2049906733555226,0.23770247441120937,0.3385669426206109,0.2764227642276423,D:\MSC Bioinformatics\INTERNSHIP\BrainTumor\data\processed\classification_224_rgb\test\meningioma\brisc2025_test_00257_me_ax_t1.png,D:\MSC Bioinformatics\INTERNSHIP\brisc2025\segmentation_task\test\masks\brisc2025_test_00257_me_ax_t1.png
brisc2025_test_00258_me_ax_t1.jpg,meningioma,meningioma,True,axial,meningioma,1,1624,176,80,False,8299.302734375,359.23797607421875,0.04328532017349914,0.04277985851019559,0.026404629852905714,0.00822481151473612,D:\MSC Bioinformatics\INTERNSHIP\BrainTumor\data\processed\classification_224_rgb\test\meningioma\brisc2025_test_00258_me_ax_t1.png,D:\MSC Bioinformatics\INTERNSHIP\brisc2025\segmentation_task\test\masks\brisc2025_test_00258_me_ax_t1.png
brisc2025_test_00259_me_ax_t1.jpg,meningioma,meningioma,True,axial,meningioma,1,4138,111,79,False,19216.962890625,1397.4010009765625,0.072717057785353,0.07558213513169615,0.035911454145896984,0.006702412868632708,D:\MSC Bioinformatics\INTERNSHIP\BrainTumor\data\processed\classification_224_rgb\test\meningioma\brisc2025_test_00259_me_ax_t1.png,D:\MSC Bioinformatics\INTERNSHIP\brisc2025\segmentation_task\test\masks\brisc2025_test_00259_me_ax_t1.png
brisc2025_test_00260_me_ax_t1.jpg,meningioma,meningioma,True,axial,meningioma,1,1934,0,143,False,17266.91796875,1228.3946533203125,0.07114151208359736,0.07073366981201083,0.12419070041200707,0.10904913396960056,D:\MSC Bioinformatics\INTERNSHIP\BrainTumor\data\processed\classification_224_rgb\test\meningioma\brisc2025_test_00260_me_ax_t1.png,D:\MSC Bioinformatics\INTERNSHIP\brisc2025\segmentation_task\test\masks\brisc2025_test_00260_me_ax_t1.png
brisc2025_test_00261_me_ax_t1.jpg,meningioma,meningioma,True,axial,meningioma,1,2442,208,112,False,24330.447265625,1851.7333984375,0.076107659601215,0.06721717588769612,0.10209030100334449,0.1583060247038064,D:\MSC Bioinformatics\INTERNSHIP\BrainTumor\data\processed\classification_224_rgb\test\meningioma\brisc2025_test_00261_me_ax_t1.png,D:\MSC Bioinformatics\INTERNSHIP\brisc2025\segmentation_task\test\masks\brisc2025_test_00261_me_ax_t1.png
brisc2025_test_00262_me_ax_t1.jpg,meningioma,meningioma,True,axial,meningioma,1,1737,112,208,False,14564.744140625,1318.7003173828125,0.09054057556044542,0.08184131172257822,0.11494937462775462,0.18760369755866318,D:\MSC Bioinformatics\INTERNSHIP\BrainTumor\data\processed\classification_224_rgb\test\meningioma\brisc2025_test_00262_me_ax_t1.png,D:\MSC Bioinformatics\INTERNSHIP\brisc2025\segmentation_task\test\masks\brisc2025_test_00262_me_ax_t1.png
brisc2025_test_00263_me_ax_t1.jpg,meningioma,meningioma,True,axial,meningioma,1,1340,176,79,False,11185.6396484375,763.49658203125,0.06825685486282417,0.07306493982527949,0.0696027633851468,0.12109693184903611,D:\MSC Bioinformatics\INTERNSHIP\BrainTumor\data\processed\classification_224_rgb\test\meningioma\brisc2025_test_00263_me_ax_t1.png,D:\MSC Bioinformatics\INTERNSHIP\brisc2025\segmentation_task\test\masks\brisc2025_test_00263_me_ax_t1.png
brisc2025_test_00264_me_ax_t1.jpg,meningioma,meningioma,True,axial,meningioma,1,3744,175,144,True,7257.23828125,2309.301513671875,0.31820665440161305,0.3507146377525875,0.43761452607029816,0.34363592114869795,D:\MSC Bioinformatics\INTERNSHIP\BrainTumor\data\processed\classification_224_rgb\test\meningioma\brisc2025_test_00264_me_ax_t1.png,D:\MSC Bioinformatics\INTERNSHIP\brisc2025\segmentation_task\test\masks\brisc2025_test_00264_me_ax_t1.png
brisc2025_test_00265_me_ax_t1.jpg,meningioma,meningioma,True,axial,meningioma,1,2948,47,112,False,9108.2275390625,754.0173950195312,0.08278420711228097,0.08124429464223018,0.04924692826000793,0.0012815036309269544,D:\MSC Bioinformatics\INTERNSHIP\BrainTumor\data\processed\classification_224_rgb\test\meningioma\brisc2025_test_00265_me_ax_t1.png,D:\MSC Bioinformatics\INTERNSHIP\brisc2025\segmentation_task\test\masks\brisc2025_test_00265_me_ax_t1.png
brisc2025_test_00266_me_ax_t1.jpg,meningioma,meningioma,True,axial,meningioma,1,1947,80,79,True,11459.82421875,1455.1434326171875,0.1269778143923319,0.12333713416951729,0.2146729726612066,0.38484050336552533,D:\MSC Bioinformatics\INTERNSHIP\BrainTumor\data\processed\classification_224_rgb\test\meningioma\brisc2025_test_00266_me_ax_t1.png,D:\MSC Bioinformatics\INTERNSHIP\brisc2025\segmentation_task\test\masks\brisc2025_test_00266_me_ax_t1.png
brisc2025_test_00267_me_ax_t1.jpg,meningioma,meningioma,True,axial,meningioma,1,2430,112,176,False,9640.791015625,1689.571044921875,0.17525232547656697,0.22269061583577712,0.3523126463700234,0.2593356242840779,D:\MSC Bioinformatics\INTERNSHIP\BrainTumor\data\processed\classification_224_rgb\test\meningioma\brisc2025_test_00267_me_ax_t1.png,D:\MSC Bioinformatics\INTERNSHIP\brisc2025\segmentation_task\test\masks\brisc2025_test_00267_me_ax_t1.png
brisc2025_test_00268_me_ax_t1.jpg,meningioma,meningioma,True,axial,meningioma,1,4773,79,111,True,5311.318359375,1833.847900390625,0.34527169646189687,0.3465259454705365,0.3136417961413693,0.16333749479816895,D:\MSC Bioinformatics\INTERNSHIP\BrainTumor\data\processed\classification_224_rgb\test\meningioma\brisc2025_test_00268_me_ax_t1.png,D:\MSC Bioinformatics\INTERNSHIP\brisc2025\segmentation_task\test\masks\brisc2025_test_00268_me_ax_t1.png
brisc2025_test_00269_me_ax_t1.jpg,meningioma,meningioma,True,axial,meningioma,1,2151,111,176,False,7960.77978515625,496.20245361328125,0.06233088554195474,0.04784105580261082,0.013013865239601071,0.0,D:\MSC Bioinformatics\INTERNSHIP\BrainTumor\data\processed\classification_224_rgb\test\meningioma\brisc2025_test_00269_me_ax_t1.png,D:\MSC Bioinformatics\INTERNSHIP\brisc2025\segmentation_task\test\masks\brisc2025_test_00269_me_ax_t1.png
brisc2025_test_00270_me_ax_t1.jpg,meningioma,meningioma,True,axial,meningioma,1,1217,111,0,False,7790.72021484375,235.40875244140625,0.03021655841174725,0.026962517680339464,0.0030637254901960784,0.0,D:\MSC Bioinformatics\INTERNSHIP\BrainTumor\data\processed\classification_224_rgb\test\meningioma\brisc2025_test_00270_me_ax_t1.png,D:\MSC Bioinformatics\INTERNSHIP\brisc2025\segmentation_task\test\masks\brisc2025_test_00270_me_ax_t1.png
brisc2025_test_00271_me_ax_t1.jpg,meningioma,meningioma,True,axial,meningioma,1,4409,208,47,False,3414.87451171875,85.02442932128906,0.024898258787991356,0.0006740058413839587,0.0,0.0,D:\MSC Bioinformatics\INTERNSHIP\BrainTumor\data\processed\classification_224_rgb\test\meningioma\brisc2025_test_00271_me_ax_t1.png,D:\MSC Bioinformatics\INTERNSHIP\brisc2025\segmentation_task\test\masks\brisc2025_test_00271_me_ax_t1.png
brisc2025_test_00272_me_ax_t1.jpg,meningioma,meningioma,True,axial,meningioma,1,5679,176,208,False,3853.0576171875,2.7805254459381104,0.0007216412839338038,0.0,0.0,0.0,D:\MSC Bioinformatics\INTERNSHIP\BrainTumor\data\processed\classification_224_rgb\test\meningioma\brisc2025_test_00272_me_ax_t1.png,D:\MSC Bioinformatics\INTERNSHIP\brisc2025\segmentation_task\test\masks\brisc2025_test_00272_me_ax_t1.png
brisc2025_test_00273_me_ax_t1.jpg,meningioma,meningioma,True,axial,meningioma,1,2725,111,48,True,8908.2587890625,1453.0709228515625,0.16311503260722884,0.1798163646705127,0.2530885380919698,0.23726745959133883,D:\MSC Bioinformatics\INTERNSHIP\BrainTumor\data\processed\classification_224_rgb\test\meningioma\brisc2025_test_00273_me_ax_t1.png,D:\MSC Bioinformatics\INTERNSHIP\brisc2025\segmentation_task\test\masks\brisc2025_test_00273_me_ax_t1.png
brisc2025_test_00274_me_ax_t1.jpg,meningioma,meningioma,True,axial,meningioma,1,2443,112,144,True,9828.2197265625,1952.192138671875,0.19863130790571673,0.17854271724037127,0.31136421807013054,0.41993204983012455,D:\MSC Bioinformatics\INTERNSHIP\BrainTumor\data\processed\classification_224_rgb\test\meningioma\brisc2025_test_00274_me_ax_t1.png,D:\MSC Bioinformatics\INTERNSHIP\brisc2025\segmentation_task\test\masks\brisc2025_test_00274_me_ax_t1.png
brisc2025_test_00275_me_ax_t1.jpg,meningioma,meningioma,True,axial,meningioma,1,1777,112,208,False,14564.744140625,1350.056396484375,0.09269345094217643,0.08372597059932152,0.11759645291509496,0.19192038857955218,D:\MSC Bioinformatics\INTERNSHIP\BrainTumor\data\processed\classification_224_rgb\test\meningioma\brisc2025_test_00275_me_ax_t1.png,D:\MSC Bioinformatics\INTERNSHIP\brisc2025\segmentation_task\test\masks\brisc2025_test_00275_me_ax_t1.png
brisc2025_test_00276_me_ax_t1.jpg,meningioma,meningioma,True,axial,meningioma,1,275,175,112,False,22869.90234375,103.32951354980469,0.004518144065361219,0.0075235281243160425,0.0,0.0,D:\MSC Bioinformatics\INTERNSHIP\BrainTumor\data\processed\classification_224_rgb\test\meningioma\brisc2025_test_00276_me_ax_t1.png,D:\MSC Bioinformatics\INTERNSHIP\brisc2025\segmentation_task\test\masks\brisc2025_test_00276_me_ax_t1.png
brisc2025_test_00277_me_ax_t1.jpg,meningioma,meningioma,True,axial,meningioma,1,1448,112,175,False,8001.8134765625,37.75049591064453,0.004717742549387913,0.0,0.0,0.0,D:\MSC Bioinformatics\INTERNSHIP\BrainTumor\data\processed\classification_224_rgb\test\meningioma\brisc2025_test_00277_me_ax_t1.png,D:\MSC Bioinformatics\INTERNSHIP\brisc2025\segmentation_task\test\masks\brisc2025_test_00277_me_ax_t1.png
brisc2025_test_00278_me_ax_t1.jpg,meningioma,meningioma,True,axial,meningioma,1,1506,144,112,True,13852.9931640625,1176.405029296875,0.08492063883700675,0.07879866052741732,0.14721705957155434,0.24977231329690347,D:\MSC Bioinformatics\INTERNSHIP\BrainTumor\data\processed\classification_224_rgb\test\meningioma\brisc2025_test_00278_me_ax_t1.png,D:\MSC Bioinformatics\INTERNSHIP\brisc2025\segmentation_task\test\masks\brisc2025_test_00278_me_ax_t1.png
brisc2025_test_00279_me_ax_t1.jpg,meningioma,meningioma,True,axial,meningioma,1,2867,143,111,True,16727.744140625,2491.41357421875,0.14893900535985022,0.11711601307189543,0.21127487103905673,0.43018512707875745,D:\MSC Bioinformatics\INTERNSHIP\BrainTumor\data\processed\classification_224_rgb\test\meningioma\brisc2025_test_00279_me_ax_t1.png,D:\MSC Bioinformatics\INTERNSHIP\brisc2025\segmentation_task\test\masks\brisc2025_test_00279_me_ax_t1.png
brisc2025_test_00280_me_ax_t1.jpg,meningioma,meningioma,True,axial,meningioma,1,6833,112,79,True,12479.673828125,2148.467041015625,0.17215730720250882,0.12319525030360275,0.14329648408278614,0.11199319535015594,D:\MSC Bioinformatics\INTERNSHIP\BrainTumor\data\processed\classification_224_rgb\test\meningioma\brisc2025_test_00280_me_ax_t1.png,D:\MSC Bioinformatics\INTERNSHIP\brisc2025\segmentation_task\test\masks\brisc2025_test_00280_me_ax_t1.png
brisc2025_test_00281_me_ax_t1.jpg,meningioma,glioma,False,axial,glioma,0,1202,111,80,False,13929.4013671875,715.9627075195312,0.05139938814643346,0.06469321851453176,0.10796424625891332,0.003283302063789869,D:\MSC Bioinformatics\INTERNSHIP\BrainTumor\data\processed\classification_224_rgb\test\meningioma\brisc2025_test_00281_me_ax_t1.png,D:\MSC Bioinformatics\INTERNSHIP\brisc2025\segmentation_task\test\masks\brisc2025_test_00281_me_ax_t1.png
brisc2025_test_00282_me_ax_t1.jpg,meningioma,meningioma,True,axial,meningioma,1,1683,111,79,False,15630.521484375,1044.472412109375,0.06682262093132839,0.06927586491619189,0.1222466960352423,0.2020123839009288,D:\MSC Bioinformatics\INTERNSHIP\BrainTumor\data\processed\classification_224_rgb\test\meningioma\brisc2025_test_00282_me_ax_t1.png,D:\MSC Bioinformatics\INTERNSHIP\brisc2025\segmentation_task\test\masks\brisc2025_test_00282_me_ax_t1.png
brisc2025_test_00283_me_ax_t1.jpg,meningioma,meningioma,True,axial,meningioma,1,2119,143,143,False,20508.927734375,1511.8614501953125,0.07371723523416013,0.07060038648630639,0.11109893721923962,0.1071363387479467,D:\MSC Bioinformatics\INTERNSHIP\BrainTumor\data\processed\classification_224_rgb\test\meningioma\brisc2025_test_00283_me_ax_t1.png,D:\MSC Bioinformatics\INTERNSHIP\brisc2025\segmentation_task\test\masks\brisc2025_test_00283_me_ax_t1.png
brisc2025_test_00284_me_ax_t1.jpg,meningioma,meningioma,True,axial,meningioma,1,630,208,79,False,1022.1904296875,0.0,0.0,0.0,0.0,0.0,D:\MSC Bioinformatics\INTERNSHIP\BrainTumor\data\processed\classification_224_rgb\test\meningioma\brisc2025_test_00284_me_ax_t1.png,D:\MSC Bioinformatics\INTERNSHIP\brisc2025\segmentation_task\test\masks\brisc2025_test_00284_me_ax_t1.png
brisc2025_test_00285_me_ax_t1.jpg,meningioma,no_tumor,False,axial,no_tumor,2,1979,79,143,False,5341.82763671875,0.0,0.0,0.0,0.0,0.0,D:\MSC Bioinformatics\INTERNSHIP\BrainTumor\data\processed\classification_224_rgb\test\meningioma\brisc2025_test_00285_me_ax_t1.png,D:\MSC Bioinformatics\INTERNSHIP\brisc2025\segmentation_task\test\masks\brisc2025_test_00285_me_ax_t1.png
brisc2025_test_00286_me_ax_t1.jpg,meningioma,meningioma,True,axial,meningioma,1,1599,175,176,False,15706.66796875,1004.765380859375,0.06397062590604558,0.07374440806161509,0.0889514334336955,0.057314536630459906,D:\MSC Bioinformatics\INTERNSHIP\BrainTumor\data\processed\classification_224_rgb\test\meningioma\brisc2025_test_00286_me_ax_t1.png,D:\MSC Bioinformatics\INTERNSHIP\brisc2025\segmentation_task\test\masks\brisc2025_test_00286_me_ax_t1.png
brisc2025_test_00287_me_ax_t1.jpg,meningioma,meningioma,True,axial,meningioma,1,5559,176,208,False,3857.349609375,0.0,0.0,0.0,0.0,0.0,D:\MSC Bioinformatics\INTERNSHIP\BrainTumor\data\processed\classification_224_rgb\test\meningioma\brisc2025_test_00287_me_ax_t1.png,D:\MSC Bioinformatics\INTERNSHIP\brisc2025\segmentation_task\test\masks\brisc2025_test_00287_me_ax_t1.png
brisc2025_test_00288_me_ax_t1.jpg,meningioma,meningioma,True,axial,meningioma,1,1497,111,208,False,6440.61181640625,675.8500366210938,0.10493568870266216,0.1296928327645051,0.08770636792452831,0.03126228863546992,D:\MSC Bioinformatics\INTERNSHIP\BrainTumor\data\processed\classification_224_rgb\test\meningioma\brisc2025_test_00288_me_ax_t1.png,D:\MSC Bioinformatics\INTERNSHIP\brisc2025\segmentation_task\test\masks\brisc2025_test_00288_me_ax_t1.png
brisc2025_test_00289_me_ax_t1.jpg,meningioma,meningioma,True,axial,meningioma,1,1730,144,0,False,6427.04296875,13.572460174560547,0.0021117736788992193,0.0,0.0,0.0,D:\MSC Bioinformatics\INTERNSHIP\BrainTumor\data\processed\classification_224_rgb\test\meningioma\brisc2025_test_00289_me_ax_t1.png,D:\MSC Bioinformatics\INTERNSHIP\brisc2025\segmentation_task\test\masks\brisc2025_test_00289_me_ax_t1.png
brisc2025_test_00290_me_ax_t1.jpg,meningioma,meningioma,True,axial,meningioma,1,4492,144,112,False,12087.9326171875,1347.83544921875,0.11150256143075282,0.13540342298288507,0.0020656414964425065,0.0,D:\MSC Bioinformatics\INTERNSHIP\BrainTumor\data\processed\classification_224_rgb\test\meningioma\brisc2025_test_00290_me_ax_t1.png,D:\MSC Bioinformatics\INTERNSHIP\brisc2025\segmentation_task\test\masks\brisc2025_test_00290_me_ax_t1.png
brisc2025_test_00291_me_ax_t1.jpg,meningioma,meningioma,True,axial,meningioma,1,2607,111,79,False,8389.578125,1229.91162109375,0.14659993658426657,0.17711424332344214,0.19770580296896087,0.14264962231260894,D:\MSC Bioinformatics\INTERNSHIP\BrainTumor\data\processed\classification_224_rgb\test\meningioma\brisc2025_test_00291_me_ax_t1.png,D:\MSC Bioinformatics\INTERNSHIP\brisc2025\segmentation_task\test\masks\brisc2025_test_00291_me_ax_t1.png
brisc2025_test_00292_me_ax_t1.jpg,meningioma,meningioma,True,axial,meningioma,1,2976,112,80,False,13225.357421875,1960.69970703125,0.14825305997312513,0.15680488961483746,0.32954292084726866,0.20663900414937758,D:\MSC Bioinformatics\INTERNSHIP\BrainTumor\data\processed\classification_224_rgb\test\meningioma\brisc2025_test_00292_me_ax_t1.png,D:\MSC Bioinformatics\INTERNSHIP\brisc2025\segmentation_task\test\masks\brisc2025_test_00292_me_ax_t1.png
brisc2025_test_00293_me_ax_t1.jpg,meningioma,meningioma,True,axial,meningioma,1,947,48,175,False,13262.1005859375,646.045166015625,0.04871363792102893,0.046172598732325695,0.07297644539614562,0.08804430863254392,D:\MSC Bioinformatics\INTERNSHIP\BrainTumor\data\processed\classification_224_rgb\test\meningioma\brisc2025_test_00293_me_ax_t1.png,D:\MSC Bioinformatics\INTERNSHIP\brisc2025\segmentation_task\test\masks\brisc2025_test_00293_me_ax_t1.png
brisc2025_test_00294_me_ax_t1.jpg,meningioma,meningioma,True,axial,meningioma,1,1822,80,143,False,11711.7177734375,1368.6029052734375,0.11685757219811656,0.10145736780389748,0.2140720354194089,0.2996092946740695,D:\MSC Bioinformatics\INTERNSHIP\BrainTumor\data\processed\classification_224_rgb\test\meningioma\brisc2025_test_00294_me_ax_t1.png,D:\MSC Bioinformatics\INTERNSHIP\brisc2025\segmentation_task\test\masks\brisc2025_test_00294_me_ax_t1.png
brisc2025_test_00295_me_ax_t1.jpg,meningioma,meningioma,True,axial,meningioma,1,2302,112,80,False,12116.8955078125,1785.9014892578125,0.14738936125233837,0.13344153962089153,0.23480212158302732,0.4011324041811847,D:\MSC Bioinformatics\INTERNSHIP\BrainTumor\data\processed\classification_224_rgb\test\meningioma\brisc2025_test_00295_me_ax_t1.png,D:\MSC Bioinformatics\INTERNSHIP\brisc2025\segmentation_task\test\masks\brisc2025_test_00295_me_ax_t1.png
brisc2025_test_00296_me_ax_t1.jpg,meningioma,meningioma,True,axial,meningioma,1,1436,79,144,True,2244.876220703125,776.9225463867188,0.34608703108956995,0.5769911504424778,0.5700680272108843,0.1977715877437326,D:\MSC Bioinformatics\INTERNSHIP\BrainTumor\data\processed\classification_224_rgb\test\meningioma\brisc2025_test_00296_me_ax_t1.png,D:\MSC Bioinformatics\INTERNSHIP\brisc2025\segmentation_task\test\masks\brisc2025_test_00296_me_ax_t1.png
brisc2025_test_00297_me_ax_t1.jpg,meningioma,meningioma,True,axial,meningioma,1,3553,47,79,False,5381.013671875,4.5326433181762695,0.0008423400486542309,0.0,0.0,0.0,D:\MSC Bioinformatics\INTERNSHIP\BrainTumor\data\processed\classification_224_rgb\test\meningioma\brisc2025_test_00297_me_ax_t1.png,D:\MSC Bioinformatics\INTERNSHIP\brisc2025\segmentation_task\test\masks\brisc2025_test_00297_me_ax_t1.png
brisc2025_test_00298_me_ax_t1.jpg,meningioma,meningioma,True,axial,meningioma,1,3637,111,143,False,12235.546875,2068.82470703125,0.16908314178080006,0.20800185819638814,0.28720271800679503,0.12528387585162756,D:\MSC Bioinformatics\INTERNSHIP\BrainTumor\data\processed\classification_224_rgb\test\meningioma\brisc2025_test_00298_me_ax_t1.png,D:\MSC Bioinformatics\INTERNSHIP\brisc2025\segmentation_task\test\masks\brisc2025_test_00298_me_ax_t1.png
brisc2025_test_00299_me_ax_t1.jpg,meningioma,meningioma,True,axial,meningioma,1,4329,80,144,True,4808.59814453125,1773.5667724609375,0.3688323954618644,0.3156032694888374,0.3354792560801145,0.1803001479602621,D:\MSC Bioinformatics\INTERNSHIP\BrainTumor\data\processed\classification_224_rgb\test\meningioma\brisc2025_test_00299_me_ax_t1.png,D:\MSC Bioinformatics\INTERNSHIP\brisc2025\segmentation_task\test\masks\brisc2025_test_00299_me_ax_t1.png
brisc2025_test_00300_me_ax_t1.jpg,meningioma,meningioma,True,axial,meningioma,1,2112,112,208,False,7892.1357421875,604.259521484375,0.07656476538464727,0.0819889137089435,0.1150879730055435,0.00329692973418504,D:\MSC Bioinformatics\INTERNSHIP\BrainTumor\data\processed\classification_224_rgb\test\meningioma\brisc2025_test_00300_me_ax_t1.png,D:\MSC Bioinformatics\INTERNSHIP\brisc2025\segmentation_task\test\masks\brisc2025_test_00300_me_ax_t1.png
brisc2025_test_00301_me_ax_t1.jpg,meningioma,meningioma,True,axial,meningioma,1,1319,47,111,False,1023.928466796875,0.0,0.0,0.0,0.0,0.0,D:\MSC Bioinformatics\INTERNSHIP\BrainTumor\data\processed\classification_224_rgb\test\meningioma\brisc2025_test_00301_me_ax_t1.png,D:\MSC Bioinformatics\INTERNSHIP\brisc2025\segmentation_task\test\masks\brisc2025_test_00301_me_ax_t1.png
brisc2025_test_00302_me_ax_t1.jpg,meningioma,meningioma,True,axial,meningioma,1,351,112,47,True,22250.4375,315.1675720214844,0.014164556181040682,0.009597243868427528,0.01597269624573379,0.05058365758754864,D:\MSC Bioinformatics\INTERNSHIP\BrainTumor\data\processed\classification_224_rgb\test\meningioma\brisc2025_test_00302_me_ax_t1.png,D:\MSC Bioinformatics\INTERNSHIP\brisc2025\segmentation_task\test\masks\brisc2025_test_00302_me_ax_t1.png
brisc2025_test_00303_me_ax_t1.jpg,meningioma,meningioma,True,axial,meningioma,1,1343,111,112,False,10698.623046875,687.464111328125,0.06425725145339417,0.08307776187555374,0.08248730964467005,0.05682096497673279,D:\MSC Bioinformatics\INTERNSHIP\BrainTumor\data\processed\classification_224_rgb\test\meningioma\brisc2025_test_00303_me_ax_t1.png,D:\MSC Bioinformatics\INTERNSHIP\brisc2025\segmentation_task\test\masks\brisc2025_test_00303_me_ax_t1.png
brisc2025_test_00304_me_ax_t1.jpg,meningioma,meningioma,True,axial,meningioma,1,5885,175,176,False,18092.763671875,3478.126220703125,0.19223852606386682,0.20391051611766778,0.2009698825931598,0.1808272208638957,D:\MSC Bioinformatics\INTERNSHIP\BrainTumor\data\processed\classification_224_rgb\test\meningioma\brisc2025_test_00304_me_ax_t1.png,D:\MSC Bioinformatics\INTERNSHIP\brisc2025\segmentation_task\test\masks\brisc2025_test_00304_me_ax_t1.png
brisc2025_test_00305_me_ax_t1.jpg,meningioma,meningioma,True,axial,meningioma,1,3116,0,176,False,7644.4326171875,644.44775390625,0.08430288893609894,0.08465138799225307,0.053158705701078585,0.002235213204951857,D:\MSC Bioinformatics\INTERNSHIP\BrainTumor\data\processed\classification_224_rgb\test\meningioma\brisc2025_test_00305_me_ax_t1.png,D:\MSC Bioinformatics\INTERNSHIP\brisc2025\segmentation_task\test\masks\brisc2025_test_00305_me_ax_t1.png
brisc2025_test_00306_me_ax_t1.jpg,meningioma,meningioma,True,axial,meningioma,1,3710,176,144,False,8019.03125,0.030648671090602875,3.821991726320168e-06,0.0,0.0,0.0,D:\MSC Bioinformatics\INTERNSHIP\BrainTumor\data\processed\classification_224_rgb\test\meningioma\brisc2025_test_00306_me_ax_t1.png,D:\MSC Bioinformatics\INTERNSHIP\brisc2025\segmentation_task\test\masks\brisc2025_test_00306_me_ax_t1.png
brisc2025_test_00307_me_ax_t1.jpg,meningioma,meningioma,True,axial,meningioma,1,3827,175,143,True,6430.17236328125,2623.093017578125,0.4079351017955587,0.4072771243267011,0.6437964551172098,0.47189054726368157,D:\MSC Bioinformatics\INTERNSHIP\BrainTumor\data\processed\classification_224_rgb\test\meningioma\brisc2025_test_00307_me_ax_t1.png,D:\MSC Bioinformatics\INTERNSHIP\brisc2025\segmentation_task\test\masks\brisc2025_test_00307_me_ax_t1.png
brisc2025_test_00308_me_ax_t1.jpg,meningioma,meningioma,True,axial,meningioma,1,3015,144,0,False,6747.92626953125,128.16909790039062,0.018993849781540957,0.004334462920639924,0.0,0.0,D:\MSC Bioinformatics\INTERNSHIP\BrainTumor\data\processed\classification_224_rgb\test\meningioma\brisc2025_test_00308_me_ax_t1.png,D:\MSC Bioinformatics\INTERNSHIP\brisc2025\segmentation_task\test\masks\brisc2025_test_00308_me_ax_t1.png
brisc2025_test_00309_me_ax_t1.jpg,meningioma,meningioma,True,axial,meningioma,1,708,144,175,True,7815.74853515625,595.0784912109375,0.07613838758171368,0.0614370010413051,0.13686448869128165,0.2906021897810219,D:\MSC Bioinformatics\INTERNSHIP\BrainTumor\data\processed\classification_224_rgb\test\meningioma\brisc2025_test_00309_me_ax_t1.png,D:\MSC Bioinformatics\INTERNSHIP\brisc2025\segmentation_task\test\masks\brisc2025_test_00309_me_ax_t1.png
brisc2025_test_00310_me_ax_t1.jpg,meningioma,meningioma,True,axial,meningioma,1,2860,48,143,False,8411.1396484375,1452.9095458984375,0.17273634806055538,0.20949263502454993,0.22183472327520848,0.11096634093376764,D:\MSC Bioinformatics\INTERNSHIP\BrainTumor\data\processed\classification_224_rgb\test\meningioma\brisc2025_test_00310_me_ax_t1.png,D:\MSC Bioinformatics\INTERNSHIP\brisc2025\segmentation_task\test\masks\brisc2025_test_00310_me_ax_t1.png
brisc2025_test_00311_me_ax_t1.jpg,meningioma,meningioma,True,axial,meningioma,1,1091,111,111,True,7222.69091796875,698.180419921875,0.09666486187093072,0.11834255342228008,0.22115384615384615,0.22915484968803176,D:\MSC Bioinformatics\INTERNSHIP\BrainTumor\data\processed\classification_224_rgb\test\meningioma\brisc2025_test_00311_me_ax_t1.png,D:\MSC Bioinformatics\INTERNSHIP\brisc2025\segmentation_task\test\masks\brisc2025_test_00311_me_ax_t1.png
brisc2025_test_00312_me_ax_t1.jpg,meningioma,meningioma,True,axial,meningioma,1,1761,176,0,False,2273.9033203125,0.0,0.0,0.0,0.0,0.0,D:\MSC Bioinformatics\INTERNSHIP\BrainTumor\data\processed\classification_224_rgb\test\meningioma\brisc2025_test_00312_me_ax_t1.png,D:\MSC Bioinformatics\INTERNSHIP\brisc2025\segmentation_task\test\masks\brisc2025_test_00312_me_ax_t1.png
brisc2025_test_00313_me_ax_t1.jpg,meningioma,meningioma,True,axial,meningioma,1,4620,47,112,True,8400.6376953125,2225.16943359375,0.2648810143110183,0.25078093712454946,0.26107742537313433,0.20472205618649134,D:\MSC Bioinformatics\INTERNSHIP\BrainTumor\data\processed\classification_224_rgb\test\meningioma\brisc2025_test_00313_me_ax_t1.png,D:\MSC Bioinformatics\INTERNSHIP\brisc2025\segmentation_task\test\masks\brisc2025_test_00313_me_ax_t1.png
brisc2025_test_00314_me_ax_t1.jpg,meningioma,meningioma,True,axial,meningioma,1,2563,79,111,False,26721.125,2090.455078125,0.07823230040370681,0.06427102663122523,0.08524012238925104,0.15259800582151484,D:\MSC Bioinformatics\INTERNSHIP\BrainTumor\data\processed\classification_224_rgb\test\meningioma\brisc2025_test_00314_me_ax_t1.png,D:\MSC Bioinformatics\INTERNSHIP\brisc2025\segmentation_task\test\masks\brisc2025_test_00314_me_ax_t1.png
brisc2025_test_00315_me_ax_t1.jpg,meningioma,meningioma,True,axial,meningioma,1,715,144,175,False,13454.3505859375,401.30908203125,0.029827458372513247,0.034712107971647733,0.0611880303707012,0.0,D:\MSC Bioinformatics\INTERNSHIP\BrainTumor\data\processed\classification_224_rgb\test\meningioma\brisc2025_test_00315_me_ax_t1.png,D:\MSC Bioinformatics\INTERNSHIP\brisc2025\segmentation_task\test\masks\brisc2025_test_00315_me_ax_t1.png
brisc2025_test_00316_me_ax_t1.jpg,meningioma,meningioma,True,axial,meningioma,1,2664,112,176,False,6834.1083984375,1520.91015625,0.22254697578366325,0.29299221357063404,0.3099289608458616,0.11231969732797352,D:\MSC Bioinformatics\INTERNSHIP\BrainTumor\data\processed\classification_224_rgb\test\meningioma\brisc2025_test_00316_me_ax_t1.png,D:\MSC Bioinformatics\INTERNSHIP\brisc2025\segmentation_task\test\masks\brisc2025_test_00316_me_ax_t1.png
brisc2025_test_00317_me_ax_t1.jpg,meningioma,meningioma,True,axial,meningioma,1,1191,208,111,False,1023.87158203125,0.0,0.0,0.0,0.0,0.0,D:\MSC Bioinformatics\INTERNSHIP\BrainTumor\data\processed\classification_224_rgb\test\meningioma\brisc2025_test_00317_me_ax_t1.png,D:\MSC Bioinformatics\INTERNSHIP\brisc2025\segmentation_task\test\masks\brisc2025_test_00317_me_ax_t1.png
brisc2025_test_00318_me_ax_t1.jpg,meningioma,meningioma,True,axial,meningioma,1,2822,112,79,True,14415.42578125,2308.69970703125,0.1601548051417359,0.13383287489329412,0.21172221804228425,0.4716669723088208,D:\MSC Bioinformatics\INTERNSHIP\BrainTumor\data\processed\classification_224_rgb\test\meningioma\brisc2025_test_00318_me_ax_t1.png,D:\MSC Bioinformatics\INTERNSHIP\brisc2025\segmentation_task\test\masks\brisc2025_test_00318_me_ax_t1.png
brisc2025_test_00319_me_ax_t1.jpg,meningioma,pituitary,False,axial,pituitary,3,907,112,111,False,8719.087890625,303.1300048828125,0.0347662517783249,0.04516238159675237,0.007521998296906046,0.0,D:\MSC Bioinformatics\INTERNSHIP\BrainTumor\data\processed\classification_224_rgb\test\meningioma\brisc2025_test_00319_me_ax_t1.png,D:\MSC Bioinformatics\INTERNSHIP\brisc2025\segmentation_task\test\masks\brisc2025_test_00319_me_ax_t1.png
brisc2025_test_00320_me_ax_t1.jpg,meningioma,meningioma,True,axial,meningioma,1,1440,112,208,False,15952.203125,1047.224609375,0.06564764761137029,0.06295644522657282,0.07852583403589064,0.09840008365575656,D:\MSC Bioinformatics\INTERNSHIP\BrainTumor\data\processed\classification_224_rgb\test\meningioma\brisc2025_test_00320_me_ax_t1.png,D:\MSC Bioinformatics\INTERNSHIP\brisc2025\segmentation_task\test\masks\brisc2025_test_00320_me_ax_t1.png
brisc2025_test_00321_me_ax_t1.jpg,meningioma,meningioma,True,axial,meningioma,1,2970,0,112,False,7833.7490234375,555.5410766601562,0.07091637413938763,0.08885417623816962,0.03775811209439528,0.0,D:\MSC Bioinformatics\INTERNSHIP\BrainTumor\data\processed\classification_224_rgb\test\meningioma\brisc2025_test_00321_me_ax_t1.png,D:\MSC Bioinformatics\INTERNSHIP\brisc2025\segmentation_task\test\masks\brisc2025_test_00321_me_ax_t1.png
brisc2025_test_00322_me_ax_t1.jpg,meningioma,meningioma,True,axial,meningioma,1,1595,111,176,False,12633.498046875,397.4633483886719,0.03146106857450995,0.027711468604047742,0.0,0.0,D:\MSC Bioinformatics\INTERNSHIP\BrainTumor\data\processed\classification_224_rgb\test\meningioma\brisc2025_test_00322_me_ax_t1.png,D:\MSC Bioinformatics\INTERNSHIP\brisc2025\segmentation_task\test\masks\brisc2025_test_00322_me_ax_t1.png
brisc2025_test_00323_me_ax_t1.jpg,meningioma,meningioma,True,axial,meningioma,1,2015,143,112,True,19564.55078125,1674.8260498046875,0.08560513699142962,0.07029478458049887,0.11964847693129861,0.18850309451379418,D:\MSC Bioinformatics\INTERNSHIP\BrainTumor\data\processed\classification_224_rgb\test\meningioma\brisc2025_test_00323_me_ax_t1.png,D:\MSC Bioinformatics\INTERNSHIP\brisc2025\segmentation_task\test\masks\brisc2025_test_00323_me_ax_t1.png
brisc2025_test_00324_me_ax_t1.jpg,meningioma,meningioma,True,axial,meningioma,1,394,111,0,False,5704.0205078125,13.368073463439941,0.0023436229664901076,0.0,0.0,0.0,D:\MSC Bioinformatics\INTERNSHIP\BrainTumor\data\processed\classification_224_rgb\test\meningioma\brisc2025_test_00324_me_ax_t1.png,D:\MSC Bioinformatics\INTERNSHIP\brisc2025\segmentation_task\test\masks\brisc2025_test_00324_me_ax_t1.png
brisc2025_test_00325_me_ax_t1.jpg,meningioma,meningioma,True,axial,meningioma,1,684,80,80,True,12819.052734375,560.9971923828125,0.04376276500356906,0.03367633302151544,0.05457156534226903,0.22621063325431764,D:\MSC Bioinformatics\INTERNSHIP\BrainTumor\data\processed\classification_224_rgb\test\meningioma\brisc2025_test_00325_me_ax_t1.png,D:\MSC Bioinformatics\INTERNSHIP\brisc2025\segmentation_task\test\masks\brisc2025_test_00325_me_ax_t1.png
brisc2025_test_00326_me_ax_t1.jpg,meningioma,meningioma,True,axial,meningioma,1,1664,112,208,False,6895.51904296875,68.78279113769531,0.009974998358946165,0.0,0.0,0.0,D:\MSC Bioinformatics\INTERNSHIP\BrainTumor\data\processed\classification_224_rgb\test\meningioma\brisc2025_test_00326_me_ax_t1.png,D:\MSC Bioinformatics\INTERNSHIP\brisc2025\segmentation_task\test\masks\brisc2025_test_00326_me_ax_t1.png
brisc2025_test_00327_me_ax_t1.jpg,meningioma,meningioma,True,axial,meningioma,1,416,112,0,False,4334.546875,11.981789588928223,0.0027642542425909797,0.0,0.0,0.0,D:\MSC Bioinformatics\INTERNSHIP\BrainTumor\data\processed\classification_224_rgb\test\meningioma\brisc2025_test_00327_me_ax_t1.png,D:\MSC Bioinformatics\INTERNSHIP\brisc2025\segmentation_task\test\masks\brisc2025_test_00327_me_ax_t1.png
brisc2025_test_00328_me_ax_t1.jpg,meningioma,meningioma,True,axial,meningioma,1,802,143,112,False,13225.0615234375,486.5474853515625,0.036789808840533664,0.04961404382470119,0.05142907551164432,0.03332887163699639,D:\MSC Bioinformatics\INTERNSHIP\BrainTumor\data\processed\classification_224_rgb\test\meningioma\brisc2025_test_00328_me_ax_t1.png,D:\MSC Bioinformatics\INTERNSHIP\brisc2025\segmentation_task\test\masks\brisc2025_test_00328_me_ax_t1.png
brisc2025_test_00329_me_ax_t1.jpg,meningioma,meningioma,True,axial,meningioma,1,220,112,144,False,14451.2216796875,95.10447692871094,0.006581068302508215,0.01134020618556701,0.0,0.0,D:\MSC Bioinformatics\INTERNSHIP\BrainTumor\data\processed\classification_224_rgb\test\meningioma\brisc2025_test_00329_me_ax_t1.png,D:\MSC Bioinformatics\INTERNSHIP\brisc2025\segmentation_task\test\masks\brisc2025_test_00329_me_ax_t1.png
brisc2025_test_00330_me_ax_t1.jpg,meningioma,meningioma,True,axial,meningioma,1,721,143,112,False,14115.6005859375,341.35211181640625,0.02418261339559822,0.03645464657700475,0.023319737542117396,0.0,D:\MSC Bioinformatics\INTERNSHIP\BrainTumor\data\processed\classification_224_rgb\test\meningioma\brisc2025_test_00330_me_ax_t1.png,D:\MSC Bioinformatics\INTERNSHIP\brisc2025\segmentation_task\test\masks\brisc2025_test_00330_me_ax_t1.png
brisc2025_test_00331_me_ax_t1.jpg,meningioma,meningioma,True,axial,meningioma,1,410,112,175,False,16946.009765625,217.13580322265625,0.01281338829764612,0.014626141552511416,0.02288949052424317,0.0,D:\MSC Bioinformatics\INTERNSHIP\BrainTumor\data\processed\classification_224_rgb\test\meningioma\brisc2025_test_00331_me_ax_t1.png,D:\MSC Bioinformatics\INTERNSHIP\brisc2025\segmentation_task\test\masks\brisc2025_test_00331_me_ax_t1.png
brisc2025_test_00332_me_ax_t1.jpg,meningioma,meningioma,True,axial,meningioma,1,1064,79,144,False,8255.548828125,0.0,0.0,0.0,0.0,0.0,D:\MSC Bioinformatics\INTERNSHIP\BrainTumor\data\processed\classification_224_rgb\test\meningioma\brisc2025_test_00332_me_ax_t1.png,D:\MSC Bioinformatics\INTERNSHIP\brisc2025\segmentation_task\test\masks\brisc2025_test_00332_me_ax_t1.png
brisc2025_test_00333_me_ax_t1.jpg,meningioma,meningioma,True,axial,meningioma,1,921,143,176,False,11955.8828125,299.2871398925781,0.02503262574468113,0.028649008090435555,0.011333134506412169,0.0,D:\MSC Bioinformatics\INTERNSHIP\BrainTumor\data\processed\classification_224_rgb\test\meningioma\brisc2025_test_00333_me_ax_t1.png,D:\MSC Bioinformatics\INTERNSHIP\brisc2025\segmentation_task\test\masks\brisc2025_test_00333_me_ax_t1.png
brisc2025_test_00334_me_ax_t1.jpg,meningioma,meningioma,True,axial,meningioma,1,517,143,175,False,11794.609375,254.86300659179688,0.021608431317107258,0.0264870126543368,0.03605259437296762,0.0,D:\MSC Bioinformatics\INTERNSHIP\BrainTumor\data\processed\classification_224_rgb\test\meningioma\brisc2025_test_00334_me_ax_t1.png,D:\MSC Bioinformatics\INTERNSHIP\brisc2025\segmentation_task\test\masks\brisc2025_test_00334_me_ax_t1.png
brisc2025_test_00335_me_ax_t1.jpg,meningioma,meningioma,True,axial,meningioma,1,377,111,79,False,12075.236328125,251.47598266601562,0.020825760741451586,0.024144998078647367,0.04064251832686503,0.017248545303408146,D:\MSC Bioinformatics\INTERNSHIP\BrainTumor\data\processed\classification_224_rgb\test\meningioma\brisc2025_test_00335_me_ax_t1.png,D:\MSC Bioinformatics\INTERNSHIP\brisc2025\segmentation_task\test\masks\brisc2025_test_00335_me_ax_t1.png
brisc2025_test_00336_me_ax_t1.jpg,meningioma,meningioma,True,axial,meningioma,1,3053,112,111,False,14633.578125,2259.1025390625,0.1543780010442593,0.14251703855849127,0.2686012563036362,0.39829161700437027,D:\MSC Bioinformatics\INTERNSHIP\BrainTumor\data\processed\classification_224_rgb\test\meningioma\brisc2025_test_00336_me_ax_t1.png,D:\MSC Bioinformatics\INTERNSHIP\brisc2025\segmentation_task\test\masks\brisc2025_test_00336_me_ax_t1.png
brisc2025_test_00337_me_ax_t1.jpg,meningioma,meningioma,True,axial,meningioma,1,654,48,47,False,5356.9384765625,0.0,0.0,0.0,0.0,0.0,D:\MSC Bioinformatics\INTERNSHIP\BrainTumor\data\processed\classification_224_rgb\test\meningioma\brisc2025_test_00337_me_ax_t1.png,D:\MSC Bioinformatics\INTERNSHIP\brisc2025\segmentation_task\test\masks\brisc2025_test_00337_me_ax_t1.png
brisc2025_test_00338_me_ax_t1.jpg,meningioma,meningioma,True,axial,meningioma,1,2487,175,112,False,14121.2099609375,1186.607666015625,0.084030169461261,0.1313024655509213,0.05828838257789228,0.004648691725328729,D:\MSC Bioinformatics\INTERNSHIP\BrainTumor\data\processed\classification_224_rgb\test\meningioma\brisc2025_test_00338_me_ax_t1.png,D:\MSC Bioinformatics\INTERNSHIP\brisc2025\segmentation_task\test\masks\brisc2025_test_00338_me_ax_t1.png
brisc2025_test_00339_me_ax_t1.jpg,meningioma,meningioma,True,axial,meningioma,1,1488,112,112,False,12813.2783203125,1176.541748046875,0.09182207071719804,0.08195637805684071,0.14621204677213323,0.25477039211574753,D:\MSC Bioinformatics\INTERNSHIP\BrainTumor\data\processed\classification_224_rgb\test\meningioma\brisc2025_test_00339_me_ax_t1.png,D:\MSC Bioinformatics\INTERNSHIP\brisc2025\segmentation_task\test\masks\brisc2025_test_00339_me_ax_t1.png
brisc2025_test_00340_me_ax_t1.jpg,meningioma,meningioma,True,axial,meningioma,1,145,143,175,False,10848.8525390625,1.9312105178833008,0.00017801057862384639,0.0,0.0,0.0,D:\MSC Bioinformatics\INTERNSHIP\BrainTumor\data\processed\classification_224_rgb\test\meningioma\brisc2025_test_00340_me_ax_t1.png,D:\MSC Bioinformatics\INTERNSHIP\brisc2025\segmentation_task\test\masks\brisc2025_test_00340_me_ax_t1.png
brisc2025_test_00341_me_ax_t1.jpg,meningioma,meningioma,True,axial,meningioma,1,1059,80,143,False,11868.5537109375,267.4761047363281,0.022536537412291,0.020521207005697404,0.002686108979278588,0.0,D:\MSC Bioinformatics\INTERNSHIP\BrainTumor\data\processed\classification_224_rgb\test\meningioma\brisc2025_test_00341_me_ax_t1.png,D:\MSC Bioinformatics\INTERNSHIP\brisc2025\segmentation_task\test\masks\brisc2025_test_00341_me_ax_t1.png
brisc2025_test_00342_me_ax_t1.jpg,meningioma,meningioma,True,axial,meningioma,1,2216,112,176,False,17925.166015625,904.4930419921875,0.05045939553384105,0.0733099955816878,0.016785128485511207,0.0,D:\MSC Bioinformatics\INTERNSHIP\BrainTumor\data\processed\classification_224_rgb\test\meningioma\brisc2025_test_00342_me_ax_t1.png,D:\MSC Bioinformatics\INTERNSHIP\brisc2025\segmentation_task\test\masks\brisc2025_test_00342_me_ax_t1.png
brisc2025_test_00343_me_ax_t1.jpg,meningioma,meningioma,True,axial,meningioma,1,411,111,144,False,18996.333984375,357.47467041015625,0.01881808725326628,0.014022039507352188,0.022561343799747488,0.059094176851186196,D:\MSC Bioinformatics\INTERNSHIP\BrainTumor\data\processed\classification_224_rgb\test\meningioma\brisc2025_test_00343_me_ax_t1.png,D:\MSC Bioinformatics\INTERNSHIP\brisc2025\segmentation_task\test\masks\brisc2025_test_00343_me_ax_t1.png
brisc2025_test_00344_me_ax_t1.jpg,meningioma,meningioma,True,axial,meningioma,1,1038,111,79,False,14309.748046875,531.17333984375,0.037119684994017,0.053334703524817596,0.05219656814302399,0.0,D:\MSC Bioinformatics\INTERNSHIP\BrainTumor\data\processed\classification_224_rgb\test\meningioma\brisc2025_test_00344_me_ax_t1.png,D:\MSC Bioinformatics\INTERNSHIP\brisc2025\segmentation_task\test\masks\brisc2025_test_00344_me_ax_t1.png
brisc2025_test_00345_me_ax_t1.jpg,meningioma,meningioma,True,axial,meningioma,1,659,111,79,False,12997.1796875,476.27508544921875,0.03664449495202986,0.037424044522687265,0.08781982942430704,0.13850017940437748,D:\MSC Bioinformatics\INTERNSHIP\BrainTumor\data\processed\classification_224_rgb\test\meningioma\brisc2025_test_00345_me_ax_t1.png,D:\MSC Bioinformatics\INTERNSHIP\brisc2025\segmentation_task\test\masks\brisc2025_test_00345_me_ax_t1.png
brisc2025_test_00346_me_ax_t1.jpg,meningioma,meningioma,True,axial,meningioma,1,1030,80,175,False,11492.74609375,847.11181640625,0.07370839044873073,0.07109331860850358,0.11269146608315099,0.14931331842861706,D:\MSC Bioinformatics\INTERNSHIP\BrainTumor\data\processed\classification_224_rgb\test\meningioma\brisc2025_test_00346_me_ax_t1.png,D:\MSC Bioinformatics\INTERNSHIP\brisc2025\segmentation_task\test\masks\brisc2025_test_00346_me_ax_t1.png
brisc2025_test_00347_me_ax_t1.jpg,meningioma,meningioma,True,axial,meningioma,1,1925,143,175,False,12255.005859375,593.8623046875,0.04845875322313283,0.059729242926035674,0.032958126969833405,0.0,D:\MSC Bioinformatics\INTERNSHIP\BrainTumor\data\processed\classification_224_rgb\test\meningioma\brisc2025_test_00347_me_ax_t1.png,D:\MSC Bioinformatics\INTERNSHIP\brisc2025\segmentation_task\test\masks\brisc2025_test_00347_me_ax_t1.png
brisc2025_test_00348_me_ax_t1.jpg,meningioma,meningioma,True,axial,meningioma,1,2155,48,80,False,6883.02099609375,804.0736083984375,0.11681986860925822,0.18608862377503196,0.00613395225464191,0.0,D:\MSC Bioinformatics\INTERNSHIP\BrainTumor\data\processed\classification_224_rgb\test\meningioma\brisc2025_test_00348_me_ax_t1.png,D:\MSC Bioinformatics\INTERNSHIP\brisc2025\segmentation_task\test\masks\brisc2025_test_00348_me_ax_t1.png
brisc2025_test_00349_me_ax_t1.jpg,meningioma,pituitary,False,axial,pituitary,3,1239,143,111,False,11791.509765625,510.109619140625,0.043260755346844,0.06196170766466324,0.03005160376403926,0.000752162467092892,D:\MSC Bioinformatics\INTERNSHIP\BrainTumor\data\processed\classification_224_rgb\test\meningioma\brisc2025_test_00349_me_ax_t1.png,D:\MSC Bioinformatics\INTERNSHIP\brisc2025\segmentation_task\test\masks\brisc2025_test_00349_me_ax_t1.png
brisc2025_test_00350_me_ax_t1.jpg,meningioma,meningioma,True,axial,meningioma,1,991,80,79,False,12851.9384765625,596.558349609375,0.04641777197247649,0.0457159425892814,0.08405374440162483,0.07237219988512349,D:\MSC Bioinformatics\INTERNSHIP\BrainTumor\data\processed\classification_224_rgb\test\meningioma\brisc2025_test_00350_me_ax_t1.png,D:\MSC Bioinformatics\INTERNSHIP\brisc2025\segmentation_task\test\masks\brisc2025_test_00350_me_ax_t1.png
brisc2025_test_00351_me_ax_t1.jpg,meningioma,glioma,False,axial,glioma,0,1917,47,47,False,9364.212890625,0.3801147937774658,4.059228450028282e-05,0.0,0.0,0.0,D:\MSC Bioinformatics\INTERNSHIP\BrainTumor\data\processed\classification_224_rgb\test\meningioma\brisc2025_test_00351_me_ax_t1.png,D:\MSC Bioinformatics\INTERNSHIP\brisc2025\segmentation_task\test\masks\brisc2025_test_00351_me_ax_t1.png
brisc2025_test_00352_me_ax_t1.jpg,meningioma,meningioma,True,axial,meningioma,1,675,144,175,False,13454.3505859375,379.4388732910156,0.028201946341996284,0.03277017186134576,0.0580875781948168,0.0,D:\MSC Bioinformatics\INTERNSHIP\BrainTumor\data\processed\classification_224_rgb\test\meningioma\brisc2025_test_00352_me_ax_t1.png,D:\MSC Bioinformatics\INTERNSHIP\brisc2025\segmentation_task\test\masks\brisc2025_test_00352_me_ax_t1.png
brisc2025_test_00353_me_ax_t1.jpg,meningioma,meningioma,True,axial,meningioma,1,856,112,175,False,14298.828125,530.2029418945312,0.03708016749760962,0.04331764586812408,0.06167325201855351,0.034731827262947594,D:\MSC Bioinformatics\INTERNSHIP\BrainTumor\data\processed\classification_224_rgb\test\meningioma\brisc2025_test_00353_me_ax_t1.png,D:\MSC Bioinformatics\INTERNSHIP\brisc2025\segmentation_task\test\masks\brisc2025_test_00353_me_ax_t1.png
brisc2025_test_00354_me_ax_t1.jpg,meningioma,pituitary,False,axial,pituitary,3,900,112,111,False,8719.087890625,298.0318298339844,0.03418153751545919,0.044128835911742326,0.006528526823729776,0.0,D:\MSC Bioinformatics\INTERNSHIP\BrainTumor\data\processed\classification_224_rgb\test\meningioma\brisc2025_test_00354_me_ax_t1.png,D:\MSC Bioinformatics\INTERNSHIP\brisc2025\segmentation_task\test\masks\brisc2025_test_00354_me_ax_t1.png
brisc2025_test_00355_me_ax_t1.jpg,meningioma,meningioma,True,axial,meningioma,1,1024,112,176,False,10824.3603515625,779.9525146484375,0.07205529835634593,0.07656647225960819,0.10037256191102345,0.108322102425876,D:\MSC Bioinformatics\INTERNSHIP\BrainTumor\data\processed\classification_224_rgb\test\meningioma\brisc2025_test_00355_me_ax_t1.png,D:\MSC Bioinformatics\INTERNSHIP\brisc2025\segmentation_task\test\masks\brisc2025_test_00355_me_ax_t1.png
brisc2025_test_00356_me_ax_t1.jpg,meningioma,meningioma,True,axial,meningioma,1,2719,112,143,True,10790.2197265625,2069.392578125,0.19178409991325152,0.17668464487621027,0.37874355759855133,0.5041606886657102,D:\MSC Bioinformatics\INTERNSHIP\BrainTumor\data\processed\classification_224_rgb\test\meningioma\brisc2025_test_00356_me_ax_t1.png,D:\MSC Bioinformatics\INTERNSHIP\brisc2025\segmentation_task\test\masks\brisc2025_test_00356_me_ax_t1.png
brisc2025_test_00357_me_ax_t1.jpg,meningioma,meningioma,True,axial,meningioma,1,534,208,112,False,4540.13720703125,3.483003616333008,0.0007671582283766505,0.0,0.0,0.0,D:\MSC Bioinformatics\INTERNSHIP\BrainTumor\data\processed\classification_224_rgb\test\meningioma\brisc2025_test_00357_me_ax_t1.png,D:\MSC Bioinformatics\INTERNSHIP\brisc2025\segmentation_task\test\masks\brisc2025_test_00357_me_ax_t1.png
brisc2025_test_00358_me_ax_t1.jpg,meningioma,meningioma,True,axial,meningioma,1,726,80,48,False,14518.048828125,237.31875610351562,0.016346463558089937,0.016955218538898583,0.011515464678526611,0.0049521294156487285,D:\MSC Bioinformatics\INTERNSHIP\BrainTumor\data\processed\classification_224_rgb\test\meningioma\brisc2025_test_00358_me_ax_t1.png,D:\MSC Bioinformatics\INTERNSHIP\brisc2025\segmentation_task\test\masks\brisc2025_test_00358_me_ax_t1.png
brisc2025_test_00359_me_ax_t1.jpg,meningioma,meningioma,True,axial,meningioma,1,1894,80,144,True,12244.3857421875,1651.775634765625,0.1349006532091278,0.12194964908891893,0.22230046948356808,0.40730593607305937,D:\MSC Bioinformatics\INTERNSHIP\BrainTumor\data\processed\classification_224_rgb\test\meningioma\brisc2025_test_00359_me_ax_t1.png,D:\MSC Bioinformatics\INTERNSHIP\brisc2025\segmentation_task\test\masks\brisc2025_test_00359_me_ax_t1.png
brisc2025_test_00360_me_ax_t1.jpg,meningioma,meningioma,True,axial,meningioma,1,1190,111,176,False,12105.89453125,427.29217529296875,0.03529620832148853,0.05191005147656462,0.003985464775524557,0.0,D:\MSC Bioinformatics\INTERNSHIP\BrainTumor\data\processed\classification_224_rgb\test\meningioma\brisc2025_test_00360_me_ax_t1.png,D:\MSC Bioinformatics\INTERNSHIP\brisc2025\segmentation_task\test\masks\brisc2025_test_00360_me_ax_t1.png
brisc2025_test_00361_me_ax_t1.jpg,meningioma,meningioma,True,axial,meningioma,1,735,176,111,False,6086.15771484375,12.210216522216797,0.0020062274252993575,0.0,0.0,0.0,D:\MSC Bioinformatics\INTERNSHIP\BrainTumor\data\processed\classification_224_rgb\test\meningioma\brisc2025_test_00361_me_ax_t1.png,D:\MSC Bioinformatics\INTERNSHIP\brisc2025\segmentation_task\test\masks\brisc2025_test_00361_me_ax_t1.png
brisc2025_test_00362_me_ax_t1.jpg,meningioma,meningioma,True,axial,meningioma,1,439,143,144,False,8109.6689453125,146.48680114746094,0.018063228244616855,0.03625164980202376,0.0,0.0,D:\MSC Bioinformatics\INTERNSHIP\BrainTumor\data\processed\classification_224_rgb\test\meningioma\brisc2025_test_00362_me_ax_t1.png,D:\MSC Bioinformatics\INTERNSHIP\brisc2025\segmentation_task\test\masks\brisc2025_test_00362_me_ax_t1.png
brisc2025_test_00363_me_ax_t1.jpg,meningioma,meningioma,True,axial,meningioma,1,447,143,176,False,18451.515625,311.8829345703125,0.016902835566946144,0.015289369270762075,0.026152962939337884,0.03674628361449808,D:\MSC Bioinformatics\INTERNSHIP\BrainTumor\data\processed\classification_224_rgb\test\meningioma\brisc2025_test_00363_me_ax_t1.png,D:\MSC Bioinformatics\INTERNSHIP\brisc2025\segmentation_task\test\masks\brisc2025_test_00363_me_ax_t1.png
brisc2025_test_00364_me_ax_t1.jpg,meningioma,meningioma,True,axial,meningioma,1,582,0,112,False,7744.80419921875,0.0,0.0,0.0,0.0,0.0,D:\MSC Bioinformatics\INTERNSHIP\BrainTumor\data\processed\classification_224_rgb\test\meningioma\brisc2025_test_00364_me_ax_t1.png,D:\MSC Bioinformatics\INTERNSHIP\brisc2025\segmentation_task\test\masks\brisc2025_test_00364_me_ax_t1.png
brisc2025_test_00365_me_ax_t1.jpg,meningioma,pituitary,False,axial,pituitary,3,383,143,80,False,5044.78271484375,208.0306854248047,0.04123679793238586,0.06589814177563662,0.129695885509839,0.003861003861003861,D:\MSC Bioinformatics\INTERNSHIP\BrainTumor\data\processed\classification_224_rgb\test\meningioma\brisc2025_test_00365_me_ax_t1.png,D:\MSC Bioinformatics\INTERNSHIP\brisc2025\segmentation_task\test\masks\brisc2025_test_00365_me_ax_t1.png
brisc2025_test_00366_me_ax_t1.jpg,meningioma,meningioma,True,axial,meningioma,1,1971,80,143,False,13976.240234375,1319.650390625,0.09442098650961069,0.09281846008947492,0.1585654469324595,0.13898799870256243,D:\MSC Bioinformatics\INTERNSHIP\BrainTumor\data\processed\classification_224_rgb\test\meningioma\brisc2025_test_00366_me_ax_t1.png,D:\MSC Bioinformatics\INTERNSHIP\brisc2025\segmentation_task\test\masks\brisc2025_test_00366_me_ax_t1.png
brisc2025_test_00367_me_ax_t1.jpg,meningioma,meningioma,True,axial,meningioma,1,545,80,47,False,2236.65771484375,0.5593055486679077,0.00025006309412300043,0.0,0.0,0.0,D:\MSC Bioinformatics\INTERNSHIP\BrainTumor\data\processed\classification_224_rgb\test\meningioma\brisc2025_test_00367_me_ax_t1.png,D:\MSC Bioinformatics\INTERNSHIP\brisc2025\segmentation_task\test\masks\brisc2025_test_00367_me_ax_t1.png
brisc2025_test_00368_me_ax_t1.jpg,meningioma,meningioma,True,axial,meningioma,1,1110,112,176,False,5061.1552734375,0.0,0.0,0.0,0.0,0.0,D:\MSC Bioinformatics\INTERNSHIP\BrainTumor\data\processed\classification_224_rgb\test\meningioma\brisc2025_test_00368_me_ax_t1.png,D:\MSC Bioinformatics\INTERNSHIP\brisc2025\segmentation_task\test\masks\brisc2025_test_00368_me_ax_t1.png
brisc2025_test_00369_me_ax_t1.jpg,meningioma,meningioma,True,axial,meningioma,1,384,143,175,False,12694.451171875,77.75833892822266,0.006125380126751677,0.0005675661730560859,0.0,0.0,D:\MSC Bioinformatics\INTERNSHIP\BrainTumor\data\processed\classification_224_rgb\test\meningioma\brisc2025_test_00369_me_ax_t1.png,D:\MSC Bioinformatics\INTERNSHIP\brisc2025\segmentation_task\test\masks\brisc2025_test_00369_me_ax_t1.png
brisc2025_test_00370_me_ax_t1.jpg,meningioma,meningioma,True,axial,meningioma,1,1113,112,79,False,17668.9296875,248.94729614257812,0.014089551577009076,0.00978907708017888,0.0004793289394847214,0.0,D:\MSC Bioinformatics\INTERNSHIP\BrainTumor\data\processed\classification_224_rgb\test\meningioma\brisc2025_test_00370_me_ax_t1.png,D:\MSC Bioinformatics\INTERNSHIP\brisc2025\segmentation_task\test\masks\brisc2025_test_00370_me_ax_t1.png
brisc2025_test_00371_me_ax_t1.jpg,meningioma,meningioma,True,axial,meningioma,1,522,143,112,False,11753.0087890625,329.5559997558594,0.028040138969567384,0.03453980017203732,0.04230221679886109,0.037630536550234066,D:\MSC Bioinformatics\INTERNSHIP\BrainTumor\data\processed\classification_224_rgb\test\meningioma\brisc2025_test_00371_me_ax_t1.png,D:\MSC Bioinformatics\INTERNSHIP\brisc2025\segmentation_task\test\masks\brisc2025_test_00371_me_ax_t1.png
brisc2025_test_00372_me_ax_t1.jpg,meningioma,meningioma,True,axial,meningioma,1,260,111,175,False,11103.439453125,182.81927490234375,0.016465103058754493,0.015900195694716242,0.027808069792802616,0.039341517857142856,D:\MSC Bioinformatics\INTERNSHIP\BrainTumor\data\processed\classification_224_rgb\test\meningioma\brisc2025_test_00372_me_ax_t1.png,D:\MSC Bioinformatics\INTERNSHIP\brisc2025\segmentation_task\test\masks\brisc2025_test_00372_me_ax_t1.png
brisc2025_test_00373_me_ax_t1.jpg,meningioma,meningioma,True,axial,meningioma,1,966,48,144,False,6376.763671875,172.48646545410156,0.027049217178121372,0.00561941251596424,0.0,0.0,D:\MSC Bioinformatics\INTERNSHIP\BrainTumor\data\processed\classification_224_rgb\test\meningioma\brisc2025_test_00373_me_ax_t1.png,D:\MSC Bioinformatics\INTERNSHIP\brisc2025\segmentation_task\test\masks\brisc2025_test_00373_me_ax_t1.png
brisc2025_test_00374_me_ax_t1.jpg,meningioma,meningioma,True,axial,meningioma,1,803,80,112,False,14445.4091796875,593.0923461914062,0.04105749714763267,0.04160621761658031,0.0671516976082957,0.0762749445676275,D:\MSC Bioinformatics\INTERNSHIP\BrainTumor\data\processed\classification_224_rgb\test\meningioma\brisc2025_test_00374_me_ax_t1.png,D:\MSC Bioinformatics\INTERNSHIP\brisc2025\segmentation_task\test\masks\brisc2025_test_00374_me_ax_t1.png
brisc2025_test_00375_me_ax_t1.jpg,meningioma,meningioma,True,axial,meningioma,1,549,48,79,False,12891.3037109375,195.24183654785156,0.01514523596106114,0.020095317643590627,0.0,0.0,D:\MSC Bioinformatics\INTERNSHIP\BrainTumor\data\processed\classification_224_rgb\test\meningioma\brisc2025_test_00375_me_ax_t1.png,D:\MSC Bioinformatics\INTERNSHIP\brisc2025\segmentation_task\test\masks\brisc2025_test_00375_me_ax_t1.png
brisc2025_test_00376_me_ax_t1.jpg,meningioma,meningioma,True,axial,meningioma,1,233,112,80,False,14299.169921875,78.76558685302734,0.005508402745290203,0.00821044671312051,0.0,0.0,D:\MSC Bioinformatics\INTERNSHIP\BrainTumor\data\processed\classification_224_rgb\test\meningioma\brisc2025_test_00376_me_ax_t1.png,D:\MSC Bioinformatics\INTERNSHIP\brisc2025\segmentation_task\test\masks\brisc2025_test_00376_me_ax_t1.png
brisc2025_test_00377_me_ax_t1.jpg,meningioma,meningioma,True,axial,meningioma,1,2121,80,112,False,16289.662109375,1470.2347412109375,0.09025569292593186,0.09309981564392941,0.1479281040836279,0.12010027347310848,D:\MSC Bioinformatics\INTERNSHIP\BrainTumor\data\processed\classification_224_rgb\test\meningioma\brisc2025_test_00377_me_ax_t1.png,D:\MSC Bioinformatics\INTERNSHIP\brisc2025\segmentation_task\test\masks\brisc2025_test_00377_me_ax_t1.png
brisc2025_test_00378_me_ax_t1.jpg,meningioma,meningioma,True,axial,meningioma,1,706,144,144,False,10971.7353515625,52.26637268066406,0.004763728891184086,0.000709490803907657,0.0,0.0,D:\MSC Bioinformatics\INTERNSHIP\BrainTumor\data\processed\classification_224_rgb\test\meningioma\brisc2025_test_00378_me_ax_t1.png,D:\MSC Bioinformatics\INTERNSHIP\brisc2025\segmentation_task\test\masks\brisc2025_test_00378_me_ax_t1.png
brisc2025_test_00379_me_ax_t1.jpg,meningioma,meningioma,True,axial,meningioma,1,2774,112,175,False,13280.8857421875,1028.53466796875,0.07744473432984596,0.10309228848554691,0.026454170374565166,0.0,D:\MSC Bioinformatics\INTERNSHIP\BrainTumor\data\processed\classification_224_rgb\test\meningioma\brisc2025_test_00379_me_ax_t1.png,D:\MSC Bioinformatics\INTERNSHIP\brisc2025\segmentation_task\test\masks\brisc2025_test_00379_me_ax_t1.png
brisc2025_test_00380_me_ax_t1.jpg,meningioma,meningioma,True,axial,meningioma,1,1019,112,48,False,11481.849609375,164.91702270507812,0.014363280160926544,0.00974705495425462,0.0,0.0,D:\MSC Bioinformatics\INTERNSHIP\BrainTumor\data\processed\classification_224_rgb\test\meningioma\brisc2025_test_00380_me_ax_t1.png,D:\MSC Bioinformatics\INTERNSHIP\brisc2025\segmentation_task\test\masks\brisc2025_test_00380_me_ax_t1.png
brisc2025_test_00381_me_ax_t1.jpg,meningioma,meningioma,True,axial,meningioma,1,1128,79,175,False,13528.9794921875,402.19891357421875,0.029728695634912757,0.03048858818995418,0.028894806924101197,0.005738880918220947,D:\MSC Bioinformatics\INTERNSHIP\BrainTumor\data\processed\classification_224_rgb\test\meningioma\brisc2025_test_00381_me_ax_t1.png,D:\MSC Bioinformatics\INTERNSHIP\brisc2025\segmentation_task\test\masks\brisc2025_test_00381_me_ax_t1.png
brisc2025_test_00382_me_ax_t1.jpg,meningioma,meningioma,True,axial,meningioma,1,623,111,208,False,3158.183837890625,0.0,0.0,0.0,0.0,0.0,D:\MSC Bioinformatics\INTERNSHIP\BrainTumor\data\processed\classification_224_rgb\test\meningioma\brisc2025_test_00382_me_ax_t1.png,D:\MSC Bioinformatics\INTERNSHIP\brisc2025\segmentation_task\test\masks\brisc2025_test_00382_me_ax_t1.png
brisc2025_test_00383_me_ax_t1.jpg,meningioma,meningioma,True,axial,meningioma,1,437,111,208,False,8738.025390625,143.47250366210938,0.016419327851351927,0.01935338684269747,0.0025464349910125825,0.0,D:\MSC Bioinformatics\INTERNSHIP\BrainTumor\data\processed\classification_224_rgb\test\meningioma\brisc2025_test_00383_me_ax_t1.png,D:\MSC Bioinformatics\INTERNSHIP\brisc2025\segmentation_task\test\masks\brisc2025_test_00383_me_ax_t1.png
brisc2025_test_00384_me_ax_t1.jpg,meningioma,meningioma,True,axial,meningioma,1,587,80,143,False,14981.857421875,456.970703125,0.03050160539225112,0.02613884312241172,0.05020097494227316,0.10408123413395821,D:\MSC Bioinformatics\INTERNSHIP\BrainTumor\data\processed\classification_224_rgb\test\meningioma\brisc2025_test_00384_me_ax_t1.png,D:\MSC Bioinformatics\INTERNSHIP\brisc2025\segmentation_task\test\masks\brisc2025_test_00384_me_ax_t1.png
brisc2025_test_00385_me_ax_t1.jpg,meningioma,meningioma,True,axial,meningioma,1,1354,79,112,False,15489.1259765625,147.02236938476562,0.009491973246730238,0.002069100136638688,0.0,0.0,D:\MSC Bioinformatics\INTERNSHIP\BrainTumor\data\processed\classification_224_rgb\test\meningioma\brisc2025_test_00385_me_ax_t1.png,D:\MSC Bioinformatics\INTERNSHIP\brisc2025\segmentation_task\test\masks\brisc2025_test_00385_me_ax_t1.png
brisc2025_test_00386_me_ax_t1.jpg,meningioma,meningioma,True,axial,meningioma,1,598,112,176,False,15021.7431640625,1.685535192489624,0.00011220636473948245,0.0,0.0,0.0,D:\MSC Bioinformatics\INTERNSHIP\BrainTumor\data\processed\classification_224_rgb\test\meningioma\brisc2025_test_00386_me_ax_t1.png,D:\MSC Bioinformatics\INTERNSHIP\brisc2025\segmentation_task\test\masks\brisc2025_test_00386_me_ax_t1.png
brisc2025_test_00387_me_ax_t1.jpg,meningioma,meningioma,True,axial,meningioma,1,1629,112,111,False,15128.958984375,1164.5849609375,0.07697720392660651,0.0743699780861943,0.11820296597848212,0.13267496779733792,D:\MSC Bioinformatics\INTERNSHIP\BrainTumor\data\processed\classification_224_rgb\test\meningioma\brisc2025_test_00387_me_ax_t1.png,D:\MSC Bioinformatics\INTERNSHIP\brisc2025\segmentation_task\test\masks\brisc2025_test_00387_me_ax_t1.png
brisc2025_test_00388_me_ax_t1.jpg,meningioma,meningioma,True,axial,meningioma,1,973,111,175,False,13516.9560546875,748.923095703125,0.05540619446220723,0.05316649363422764,0.10042316028485912,0.1916863672182821,D:\MSC Bioinformatics\INTERNSHIP\BrainTumor\data\processed\classification_224_rgb\test\meningioma\brisc2025_test_00388_me_ax_t1.png,D:\MSC Bioinformatics\INTERNSHIP\brisc2025\segmentation_task\test\masks\brisc2025_test_00388_me_ax_t1.png
brisc2025_test_00389_me_ax_t1.jpg,meningioma,meningioma,True,axial,meningioma,1,770,111,112,False,15070.814453125,638.6724243164062,0.04237809617409063,0.03812636165577342,0.059894212818917235,0.10882049771756737,D:\MSC Bioinformatics\INTERNSHIP\BrainTumor\data\processed\classification_224_rgb\test\meningioma\brisc2025_test_00389_me_ax_t1.png,D:\MSC Bioinformatics\INTERNSHIP\brisc2025\segmentation_task\test\masks\brisc2025_test_00389_me_ax_t1.png
brisc2025_test_00390_me_ax_t1.jpg,meningioma,meningioma,True,axial,meningioma,1,382,112,79,False,16750.609375,312.1519775390625,0.01863526099563542,0.01518403688687495,0.03605134012835032,0.11147540983606558,D:\MSC Bioinformatics\INTERNSHIP\BrainTumor\data\processed\classification_224_rgb\test\meningioma\brisc2025_test_00390_me_ax_t1.png,D:\MSC Bioinformatics\INTERNSHIP\brisc2025\segmentation_task\test\masks\brisc2025_test_00390_me_ax_t1.png
brisc2025_test_00391_me_ax_t1.jpg,meningioma,meningioma,True,axial,meningioma,1,761,111,208,False,4796.57861328125,95.16192626953125,0.019839542711973347,0.001998667554963358,0.0,0.0,D:\MSC Bioinformatics\INTERNSHIP\BrainTumor\data\processed\classification_224_rgb\test\meningioma\brisc2025_test_00391_me_ax_t1.png,D:\MSC Bioinformatics\INTERNSHIP\brisc2025\segmentation_task\test\masks\brisc2025_test_00391_me_ax_t1.png
brisc2025_test_00392_me_co_t1.jpg,meningioma,meningioma,True,coronal,meningioma,1,1517,111,112,False,14158.5927734375,744.942138671875,0.052614136912634286,0.06754554880758407,0.07266097474208466,0.003069053708439898,D:\MSC Bioinformatics\INTERNSHIP\BrainTumor\data\processed\classification_224_rgb\test\meningioma\brisc2025_test_00392_me_co_t1.png,D:\MSC Bioinformatics\INTERNSHIP\brisc2025\segmentation_task\test\masks\brisc2025_test_00392_me_co_t1.png
brisc2025_test_00393_me_co_t1.jpg,meningioma,meningioma,True,coronal,meningioma,1,1509,176,111,False,5548.97412109375,726.302734375,0.13088955156846893,0.13910795087265676,0.13049645390070921,0.10556621880998081,D:\MSC Bioinformatics\INTERNSHIP\BrainTumor\data\processed\classification_224_rgb\test\meningioma\brisc2025_test_00393_me_co_t1.png,D:\MSC Bioinformatics\INTERNSHIP\brisc2025\segmentation_task\test\masks\brisc2025_test_00393_me_co_t1.png
brisc2025_test_00394_me_co_t1.jpg,meningioma,meningioma,True,coronal,meningioma,1,2163,176,144,False,11564.48828125,448.917236328125,0.038818599267896166,0.030170968823332214,0.0195781708124468,0.004386766587461159,D:\MSC Bioinformatics\INTERNSHIP\BrainTumor\data\processed\classification_224_rgb\test\meningioma\brisc2025_test_00394_me_co_t1.png,D:\MSC Bioinformatics\INTERNSHIP\brisc2025\segmentation_task\test\masks\brisc2025_test_00394_me_co_t1.png
brisc2025_test_00395_me_co_t1.jpg,meningioma,meningioma,True,coronal,meningioma,1,1533,111,80,False,12870.181640625,110.81010437011719,0.008609832204725281,0.004947278996551897,0.0,0.0,D:\MSC Bioinformatics\INTERNSHIP\BrainTumor\data\processed\classification_224_rgb\test\meningioma\brisc2025_test_00395_me_co_t1.png,D:\MSC Bioinformatics\INTERNSHIP\brisc2025\segmentation_task\test\masks\brisc2025_test_00395_me_co_t1.png
brisc2025_test_00396_me_co_t1.jpg,meningioma,meningioma,True,coronal,meningioma,1,2257,48,80,False,14304.71875,1180.291015625,0.08251060620293565,0.08018494055482167,0.08522212148685404,0.08548707753479125,D:\MSC Bioinformatics\INTERNSHIP\BrainTumor\data\processed\classification_224_rgb\test\meningioma\brisc2025_test_00396_me_co_t1.png,D:\MSC Bioinformatics\INTERNSHIP\brisc2025\segmentation_task\test\masks\brisc2025_test_00396_me_co_t1.png
brisc2025_test_00397_me_co_t1.jpg,meningioma,meningioma,True,coronal,meningioma,1,3206,80,143,True,13334.3017578125,1945.8209228515625,0.14592597034273022,0.13171677982541222,0.1924802584350323,0.25460064503889207,D:\MSC Bioinformatics\INTERNSHIP\BrainTumor\data\processed\classification_224_rgb\test\meningioma\brisc2025_test_00397_me_co_t1.png,D:\MSC Bioinformatics\INTERNSHIP\brisc2025\segmentation_task\test\masks\brisc2025_test_00397_me_co_t1.png
brisc2025_test_00398_me_co_t1.jpg,meningioma,meningioma,True,coronal,meningioma,1,3885,208,175,False,6884.046875,29.134178161621094,0.004232129543949552,0.0,0.0,0.0,D:\MSC Bioinformatics\INTERNSHIP\BrainTumor\data\processed\classification_224_rgb\test\meningioma\brisc2025_test_00398_me_co_t1.png,D:\MSC Bioinformatics\INTERNSHIP\brisc2025\segmentation_task\test\masks\brisc2025_test_00398_me_co_t1.png
brisc2025_test_00399_me_co_t1.jpg,meningioma,meningioma,True,coronal,meningioma,1,4970,176,175,False,5776.0185546875,361.9905090332031,0.06267128569720945,0.0005328123612467809,0.0,0.0,D:\MSC Bioinformatics\INTERNSHIP\BrainTumor\data\processed\classification_224_rgb\test\meningioma\brisc2025_test_00399_me_co_t1.png,D:\MSC Bioinformatics\INTERNSHIP\brisc2025\segmentation_task\test\masks\brisc2025_test_00399_me_co_t1.png
brisc2025_test_00400_me_co_t1.jpg,meningioma,meningioma,True,coronal,meningioma,1,3284,112,111,False,10828.1298828125,1895.66748046875,0.17506877927995163,0.21160295103957075,0.24615028366330902,0.16792184001628332,D:\MSC Bioinformatics\INTERNSHIP\BrainTumor\data\processed\classification_224_rgb\test\meningioma\brisc2025_test_00400_me_co_t1.png,D:\MSC Bioinformatics\INTERNSHIP\brisc2025\segmentation_task\test\masks\brisc2025_test_00400_me_co_t1.png
brisc2025_test_00401_me_co_t1.jpg,meningioma,meningioma,True,coronal,meningioma,1,2180,176,112,True,17572.177734375,1521.7265625,0.0865986325373418,0.08709548541749901,0.10512707668610408,0.09878557186876925,D:\MSC Bioinformatics\INTERNSHIP\BrainTumor\data\processed\classification_224_rgb\test\meningioma\brisc2025_test_00401_me_co_t1.png,D:\MSC Bioinformatics\INTERNSHIP\brisc2025\segmentation_task\test\masks\brisc2025_test_00401_me_co_t1.png
brisc2025_test_00402_me_co_t1.jpg,meningioma,meningioma,True,coronal,meningioma,1,2372,111,80,False,17278.18359375,1378.705810546875,0.07979460358585327,0.09632316973748574,0.10574054909600049,0.04666821453447875,D:\MSC Bioinformatics\INTERNSHIP\BrainTumor\data\processed\classification_224_rgb\test\meningioma\brisc2025_test_00402_me_co_t1.png,D:\MSC Bioinformatics\INTERNSHIP\brisc2025\segmentation_task\test\masks\brisc2025_test_00402_me_co_t1.png
brisc2025_test_00403_me_co_t1.jpg,meningioma,meningioma,True,coronal,meningioma,1,925,111,0,False,3976.814453125,115.30931091308594,0.028995396258046518,0.005213951815893563,0.0,0.0,D:\MSC Bioinformatics\INTERNSHIP\BrainTumor\data\processed\classification_224_rgb\test\meningioma\brisc2025_test_00403_me_co_t1.png,D:\MSC Bioinformatics\INTERNSHIP\brisc2025\segmentation_task\test\masks\brisc2025_test_00403_me_co_t1.png
brisc2025_test_00404_me_co_t1.jpg,meningioma,meningioma,True,coronal,meningioma,1,1200,144,48,False,19462.361328125,430.6820983886719,0.022128974543612775,0.030461184966354832,0.0009437857606323365,0.0,D:\MSC Bioinformatics\INTERNSHIP\BrainTumor\data\processed\classification_224_rgb\test\meningioma\brisc2025_test_00404_me_co_t1.png,D:\MSC Bioinformatics\INTERNSHIP\brisc2025\segmentation_task\test\masks\brisc2025_test_00404_me_co_t1.png
brisc2025_test_00405_me_co_t1.jpg,meningioma,meningioma,True,coronal,meningioma,1,821,0,143,False,6784.5615234375,66.3450927734375,0.009778832802126726,0.0,0.0,0.0,D:\MSC Bioinformatics\INTERNSHIP\BrainTumor\data\processed\classification_224_rgb\test\meningioma\brisc2025_test_00405_me_co_t1.png,D:\MSC Bioinformatics\INTERNSHIP\brisc2025\segmentation_task\test\masks\brisc2025_test_00405_me_co_t1.png
brisc2025_test_00406_me_co_t1.jpg,meningioma,meningioma,True,coronal,meningioma,1,666,208,111,False,16395.353515625,178.92977905273438,0.010913444402538304,0.008743214685285708,0.0016170159835810684,0.0,D:\MSC Bioinformatics\INTERNSHIP\BrainTumor\data\processed\classification_224_rgb\test\meningioma\brisc2025_test_00406_me_co_t1.png,D:\MSC Bioinformatics\INTERNSHIP\brisc2025\segmentation_task\test\masks\brisc2025_test_00406_me_co_t1.png
brisc2025_test_00407_me_co_t1.jpg,meningioma,meningioma,True,coronal,meningioma,1,1602,112,79,False,8390.4599609375,1359.971923828125,0.16208550307844743,0.143317230273752,0.2037908663019972,0.3369098712446352,D:\MSC Bioinformatics\INTERNSHIP\BrainTumor\data\processed\classification_224_rgb\test\meningioma\brisc2025_test_00407_me_co_t1.png,D:\MSC Bioinformatics\INTERNSHIP\brisc2025\segmentation_task\test\masks\brisc2025_test_00407_me_co_t1.png
brisc2025_test_00408_me_co_t1.jpg,meningioma,meningioma,True,coronal,meningioma,1,2401,111,111,False,17913.283203125,1212.55126953125,0.06769006305442202,0.08776595744680851,0.0848983944546478,0.012273212379935965,D:\MSC Bioinformatics\INTERNSHIP\BrainTumor\data\processed\classification_224_rgb\test\meningioma\brisc2025_test_00408_me_co_t1.png,D:\MSC Bioinformatics\INTERNSHIP\brisc2025\segmentation_task\test\masks\brisc2025_test_00408_me_co_t1.png
brisc2025_test_00409_me_co_t1.jpg,meningioma,meningioma,True,coronal,meningioma,1,2226,48,80,False,17483.615234375,1606.666015625,0.09189552584445414,0.07701889142619887,0.22927180966113914,0.3242064453598255,D:\MSC Bioinformatics\INTERNSHIP\BrainTumor\data\processed\classification_224_rgb\test\meningioma\brisc2025_test_00409_me_co_t1.png,D:\MSC Bioinformatics\INTERNSHIP\brisc2025\segmentation_task\test\masks\brisc2025_test_00409_me_co_t1.png
brisc2025_test_00410_me_co_t1.jpg,meningioma,meningioma,True,coronal,meningioma,1,5214,47,79,False,1023.9679565429688,233.20484924316406,0.22774623732415408,0.05003186743148502,0.014588398749565822,0.00036927621861152144,D:\MSC Bioinformatics\INTERNSHIP\BrainTumor\data\processed\classification_224_rgb\test\meningioma\brisc2025_test_00410_me_co_t1.png,D:\MSC Bioinformatics\INTERNSHIP\brisc2025\segmentation_task\test\masks\brisc2025_test_00410_me_co_t1.png
brisc2025_test_00411_me_co_t1.jpg,meningioma,meningioma,True,coronal,meningioma,1,1089,47,111,False,14125.90234375,16.63243865966797,0.0011774425629543577,0.0,0.0,0.0,D:\MSC Bioinformatics\INTERNSHIP\BrainTumor\data\processed\classification_224_rgb\test\meningioma\brisc2025_test_00411_me_co_t1.png,D:\MSC Bioinformatics\INTERNSHIP\brisc2025\segmentation_task\test\masks\brisc2025_test_00411_me_co_t1.png
brisc2025_test_00412_me_co_t1.jpg,meningioma,meningioma,True,coronal,meningioma,1,687,112,80,False,11547.859375,399.6956787109375,0.03461210131950862,0.041984966082014304,0.05704657600192562,0.031438631790744465,D:\MSC Bioinformatics\INTERNSHIP\BrainTumor\data\processed\classification_224_rgb\test\meningioma\brisc2025_test_00412_me_co_t1.png,D:\MSC Bioinformatics\INTERNSHIP\brisc2025\segmentation_task\test\masks\brisc2025_test_00412_me_co_t1.png
brisc2025_test_00413_me_co_t1.jpg,meningioma,meningioma,True,coronal,meningioma,1,2572,0,144,False,5770.56201171875,15.389333724975586,0.0026668691357485137,0.0,0.0,0.0,D:\MSC Bioinformatics\INTERNSHIP\BrainTumor\data\processed\classification_224_rgb\test\meningioma\brisc2025_test_00413_me_co_t1.png,D:\MSC Bioinformatics\INTERNSHIP\brisc2025\segmentation_task\test\masks\brisc2025_test_00413_me_co_t1.png
brisc2025_test_00414_me_co_t1.jpg,meningioma,meningioma,True,coronal,meningioma,1,4300,0,47,False,6795.73876953125,1438.5377197265625,0.21168231571470317,0.1863124126017932,0.10703194321206744,0.011766741650804638,D:\MSC Bioinformatics\INTERNSHIP\BrainTumor\data\processed\classification_224_rgb\test\meningioma\brisc2025_test_00414_me_co_t1.png,D:\MSC Bioinformatics\INTERNSHIP\brisc2025\segmentation_task\test\masks\brisc2025_test_00414_me_co_t1.png
brisc2025_test_00415_me_co_t1.jpg,meningioma,meningioma,True,coronal,meningioma,1,2520,47,79,False,8102.03759765625,607.6130981445312,0.07499509732222188,0.0755736549455713,0.036688714344770564,0.0,D:\MSC Bioinformatics\INTERNSHIP\BrainTumor\data\processed\classification_224_rgb\test\meningioma\brisc2025_test_00415_me_co_t1.png,D:\MSC Bioinformatics\INTERNSHIP\brisc2025\segmentation_task\test\masks\brisc2025_test_00415_me_co_t1.png
brisc2025_test_00416_me_co_t1.jpg,meningioma,meningioma,True,coronal,meningioma,1,2504,47,79,False,8102.03759765625,616.8753662109375,0.07613829962840293,0.07744266415331448,0.03911599916995227,0.0,D:\MSC Bioinformatics\INTERNSHIP\BrainTumor\data\processed\classification_224_rgb\test\meningioma\brisc2025_test_00416_me_co_t1.png,D:\MSC Bioinformatics\INTERNSHIP\brisc2025\segmentation_task\test\masks\brisc2025_test_00416_me_co_t1.png
brisc2025_test_00417_me_co_t1.jpg,meningioma,meningioma,True,coronal,meningioma,1,3144,112,80,True,10510.599609375,2037.6539306640625,0.19386657340144167,0.22682574114244397,0.2995641418306043,0.25485008818342153,D:\MSC Bioinformatics\INTERNSHIP\BrainTumor\data\processed\classification_224_rgb\test\meningioma\brisc2025_test_00417_me_co_t1.png,D:\MSC Bioinformatics\INTERNSHIP\brisc2025\segmentation_task\test\masks\brisc2025_test_00417_me_co_t1.png
brisc2025_test_00418_me_co_t1.jpg,meningioma,meningioma,True,coronal,meningioma,1,1419,176,143,False,17254.177734375,732.0845336914062,0.042429407240479236,0.050446060692916773,0.044209702660406885,0.013962315304324251,D:\MSC Bioinformatics\INTERNSHIP\BrainTumor\data\processed\classification_224_rgb\test\meningioma\brisc2025_test_00418_me_co_t1.png,D:\MSC Bioinformatics\INTERNSHIP\brisc2025\segmentation_task\test\masks\brisc2025_test_00418_me_co_t1.png
brisc2025_test_00419_me_co_t1.jpg,meningioma,meningioma,True,coronal,meningioma,1,3414,111,144,True,8364.1640625,2622.026611328125,0.3134834027328269,0.33812023373279193,0.5575103734439834,0.6454971369078605,D:\MSC Bioinformatics\INTERNSHIP\BrainTumor\data\processed\classification_224_rgb\test\meningioma\brisc2025_test_00419_me_co_t1.png,D:\MSC Bioinformatics\INTERNSHIP\brisc2025\segmentation_task\test\masks\brisc2025_test_00419_me_co_t1.png
brisc2025_test_00420_me_co_t1.jpg,meningioma,meningioma,True,coronal,meningioma,1,2653,144,112,True,3426.568115234375,1282.7958984375,0.3743675465648105,0.4555349698934692,0.3886270813697769,0.20805617147080563,D:\MSC Bioinformatics\INTERNSHIP\BrainTumor\data\processed\classification_224_rgb\test\meningioma\brisc2025_test_00420_me_co_t1.png,D:\MSC Bioinformatics\INTERNSHIP\brisc2025\segmentation_task\test\masks\brisc2025_test_00420_me_co_t1.png
brisc2025_test_00421_me_co_t1.jpg,meningioma,meningioma,True,coronal,meningioma,1,2086,143,79,False,12762.611328125,1699.29052734375,0.13314599055437965,0.11826067237371733,0.1609241028898063,0.24653118430273302,D:\MSC Bioinformatics\INTERNSHIP\BrainTumor\data\processed\classification_224_rgb\test\meningioma\brisc2025_test_00421_me_co_t1.png,D:\MSC Bioinformatics\INTERNSHIP\brisc2025\segmentation_task\test\masks\brisc2025_test_00421_me_co_t1.png
brisc2025_test_00422_me_co_t1.jpg,meningioma,meningioma,True,coronal,meningioma,1,1713,175,112,False,20996.3515625,520.3827514648438,0.024784436949239323,0.020161290322580645,0.006931829046753992,0.0,D:\MSC Bioinformatics\INTERNSHIP\BrainTumor\data\processed\classification_224_rgb\test\meningioma\brisc2025_test_00422_me_co_t1.png,D:\MSC Bioinformatics\INTERNSHIP\brisc2025\segmentation_task\test\masks\brisc2025_test_00422_me_co_t1.png
brisc2025_test_00423_me_co_t1.jpg,meningioma,meningioma,True,coronal,meningioma,1,371,0,144,False,7464.5244140625,5.6229939460754395,0.0007532956735304153,0.0,0.0,0.0,D:\MSC Bioinformatics\INTERNSHIP\BrainTumor\data\processed\classification_224_rgb\test\meningioma\brisc2025_test_00423_me_co_t1.png,D:\MSC Bioinformatics\INTERNSHIP\brisc2025\segmentation_task\test\masks\brisc2025_test_00423_me_co_t1.png
brisc2025_test_00424_me_co_t1.jpg,meningioma,meningioma,True,coronal,meningioma,1,964,111,111,False,4044.318359375,609.92041015625,0.1508091984752916,0.19716798970178073,0.2680565897244974,0.25435959110042095,D:\MSC Bioinformatics\INTERNSHIP\BrainTumor\data\processed\classification_224_rgb\test\meningioma\brisc2025_test_00424_me_co_t1.png,D:\MSC Bioinformatics\INTERNSHIP\brisc2025\segmentation_task\test\masks\brisc2025_test_00424_me_co_t1.png
brisc2025_test_00425_me_co_t1.jpg,meningioma,meningioma,True,coronal,meningioma,1,1367,208,144,False,4517.62646484375,19.116390228271484,0.004231511918268493,0.0,0.0,0.0,D:\MSC Bioinformatics\INTERNSHIP\BrainTumor\data\processed\classification_224_rgb\test\meningioma\brisc2025_test_00425_me_co_t1.png,D:\MSC Bioinformatics\INTERNSHIP\brisc2025\segmentation_task\test\masks\brisc2025_test_00425_me_co_t1.png
brisc2025_test_00426_me_co_t1.jpg,meningioma,meningioma,True,coronal,meningioma,1,549,0,0,False,0.0,0.0,0.0,0.0,0.0,0.0,D:\MSC Bioinformatics\INTERNSHIP\BrainTumor\data\processed\classification_224_rgb\test\meningioma\brisc2025_test_00426_me_co_t1.png,D:\MSC Bioinformatics\INTERNSHIP\brisc2025\segmentation_task\test\masks\brisc2025_test_00426_me_co_t1.png
brisc2025_test_00427_me_co_t1.jpg,meningioma,meningioma,True,coronal,meningioma,1,1058,175,111,False,7832.140625,651.087646484375,0.08313022935340554,0.09922436625047294,0.12023191943851083,0.10212654239957994,D:\MSC Bioinformatics\INTERNSHIP\BrainTumor\data\processed\classification_224_rgb\test\meningioma\brisc2025_test_00427_me_co_t1.png,D:\MSC Bioinformatics\INTERNSHIP\brisc2025\segmentation_task\test\masks\brisc2025_test_00427_me_co_t1.png
brisc2025_test_00428_me_co_t1.jpg,meningioma,meningioma,True,coronal,meningioma,1,703,111,111,False,12935.2724609375,540.9308471679688,0.041818280117523254,0.037221369195743106,0.06168831168831169,0.08661538461538462,D:\MSC Bioinformatics\INTERNSHIP\BrainTumor\data\processed\classification_224_rgb\test\meningioma\brisc2025_test_00428_me_co_t1.png,D:\MSC Bioinformatics\INTERNSHIP\brisc2025\segmentation_task\test\masks\brisc2025_test_00428_me_co_t1.png
brisc2025_test_00429_me_co_t1.jpg,meningioma,meningioma,True,coronal,meningioma,1,735,176,111,False,6086.15771484375,12.210216522216797,0.0020062274252993575,0.0,0.0,0.0,D:\MSC Bioinformatics\INTERNSHIP\BrainTumor\data\processed\classification_224_rgb\test\meningioma\brisc2025_test_00429_me_co_t1.png,D:\MSC Bioinformatics\INTERNSHIP\brisc2025\segmentation_task\test\masks\brisc2025_test_00429_me_co_t1.png
brisc2025_test_00430_me_co_t1.jpg,meningioma,meningioma,True,coronal,meningioma,1,870,175,111,False,7695.75830078125,249.5223388671875,0.03242335961121034,0.03801116915871014,0.021398666459916265,0.0,D:\MSC Bioinformatics\INTERNSHIP\BrainTumor\data\processed\classification_224_rgb\test\meningioma\brisc2025_test_00430_me_co_t1.png,D:\MSC Bioinformatics\INTERNSHIP\brisc2025\segmentation_task\test\masks\brisc2025_test_00430_me_co_t1.png
brisc2025_test_00431_me_co_t1.jpg,meningioma,meningioma,True,coronal,meningioma,1,383,208,143,False,14238.390625,143.69346618652344,0.01009197387338314,0.011902639087018545,0.006092540754157747,0.0,D:\MSC Bioinformatics\INTERNSHIP\BrainTumor\data\processed\classification_224_rgb\test\meningioma\brisc2025_test_00431_me_co_t1.png,D:\MSC Bioinformatics\INTERNSHIP\brisc2025\segmentation_task\test\masks\brisc2025_test_00431_me_co_t1.png
brisc2025_test_00432_me_co_t1.jpg,meningioma,meningioma,True,coronal,meningioma,1,531,144,176,False,8683.8681640625,133.70059204101562,0.015396432731939082,0.01709325219258994,0.0027338642576964223,0.0,D:\MSC Bioinformatics\INTERNSHIP\BrainTumor\data\processed\classification_224_rgb\test\meningioma\brisc2025_test_00432_me_co_t1.png,D:\MSC Bioinformatics\INTERNSHIP\brisc2025\segmentation_task\test\masks\brisc2025_test_00432_me_co_t1.png
brisc2025_test_00433_me_co_t1.jpg,meningioma,meningioma,True,coronal,meningioma,1,315,111,0,False,5928.46484375,3.3199851512908936,0.0005600075633055226,0.0,0.0,0.0,D:\MSC Bioinformatics\INTERNSHIP\BrainTumor\data\processed\classification_224_rgb\test\meningioma\brisc2025_test_00433_me_co_t1.png,D:\MSC Bioinformatics\INTERNSHIP\brisc2025\segmentation_task\test\masks\brisc2025_test_00433_me_co_t1.png
brisc2025_test_00434_me_co_t1.jpg,meningioma,meningioma,True,coronal,meningioma,1,711,79,144,False,3469.587890625,0.672532856464386,0.00019383652400955267,0.0,0.0,0.0,D:\MSC Bioinformatics\INTERNSHIP\BrainTumor\data\processed\classification_224_rgb\test\meningioma\brisc2025_test_00434_me_co_t1.png,D:\MSC Bioinformatics\INTERNSHIP\brisc2025\segmentation_task\test\masks\brisc2025_test_00434_me_co_t1.png
brisc2025_test_00435_me_co_t1.jpg,meningioma,meningioma,True,coronal,meningioma,1,459,175,80,False,10528.9951171875,75.67800903320312,0.007187581358990904,0.0,0.0,0.0,D:\MSC Bioinformatics\INTERNSHIP\BrainTumor\data\processed\classification_224_rgb\test\meningioma\brisc2025_test_00435_me_co_t1.png,D:\MSC Bioinformatics\INTERNSHIP\brisc2025\segmentation_task\test\masks\brisc2025_test_00435_me_co_t1.png
brisc2025_test_00436_me_co_t1.jpg,meningioma,meningioma,True,coronal,meningioma,1,843,80,79,False,14627.4306640625,221.36178588867188,0.015133333459069203,0.013957999493969806,0.0,0.0,D:\MSC Bioinformatics\INTERNSHIP\BrainTumor\data\processed\classification_224_rgb\test\meningioma\brisc2025_test_00436_me_co_t1.png,D:\MSC Bioinformatics\INTERNSHIP\brisc2025\segmentation_task\test\masks\brisc2025_test_00436_me_co_t1.png
brisc2025_test_00437_me_co_t1.jpg,meningioma,meningioma,True,coronal,meningioma,1,476,112,80,False,12841.2138671875,388.0224609375,0.030216961180671093,0.03161740285619396,0.05092543061945009,0.09032509246642009,D:\MSC Bioinformatics\INTERNSHIP\BrainTumor\data\processed\classification_224_rgb\test\meningioma\brisc2025_test_00437_me_co_t1.png,D:\MSC Bioinformatics\INTERNSHIP\brisc2025\segmentation_task\test\masks\brisc2025_test_00437_me_co_t1.png
brisc2025_test_00438_me_co_t1.jpg,meningioma,meningioma,True,coronal,meningioma,1,1147,175,79,False,1273.8284912109375,177.41299438476562,0.13927541706663493,0.10078534031413612,0.04044548651817116,0.0014825796886582653,D:\MSC Bioinformatics\INTERNSHIP\BrainTumor\data\processed\classification_224_rgb\test\meningioma\brisc2025_test_00438_me_co_t1.png,D:\MSC Bioinformatics\INTERNSHIP\brisc2025\segmentation_task\test\masks\brisc2025_test_00438_me_co_t1.png
brisc2025_test_00439_me_co_t1.jpg,meningioma,meningioma,True,coronal,meningioma,1,1141,47,111,False,7276.2861328125,937.5751953125,0.1288535357460028,0.12231989708404803,0.18474740932642486,0.31794871794871793,D:\MSC Bioinformatics\INTERNSHIP\BrainTumor\data\processed\classification_224_rgb\test\meningioma\brisc2025_test_00439_me_co_t1.png,D:\MSC Bioinformatics\INTERNSHIP\brisc2025\segmentation_task\test\masks\brisc2025_test_00439_me_co_t1.png
brisc2025_test_00440_me_co_t1.jpg,meningioma,meningioma,True,coronal,meningioma,1,207,111,48,False,9668.013671875,102.26004028320312,0.010577150979904538,0.01670971908298353,0.014440970671430698,0.0,D:\MSC Bioinformatics\INTERNSHIP\BrainTumor\data\processed\classification_224_rgb\test\meningioma\brisc2025_test_00440_me_co_t1.png,D:\MSC Bioinformatics\INTERNSHIP\brisc2025\segmentation_task\test\masks\brisc2025_test_00440_me_co_t1.png
brisc2025_test_00441_me_co_t1.jpg,meningioma,meningioma,True,coronal,meningioma,1,754,208,144,False,6937.80859375,3.0558884143829346,0.00044046882716480026,0.0,0.0,0.0,D:\MSC Bioinformatics\INTERNSHIP\BrainTumor\data\processed\classification_224_rgb\test\meningioma\brisc2025_test_00441_me_co_t1.png,D:\MSC Bioinformatics\INTERNSHIP\brisc2025\segmentation_task\test\masks\brisc2025_test_00441_me_co_t1.png
brisc2025_test_00442_me_co_t1.jpg,meningioma,meningioma,True,coronal,meningioma,1,1188,143,111,False,6238.3876953125,328.08984375,0.05259208945871149,0.05359215107078806,0.0,0.0,D:\MSC Bioinformatics\INTERNSHIP\BrainTumor\data\processed\classification_224_rgb\test\meningioma\brisc2025_test_00442_me_co_t1.png,D:\MSC Bioinformatics\INTERNSHIP\brisc2025\segmentation_task\test\masks\brisc2025_test_00442_me_co_t1.png
brisc2025_test_00443_me_co_t1.jpg,meningioma,meningioma,True,coronal,meningioma,1,592,143,111,False,9559.6923828125,479.3424072265625,0.05014203261272075,0.04900256601274729,0.08339202704606283,0.1588811188811189,D:\MSC Bioinformatics\INTERNSHIP\BrainTumor\data\processed\classification_224_rgb\test\meningioma\brisc2025_test_00443_me_co_t1.png,D:\MSC Bioinformatics\INTERNSHIP\brisc2025\segmentation_task\test\masks\brisc2025_test_00443_me_co_t1.png
brisc2025_test_00444_me_co_t1.jpg,meningioma,meningioma,True,coronal,meningioma,1,254,79,143,False,16502.9921875,86.69126892089844,0.005253063682994514,0.008245713537803762,0.0,0.0,D:\MSC Bioinformatics\INTERNSHIP\BrainTumor\data\processed\classification_224_rgb\test\meningioma\brisc2025_test_00444_me_co_t1.png,D:\MSC Bioinformatics\INTERNSHIP\brisc2025\segmentation_task\test\masks\brisc2025_test_00444_me_co_t1.png
brisc2025_test_00445_me_co_t1.jpg,meningioma,meningioma,True,coronal,meningioma,1,2337,175,111,False,7507.69873046875,1133.2239990234375,0.15094159205196073,0.18002466091245375,0.19868662186927305,0.0,D:\MSC Bioinformatics\INTERNSHIP\BrainTumor\data\processed\classification_224_rgb\test\meningioma\brisc2025_test_00445_me_co_t1.png,D:\MSC Bioinformatics\INTERNSHIP\brisc2025\segmentation_task\test\masks\brisc2025_test_00445_me_co_t1.png
brisc2025_test_00446_me_co_t1.jpg,meningioma,meningioma,True,coronal,meningioma,1,1321,176,80,False,8701.80078125,596.1309814453125,0.06850662252919093,0.08261472128118263,0.07390045498414449,0.01594301221166893,D:\MSC Bioinformatics\INTERNSHIP\BrainTumor\data\processed\classification_224_rgb\test\meningioma\brisc2025_test_00446_me_co_t1.png,D:\MSC Bioinformatics\INTERNSHIP\brisc2025\segmentation_task\test\masks\brisc2025_test_00446_me_co_t1.png
brisc2025_test_00447_me_co_t1.jpg,meningioma,meningioma,True,coronal,meningioma,1,1369,80,111,False,12806.02734375,574.3970947265625,0.04485365205837217,0.049988879003558716,0.042748091603053436,0.019529006318207927,D:\MSC Bioinformatics\INTERNSHIP\BrainTumor\data\processed\classification_224_rgb\test\meningioma\brisc2025_test_00447_me_co_t1.png,D:\MSC Bioinformatics\INTERNSHIP\brisc2025\segmentation_task\test\masks\brisc2025_test_00447_me_co_t1.png
brisc2025_test_00448_me_co_t1.jpg,meningioma,meningioma,True,coronal,meningioma,1,776,176,112,False,11620.9501953125,215.5730743408203,0.01855038277573681,0.01664025356576862,0.005739721213541057,0.0,D:\MSC Bioinformatics\INTERNSHIP\BrainTumor\data\processed\classification_224_rgb\test\meningioma\brisc2025_test_00448_me_co_t1.png,D:\MSC Bioinformatics\INTERNSHIP\brisc2025\segmentation_task\test\masks\brisc2025_test_00448_me_co_t1.png
brisc2025_test_00449_me_co_t1.jpg,meningioma,meningioma,True,coronal,meningioma,1,565,175,80,False,10320.5908203125,115.62287902832031,0.011203125968404523,0.008093405864402282,0.0,0.0,D:\MSC Bioinformatics\INTERNSHIP\BrainTumor\data\processed\classification_224_rgb\test\meningioma\brisc2025_test_00449_me_co_t1.png,D:\MSC Bioinformatics\INTERNSHIP\brisc2025\segmentation_task\test\masks\brisc2025_test_00449_me_co_t1.png
brisc2025_test_00450_me_co_t1.jpg,meningioma,meningioma,True,coronal,meningioma,1,1457,0,143,False,4774.64013671875,145.47686767578125,0.030468655963621277,0.00029708853238265005,0.0,0.0,D:\MSC Bioinformatics\INTERNSHIP\BrainTumor\data\processed\classification_224_rgb\test\meningioma\brisc2025_test_00450_me_co_t1.png,D:\MSC Bioinformatics\INTERNSHIP\brisc2025\segmentation_task\test\masks\brisc2025_test_00450_me_co_t1.png
brisc2025_test_00451_me_co_t1.jpg,meningioma,meningioma,True,coronal,meningioma,1,1316,144,112,False,8136.24658203125,583.9358520507812,0.0717696847266641,0.11284150573996618,0.059392049883086516,0.0188929400066291,D:\MSC Bioinformatics\INTERNSHIP\BrainTumor\data\processed\classification_224_rgb\test\meningioma\brisc2025_test_00451_me_co_t1.png,D:\MSC Bioinformatics\INTERNSHIP\brisc2025\segmentation_task\test\masks\brisc2025_test_00451_me_co_t1.png
brisc2025_test_00452_me_co_t1.jpg,meningioma,meningioma,True,coronal,meningioma,1,334,111,176,False,11983.1318359375,171.34326171875,0.01429870455108324,0.019423121656199117,0.020474488137796554,0.0,D:\MSC Bioinformatics\INTERNSHIP\BrainTumor\data\processed\classification_224_rgb\test\meningioma\brisc2025_test_00452_me_co_t1.png,D:\MSC Bioinformatics\INTERNSHIP\brisc2025\segmentation_task\test\masks\brisc2025_test_00452_me_co_t1.png
brisc2025_test_00453_me_co_t1.jpg,meningioma,meningioma,True,coronal,meningioma,1,818,143,80,False,8791.48828125,598.0241088867188,0.0680230797966428,0.07060245123424823,0.12314814814814815,0.12311236242641413,D:\MSC Bioinformatics\INTERNSHIP\BrainTumor\data\processed\classification_224_rgb\test\meningioma\brisc2025_test_00453_me_co_t1.png,D:\MSC Bioinformatics\INTERNSHIP\brisc2025\segmentation_task\test\masks\brisc2025_test_00453_me_co_t1.png
brisc2025_test_00454_me_co_t1.jpg,meningioma,meningioma,True,coronal,meningioma,1,890,79,143,False,6762.18994140625,409.59515380859375,0.0605713766335607,0.08783195472355246,0.10136785539814362,0.0,D:\MSC Bioinformatics\INTERNSHIP\BrainTumor\data\processed\classification_224_rgb\test\meningioma\brisc2025_test_00454_me_co_t1.png,D:\MSC Bioinformatics\INTERNSHIP\brisc2025\segmentation_task\test\masks\brisc2025_test_00454_me_co_t1.png
brisc2025_test_00455_me_co_t1.jpg,meningioma,meningioma,True,coronal,meningioma,1,699,208,144,False,9655.1806640625,11.350224494934082,0.0011755579610416506,0.0,0.0,0.0,D:\MSC Bioinformatics\INTERNSHIP\BrainTumor\data\processed\classification_224_rgb\test\meningioma\brisc2025_test_00455_me_co_t1.png,D:\MSC Bioinformatics\INTERNSHIP\brisc2025\segmentation_task\test\masks\brisc2025_test_00455_me_co_t1.png
brisc2025_test_00456_me_co_t1.jpg,meningioma,meningioma,True,coronal,meningioma,1,309,175,111,False,11122.6044921875,1.569696307182312,0.0001411266855964234,0.0,0.0,0.0,D:\MSC Bioinformatics\INTERNSHIP\BrainTumor\data\processed\classification_224_rgb\test\meningioma\brisc2025_test_00456_me_co_t1.png,D:\MSC Bioinformatics\INTERNSHIP\brisc2025\segmentation_task\test\masks\brisc2025_test_00456_me_co_t1.png
brisc2025_test_00457_me_co_t1.jpg,meningioma,meningioma,True,coronal,meningioma,1,422,143,48,False,8951.0849609375,63.81040954589844,0.0071287905124760645,0.0,0.0,0.0,D:\MSC Bioinformatics\INTERNSHIP\BrainTumor\data\processed\classification_224_rgb\test\meningioma\brisc2025_test_00457_me_co_t1.png,D:\MSC Bioinformatics\INTERNSHIP\brisc2025\segmentation_task\test\masks\brisc2025_test_00457_me_co_t1.png
brisc2025_test_00458_me_co_t1.jpg,meningioma,meningioma,True,coronal,meningioma,1,898,143,143,False,7091.21142578125,59.20582580566406,0.00834918355281464,0.0010554596046824026,0.0,0.0,D:\MSC Bioinformatics\INTERNSHIP\BrainTumor\data\processed\classification_224_rgb\test\meningioma\brisc2025_test_00458_me_co_t1.png,D:\MSC Bioinformatics\INTERNSHIP\brisc2025\segmentation_task\test\masks\brisc2025_test_00458_me_co_t1.png
brisc2025_test_00459_me_co_t1.jpg,meningioma,meningioma,True,coronal,meningioma,1,882,112,80,False,13185.833984375,596.5333862304688,0.04524047450751702,0.050797673213154405,0.08523064739655514,0.06563370473537604,D:\MSC Bioinformatics\INTERNSHIP\BrainTumor\data\processed\classification_224_rgb\test\meningioma\brisc2025_test_00459_me_co_t1.png,D:\MSC Bioinformatics\INTERNSHIP\brisc2025\segmentation_task\test\masks\brisc2025_test_00459_me_co_t1.png
brisc2025_test_00460_me_co_t1.jpg,meningioma,meningioma,True,coronal,meningioma,1,329,208,112,False,6882.4921875,0.8684011697769165,0.0001261753949178626,0.0,0.0,0.0,D:\MSC Bioinformatics\INTERNSHIP\BrainTumor\data\processed\classification_224_rgb\test\meningioma\brisc2025_test_00460_me_co_t1.png,D:\MSC Bioinformatics\INTERNSHIP\brisc2025\segmentation_task\test\masks\brisc2025_test_00460_me_co_t1.png
brisc2025_test_00461_me_co_t1.jpg,meningioma,meningioma,True,coronal,meningioma,1,2064,48,111,False,9541.7861328125,1194.265380859375,0.12516161693799754,0.1438728565453785,0.236568848758465,0.08302739339169726,D:\MSC Bioinformatics\INTERNSHIP\BrainTumor\data\processed\classification_224_rgb\test\meningioma\brisc2025_test_00461_me_co_t1.png,D:\MSC Bioinformatics\INTERNSHIP\brisc2025\segmentation_task\test\masks\brisc2025_test_00461_me_co_t1.png
brisc2025_test_00462_me_co_t1.jpg,meningioma,meningioma,True,coronal,meningioma,1,1923,48,80,False,14441.572265625,1490.10595703125,0.10318169861450065,0.09684730056406124,0.12274070510617827,0.1674977624344713,D:\MSC Bioinformatics\INTERNSHIP\BrainTumor\data\processed\classification_224_rgb\test\meningioma\brisc2025_test_00462_me_co_t1.png,D:\MSC Bioinformatics\INTERNSHIP\brisc2025\segmentation_task\test\masks\brisc2025_test_00462_me_co_t1.png
brisc2025_test_00463_me_co_t1.jpg,meningioma,meningioma,True,coronal,meningioma,1,613,79,111,False,7387.5283203125,11.095791816711426,0.0015019626775849791,0.0,0.0,0.0,D:\MSC Bioinformatics\INTERNSHIP\BrainTumor\data\processed\classification_224_rgb\test\meningioma\brisc2025_test_00463_me_co_t1.png,D:\MSC Bioinformatics\INTERNSHIP\brisc2025\segmentation_task\test\masks\brisc2025_test_00463_me_co_t1.png
brisc2025_test_00464_me_co_t1.jpg,meningioma,meningioma,True,coronal,meningioma,1,1937,144,111,False,7565.19873046875,759.585205078125,0.10040518856681245,0.11716594402837997,0.06961937716262975,0.024748322147651006,D:\MSC Bioinformatics\INTERNSHIP\BrainTumor\data\processed\classification_224_rgb\test\meningioma\brisc2025_test_00464_me_co_t1.png,D:\MSC Bioinformatics\INTERNSHIP\brisc2025\segmentation_task\test\masks\brisc2025_test_00464_me_co_t1.png
brisc2025_test_00465_me_co_t1.jpg,meningioma,meningioma,True,coronal,meningioma,1,1465,112,111,False,9490.314453125,915.870361328125,0.09650579713157391,0.11631599841206829,0.19876170820765202,0.11907481439177613,D:\MSC Bioinformatics\INTERNSHIP\BrainTumor\data\processed\classification_224_rgb\test\meningioma\brisc2025_test_00465_me_co_t1.png,D:\MSC Bioinformatics\INTERNSHIP\brisc2025\segmentation_task\test\masks\brisc2025_test_00465_me_co_t1.png
brisc2025_test_00466_me_co_t1.jpg,meningioma,meningioma,True,coronal,meningioma,1,290,80,208,False,1974.0888671875,0.0,0.0,0.0,0.0,0.0,D:\MSC Bioinformatics\INTERNSHIP\BrainTumor\data\processed\classification_224_rgb\test\meningioma\brisc2025_test_00466_me_co_t1.png,D:\MSC Bioinformatics\INTERNSHIP\brisc2025\segmentation_task\test\masks\brisc2025_test_00466_me_co_t1.png
brisc2025_test_00467_me_co_t1.jpg,meningioma,meningioma,True,coronal,meningioma,1,2467,0,176,False,8547.880859375,188.35464477539062,0.022035244509615526,0.0017438963627304435,0.0,0.0,D:\MSC Bioinformatics\INTERNSHIP\BrainTumor\data\processed\classification_224_rgb\test\meningioma\brisc2025_test_00467_me_co_t1.png,D:\MSC Bioinformatics\INTERNSHIP\brisc2025\segmentation_task\test\masks\brisc2025_test_00467_me_co_t1.png
brisc2025_test_00468_me_co_t1.jpg,meningioma,meningioma,True,coronal,meningioma,1,1972,143,175,False,12868.4814453125,847.627197265625,0.06586847102883173,0.0853302162478083,0.05231254670763099,0.0021375133594584966,D:\MSC Bioinformatics\INTERNSHIP\BrainTumor\data\processed\classification_224_rgb\test\meningioma\brisc2025_test_00468_me_co_t1.png,D:\MSC Bioinformatics\INTERNSHIP\brisc2025\segmentation_task\test\masks\brisc2025_test_00468_me_co_t1.png
brisc2025_test_00469_me_co_t1.jpg,meningioma,meningioma,True,coronal,meningioma,1,972,112,112,False,8533.66796875,392.5935974121094,0.046005258096491884,0.0772837790899618,0.017037387600567912,0.0,D:\MSC Bioinformatics\INTERNSHIP\BrainTumor\data\processed\classification_224_rgb\test\meningioma\brisc2025_test_00469_me_co_t1.png,D:\MSC Bioinformatics\INTERNSHIP\brisc2025\segmentation_task\test\masks\brisc2025_test_00469_me_co_t1.png
brisc2025_test_00470_me_co_t1.jpg,meningioma,meningioma,True,coronal,meningioma,1,370,79,176,False,12218.0126953125,89.62190246582031,0.007335227479359568,0.0,0.0,0.0,D:\MSC Bioinformatics\INTERNSHIP\BrainTumor\data\processed\classification_224_rgb\test\meningioma\brisc2025_test_00470_me_co_t1.png,D:\MSC Bioinformatics\INTERNSHIP\brisc2025\segmentation_task\test\masks\brisc2025_test_00470_me_co_t1.png
brisc2025_test_00471_me_co_t1.jpg,meningioma,meningioma,True,coronal,meningioma,1,689,47,80,False,7694.8935546875,1.3620154857635498,0.00017700251161159345,0.0,0.0,0.0,D:\MSC Bioinformatics\INTERNSHIP\BrainTumor\data\processed\classification_224_rgb\test\meningioma\brisc2025_test_00471_me_co_t1.png,D:\MSC Bioinformatics\INTERNSHIP\brisc2025\segmentation_task\test\masks\brisc2025_test_00471_me_co_t1.png
brisc2025_test_00472_me_co_t1.jpg,meningioma,meningioma,True,coronal,meningioma,1,1253,143,111,True,10478.390625,887.4181518554688,0.08469031014535867,0.08404883284142742,0.13936158380602826,0.20876085240726125,D:\MSC Bioinformatics\INTERNSHIP\BrainTumor\data\processed\classification_224_rgb\test\meningioma\brisc2025_test_00472_me_co_t1.png,D:\MSC Bioinformatics\INTERNSHIP\brisc2025\segmentation_task\test\masks\brisc2025_test_00472_me_co_t1.png
brisc2025_test_00473_me_co_t1.jpg,meningioma,meningioma,True,coronal,meningioma,1,1846,144,79,False,12152.5830078125,1246.778564453125,0.10259370897953231,0.09932789775231379,0.13163426169206516,0.18278120184899846,D:\MSC Bioinformatics\INTERNSHIP\BrainTumor\data\processed\classification_224_rgb\test\meningioma\brisc2025_test_00473_me_co_t1.png,D:\MSC Bioinformatics\INTERNSHIP\brisc2025\segmentation_task\test\masks\brisc2025_test_00473_me_co_t1.png
brisc2025_test_00474_me_co_t1.jpg,meningioma,meningioma,True,coronal,meningioma,1,1366,144,112,False,10671.5810546875,653.4878540039062,0.061236273299621446,0.0818650365575932,0.08645080163470607,0.0,D:\MSC Bioinformatics\INTERNSHIP\BrainTumor\data\processed\classification_224_rgb\test\meningioma\brisc2025_test_00474_me_co_t1.png,D:\MSC Bioinformatics\INTERNSHIP\brisc2025\segmentation_task\test\masks\brisc2025_test_00474_me_co_t1.png
brisc2025_test_00475_me_co_t1.jpg,meningioma,meningioma,True,coronal,meningioma,1,449,176,143,False,12064.7568359375,46.138145446777344,0.003824208483783515,0.0,0.0,0.0,D:\MSC Bioinformatics\INTERNSHIP\BrainTumor\data\processed\classification_224_rgb\test\meningioma\brisc2025_test_00475_me_co_t1.png,D:\MSC Bioinformatics\INTERNSHIP\brisc2025\segmentation_task\test\masks\brisc2025_test_00475_me_co_t1.png
brisc2025_test_00476_me_co_t1.jpg,meningioma,meningioma,True,coronal,meningioma,1,595,80,176,False,8034.814453125,26.644433975219727,0.003316123120286473,0.0,0.0,0.0,D:\MSC Bioinformatics\INTERNSHIP\BrainTumor\data\processed\classification_224_rgb\test\meningioma\brisc2025_test_00476_me_co_t1.png,D:\MSC Bioinformatics\INTERNSHIP\brisc2025\segmentation_task\test\masks\brisc2025_test_00476_me_co_t1.png
brisc2025_test_00477_me_co_t1.jpg,meningioma,meningioma,True,coronal,meningioma,1,1690,111,79,False,9642.76171875,505.71337890625,0.052444869390779275,0.04459608491866556,0.027986906710310965,0.0008456659619450317,D:\MSC Bioinformatics\INTERNSHIP\BrainTumor\data\processed\classification_224_rgb\test\meningioma\brisc2025_test_00477_me_co_t1.png,D:\MSC Bioinformatics\INTERNSHIP\brisc2025\segmentation_task\test\masks\brisc2025_test_00477_me_co_t1.png
brisc2025_test_00478_me_sa_t1.jpg,meningioma,meningioma,True,sagittal,meningioma,1,1292,144,80,True,11308.5029296875,1130.7918701171875,0.09999483372362145,0.08161718256475048,0.1279841505695889,0.23983034509350298,D:\MSC Bioinformatics\INTERNSHIP\BrainTumor\data\processed\classification_224_rgb\test\meningioma\brisc2025_test_00478_me_sa_t1.png,D:\MSC Bioinformatics\INTERNSHIP\brisc2025\segmentation_task\test\masks\brisc2025_test_00478_me_sa_t1.png
brisc2025_test_00479_me_sa_t1.jpg,meningioma,meningioma,True,sagittal,meningioma,1,1729,143,111,False,11291.2841796875,1144.098388671875,0.10132579877230044,0.11560577694570741,0.18735945082258254,0.13994593470576003,D:\MSC Bioinformatics\INTERNSHIP\BrainTumor\data\processed\classification_224_rgb\test\meningioma\brisc2025_test_00479_me_sa_t1.png,D:\MSC Bioinformatics\INTERNSHIP\brisc2025\segmentation_task\test\masks\brisc2025_test_00479_me_sa_t1.png
brisc2025_test_00480_me_sa_t1.jpg,meningioma,meningioma,True,sagittal,meningioma,1,2874,143,111,True,15622.34375,2463.84765625,0.15771306122040746,0.1366879102064111,0.25150958256760303,0.4996417054819061,D:\MSC Bioinformatics\INTERNSHIP\BrainTumor\data\processed\classification_224_rgb\test\meningioma\brisc2025_test_00480_me_sa_t1.png,D:\MSC Bioinformatics\INTERNSHIP\brisc2025\segmentation_task\test\masks\brisc2025_test_00480_me_sa_t1.png
brisc2025_test_00481_me_sa_t1.jpg,meningioma,meningioma,True,sagittal,meningioma,1,1710,176,79,False,1487.9384765625,0.3042513430118561,0.00020447844302995023,0.0,0.0,0.0,D:\MSC Bioinformatics\INTERNSHIP\BrainTumor\data\processed\classification_224_rgb\test\meningioma\brisc2025_test_00481_me_sa_t1.png,D:\MSC Bioinformatics\INTERNSHIP\brisc2025\segmentation_task\test\masks\brisc2025_test_00481_me_sa_t1.png
brisc2025_test_00482_me_sa_t1.jpg,meningioma,meningioma,True,sagittal,meningioma,1,1065,79,176,False,19779.42578125,723.906005859375,0.03659893941641142,0.036856312292358806,0.050729944826912746,0.043615735143680834,D:\MSC Bioinformatics\INTERNSHIP\BrainTumor\data\processed\classification_224_rgb\test\meningioma\brisc2025_test_00482_me_sa_t1.png,D:\MSC Bioinformatics\INTERNSHIP\brisc2025\segmentation_task\test\masks\brisc2025_test_00482_me_sa_t1.png
brisc2025_test_00483_me_sa_t1.jpg,meningioma,meningioma,True,sagittal,meningioma,1,538,79,80,True,20975.78515625,500.6640625,0.0238686685037304,0.015973871733966746,0.027569949779645383,0.0792225003681343,D:\MSC Bioinformatics\INTERNSHIP\BrainTumor\data\processed\classification_224_rgb\test\meningioma\brisc2025_test_00483_me_sa_t1.png,D:\MSC Bioinformatics\INTERNSHIP\brisc2025\segmentation_task\test\masks\brisc2025_test_00483_me_sa_t1.png
brisc2025_test_00484_me_sa_t1.jpg,meningioma,meningioma,True,sagittal,meningioma,1,1225,175,111,False,17072.455078125,781.465087890625,0.04577344525521224,0.043589652350282886,0.07630469161834476,0.07243087082129591,D:\MSC Bioinformatics\INTERNSHIP\BrainTumor\data\processed\classification_224_rgb\test\meningioma\brisc2025_test_00484_me_sa_t1.png,D:\MSC Bioinformatics\INTERNSHIP\brisc2025\segmentation_task\test\masks\brisc2025_test_00484_me_sa_t1.png
brisc2025_test_00485_me_sa_t1.jpg,meningioma,meningioma,True,sagittal,meningioma,1,1031,47,143,False,5393.625,39.01097106933594,0.007232792615232971,0.0,0.0,0.0,D:\MSC Bioinformatics\INTERNSHIP\BrainTumor\data\processed\classification_224_rgb\test\meningioma\brisc2025_test_00485_me_sa_t1.png,D:\MSC Bioinformatics\INTERNSHIP\brisc2025\segmentation_task\test\masks\brisc2025_test_00485_me_sa_t1.png
brisc2025_test_00486_me_sa_t1.jpg,meningioma,meningioma,True,sagittal,meningioma,1,1743,175,0,False,2896.018798828125,3.5904667377471924,0.0012397940024422756,0.0,0.0,0.0,D:\MSC Bioinformatics\INTERNSHIP\BrainTumor\data\processed\classification_224_rgb\test\meningioma\brisc2025_test_00486_me_sa_t1.png,D:\MSC Bioinformatics\INTERNSHIP\brisc2025\segmentation_task\test\masks\brisc2025_test_00486_me_sa_t1.png
brisc2025_test_00487_me_sa_t1.jpg,meningioma,meningioma,True,sagittal,meningioma,1,956,144,47,False,9827.751953125,582.2114868164062,0.05924157320955545,0.06522047355735149,0.07443091582848067,0.06505538771399799,D:\MSC Bioinformatics\INTERNSHIP\BrainTumor\data\processed\classification_224_rgb\test\meningioma\brisc2025_test_00487_me_sa_t1.png,D:\MSC Bioinformatics\INTERNSHIP\brisc2025\segmentation_task\test\masks\brisc2025_test_00487_me_sa_t1.png
brisc2025_test_00488_me_sa_t1.jpg,meningioma,meningioma,True,sagittal,meningioma,1,2317,143,79,False,9939.4677734375,1331.748046875,0.13398585087563733,0.1794307281019028,0.17667673716012083,0.11310084825636192,D:\MSC Bioinformatics\INTERNSHIP\BrainTumor\data\processed\classification_224_rgb\test\meningioma\brisc2025_test_00488_me_sa_t1.png,D:\MSC Bioinformatics\INTERNSHIP\brisc2025\segmentation_task\test\masks\brisc2025_test_00488_me_sa_t1.png
brisc2025_test_00489_me_sa_t1.jpg,meningioma,meningioma,True,sagittal,meningioma,1,728,143,80,False,9639.765625,517.60302734375,0.053694565560949516,0.051452399462859566,0.1194225721784777,0.15802675585284282,D:\MSC Bioinformatics\INTERNSHIP\BrainTumor\data\processed\classification_224_rgb\test\meningioma\brisc2025_test_00489_me_sa_t1.png,D:\MSC Bioinformatics\INTERNSHIP\brisc2025\segmentation_task\test\masks\brisc2025_test_00489_me_sa_t1.png
brisc2025_test_00490_me_sa_t1.jpg,meningioma,meningioma,True,sagittal,meningioma,1,1426,176,176,False,9004.255859375,34.93204116821289,0.003879503394146952,0.0,0.0,0.0,D:\MSC Bioinformatics\INTERNSHIP\BrainTumor\data\processed\classification_224_rgb\test\meningioma\brisc2025_test_00490_me_sa_t1.png,D:\MSC Bioinformatics\INTERNSHIP\brisc2025\segmentation_task\test\masks\brisc2025_test_00490_me_sa_t1.png
brisc2025_test_00491_me_sa_t1.jpg,meningioma,meningioma,True,sagittal,meningioma,1,1718,80,79,False,13603.62109375,1268.895263671875,0.0932762868744449,0.08569005935458128,0.1868323522999782,0.25044047319405993,D:\MSC Bioinformatics\INTERNSHIP\BrainTumor\data\processed\classification_224_rgb\test\meningioma\brisc2025_test_00491_me_sa_t1.png,D:\MSC Bioinformatics\INTERNSHIP\brisc2025\segmentation_task\test\masks\brisc2025_test_00491_me_sa_t1.png
brisc2025_test_00492_me_sa_t1.jpg,meningioma,meningioma,True,sagittal,meningioma,1,2414,208,144,False,11371.08984375,206.71632385253906,0.018179112705380526,0.00042415566512910236,0.0,0.0,D:\MSC Bioinformatics\INTERNSHIP\BrainTumor\data\processed\classification_224_rgb\test\meningioma\brisc2025_test_00492_me_sa_t1.png,D:\MSC Bioinformatics\INTERNSHIP\brisc2025\segmentation_task\test\masks\brisc2025_test_00492_me_sa_t1.png
brisc2025_test_00493_me_sa_t1.jpg,meningioma,meningioma,True,sagittal,meningioma,1,4006,175,111,False,11416.7919921875,1262.87109375,0.11061523189825842,0.10501962162478767,0.07958794353300266,0.022686352178610012,D:\MSC Bioinformatics\INTERNSHIP\BrainTumor\data\processed\classification_224_rgb\test\meningioma\brisc2025_test_00493_me_sa_t1.png,D:\MSC Bioinformatics\INTERNSHIP\brisc2025\segmentation_task\test\masks\brisc2025_test_00493_me_sa_t1.png
brisc2025_test_00494_me_sa_t1.jpg,meningioma,meningioma,True,sagittal,meningioma,1,1119,176,144,False,16271.427734375,592.5330810546875,0.0364155555816963,0.04717935745003794,0.054644029105435865,0.0,D:\MSC Bioinformatics\INTERNSHIP\BrainTumor\data\processed\classification_224_rgb\test\meningioma\brisc2025_test_00494_me_sa_t1.png,D:\MSC Bioinformatics\INTERNSHIP\brisc2025\segmentation_task\test\masks\brisc2025_test_00494_me_sa_t1.png
brisc2025_test_00495_me_sa_t1.jpg,meningioma,meningioma,True,sagittal,meningioma,1,1171,79,176,False,12884.27734375,364.94378662109375,0.028324738507598438,0.04342176502436383,0.0,0.0,D:\MSC Bioinformatics\INTERNSHIP\BrainTumor\data\processed\classification_224_rgb\test\meningioma\brisc2025_test_00495_me_sa_t1.png,D:\MSC Bioinformatics\INTERNSHIP\brisc2025\segmentation_task\test\masks\brisc2025_test_00495_me_sa_t1.png
brisc2025_test_00496_me_sa_t1.jpg,meningioma,meningioma,True,sagittal,meningioma,1,1329,144,143,False,12766.01171875,814.8477172851562,0.06382946649566001,0.07180678625459261,0.11839272901219804,0.125,D:\MSC Bioinformatics\INTERNSHIP\BrainTumor\data\processed\classification_224_rgb\test\meningioma\brisc2025_test_00496_me_sa_t1.png,D:\MSC Bioinformatics\INTERNSHIP\brisc2025\segmentation_task\test\masks\brisc2025_test_00496_me_sa_t1.png
brisc2025_test_00497_me_sa_t1.jpg,meningioma,meningioma,True,sagittal,meningioma,1,844,79,80,False,7461.3115234375,116.43534088134766,0.015605211029669585,0.0,0.0,0.0,D:\MSC Bioinformatics\INTERNSHIP\BrainTumor\data\processed\classification_224_rgb\test\meningioma\brisc2025_test_00497_me_sa_t1.png,D:\MSC Bioinformatics\INTERNSHIP\brisc2025\segmentation_task\test\masks\brisc2025_test_00497_me_sa_t1.png
brisc2025_test_00498_me_sa_t1.jpg,meningioma,meningioma,True,sagittal,meningioma,1,1840,144,208,False,9242.6943359375,681.7257080078125,0.07375833098332836,0.09466287699352598,0.04974358974358974,0.0,D:\MSC Bioinformatics\INTERNSHIP\BrainTumor\data\processed\classification_224_rgb\test\meningioma\brisc2025_test_00498_me_sa_t1.png,D:\MSC Bioinformatics\INTERNSHIP\brisc2025\segmentation_task\test\masks\brisc2025_test_00498_me_sa_t1.png
brisc2025_test_00499_me_sa_t1.jpg,meningioma,meningioma,True,sagittal,meningioma,1,567,176,144,False,10730.1865234375,122.28093719482422,0.011395974984007132,0.0,0.0,0.0,D:\MSC Bioinformatics\INTERNSHIP\BrainTumor\data\processed\classification_224_rgb\test\meningioma\brisc2025_test_00499_me_sa_t1.png,D:\MSC Bioinformatics\INTERNSHIP\brisc2025\segmentation_task\test\masks\brisc2025_test_00499_me_sa_t1.png
brisc2025_test_00500_me_sa_t1.jpg,meningioma,meningioma,True,sagittal,meningioma,1,267,143,48,False,4948.21240234375,26.06991958618164,0.005268553058440553,0.0,0.0,0.0,D:\MSC Bioinformatics\INTERNSHIP\BrainTumor\data\processed\classification_224_rgb\test\meningioma\brisc2025_test_00500_me_sa_t1.png,D:\MSC Bioinformatics\INTERNSHIP\brisc2025\segmentation_task\test\masks\brisc2025_test_00500_me_sa_t1.png
brisc2025_test_00501_me_sa_t1.jpg,meningioma,meningioma,True,sagittal,meningioma,1,967,111,48,False,7486.40869140625,790.546875,0.10559761129625203,0.09513034923757993,0.1428996725215838,0.20916070955785016,D:\MSC Bioinformatics\INTERNSHIP\BrainTumor\data\processed\classification_224_rgb\test\meningioma\brisc2025_test_00501_me_sa_t1.png,D:\MSC Bioinformatics\INTERNSHIP\brisc2025\segmentation_task\test\masks\brisc2025_test_00501_me_sa_t1.png
brisc2025_test_00502_me_sa_t1.jpg,meningioma,meningioma,True,sagittal,meningioma,1,346,80,48,False,14703.9130859375,264.4552307128906,0.01798536411139493,0.015532411564015084,0.02991268263162445,0.052083333333333336,D:\MSC Bioinformatics\INTERNSHIP\BrainTumor\data\processed\classification_224_rgb\test\meningioma\brisc2025_test_00502_me_sa_t1.png,D:\MSC Bioinformatics\INTERNSHIP\brisc2025\segmentation_task\test\masks\brisc2025_test_00502_me_sa_t1.png
brisc2025_test_00503_me_sa_t1.jpg,meningioma,meningioma,True,sagittal,meningioma,1,367,144,79,False,14476.080078125,23.846309661865234,0.001647290532600722,0.0,0.0,0.0,D:\MSC Bioinformatics\INTERNSHIP\BrainTumor\data\processed\classification_224_rgb\test\meningioma\brisc2025_test_00503_me_sa_t1.png,D:\MSC Bioinformatics\INTERNSHIP\brisc2025\segmentation_task\test\masks\brisc2025_test_00503_me_sa_t1.png
brisc2025_test_00504_me_sa_t1.jpg,meningioma,glioma,False,sagittal,glioma,0,283,176,47,False,6391.24609375,4.404767990112305,0.0006891876678664788,0.0,0.0,0.0,D:\MSC Bioinformatics\INTERNSHIP\BrainTumor\data\processed\classification_224_rgb\test\meningioma\brisc2025_test_00504_me_sa_t1.png,D:\MSC Bioinformatics\INTERNSHIP\brisc2025\segmentation_task\test\masks\brisc2025_test_00504_me_sa_t1.png
brisc2025_test_00505_me_sa_t1.jpg,meningioma,meningioma,True,sagittal,meningioma,1,879,79,79,False,7982.90673828125,1.5497066974639893,0.00019412812253367836,0.0,0.0,0.0,D:\MSC Bioinformatics\INTERNSHIP\BrainTumor\data\processed\classification_224_rgb\test\meningioma\brisc2025_test_00505_me_sa_t1.png,D:\MSC Bioinformatics\INTERNSHIP\brisc2025\segmentation_task\test\masks\brisc2025_test_00505_me_sa_t1.png
brisc2025_test_00506_me_sa_t1.jpg,meningioma,meningioma,True,sagittal,meningioma,1,657,79,111,False,11655.685546875,164.18109130859375,0.014085923187299117,0.012248618469777246,0.000824317362184441,0.0,D:\MSC Bioinformatics\INTERNSHIP\BrainTumor\data\processed\classification_224_rgb\test\meningioma\brisc2025_test_00506_me_sa_t1.png,D:\MSC Bioinformatics\INTERNSHIP\brisc2025\segmentation_task\test\masks\brisc2025_test_00506_me_sa_t1.png
brisc2025_test_00507_me_sa_t1.jpg,meningioma,meningioma,True,sagittal,meningioma,1,665,175,79,False,10481.998046875,356.41619873046875,0.034002696540925914,0.04215660074826296,0.03771144278606965,0.029095354523227385,D:\MSC Bioinformatics\INTERNSHIP\BrainTumor\data\processed\classification_224_rgb\test\meningioma\brisc2025_test_00507_me_sa_t1.png,D:\MSC Bioinformatics\INTERNSHIP\brisc2025\segmentation_task\test\masks\brisc2025_test_00507_me_sa_t1.png
brisc2025_test_00508_me_sa_t1.jpg,meningioma,meningioma,True,sagittal,meningioma,1,705,144,111,False,13407.5791015625,154.47303771972656,0.01152132212307623,0.009233926128590971,0.0034604927082475074,0.0,D:\MSC Bioinformatics\INTERNSHIP\BrainTumor\data\processed\classification_224_rgb\test\meningioma\brisc2025_test_00508_me_sa_t1.png,D:\MSC Bioinformatics\INTERNSHIP\brisc2025\segmentation_task\test\masks\brisc2025_test_00508_me_sa_t1.png
brisc2025_test_00509_me_sa_t1.jpg,meningioma,meningioma,True,sagittal,meningioma,1,793,47,176,False,8093.82958984375,90.36802673339844,0.011165051812654111,0.00150578538595657,0.0,0.0,D:\MSC Bioinformatics\INTERNSHIP\BrainTumor\data\processed\classification_224_rgb\test\meningioma\brisc2025_test_00509_me_sa_t1.png,D:\MSC Bioinformatics\INTERNSHIP\brisc2025\segmentation_task\test\masks\brisc2025_test_00509_me_sa_t1.png
brisc2025_test_00510_me_sa_t1.jpg,meningioma,meningioma,True,sagittal,meningioma,1,1552,208,143,False,17134.33203125,1129.36962890625,0.06591267327179601,0.06620030711482681,0.10557740938465861,0.10781614064816776,D:\MSC Bioinformatics\INTERNSHIP\BrainTumor\data\processed\classification_224_rgb\test\meningioma\brisc2025_test_00510_me_sa_t1.png,D:\MSC Bioinformatics\INTERNSHIP\brisc2025\segmentation_task\test\masks\brisc2025_test_00510_me_sa_t1.png
brisc2025_test_00511_me_sa_t1.jpg,meningioma,meningioma,True,sagittal,meningioma,1,1182,80,80,False,9124.8935546875,891.2919921875,0.09767697418559355,0.10434322033898305,0.18982229402261713,0.25981675392670156,D:\MSC Bioinformatics\INTERNSHIP\BrainTumor\data\processed\classification_224_rgb\test\meningioma\brisc2025_test_00511_me_sa_t1.png,D:\MSC Bioinformatics\INTERNSHIP\brisc2025\segmentation_task\test\masks\brisc2025_test_00511_me_sa_t1.png
brisc2025_test_00512_me_sa_t1.jpg,meningioma,meningioma,True,sagittal,meningioma,1,608,48,111,False,6166.30517578125,193.42706298828125,0.031368389574357176,0.06263421617752327,0.0,0.0,D:\MSC Bioinformatics\INTERNSHIP\BrainTumor\data\processed\classification_224_rgb\test\meningioma\brisc2025_test_00512_me_sa_t1.png,D:\MSC Bioinformatics\INTERNSHIP\brisc2025\segmentation_task\test\masks\brisc2025_test_00512_me_sa_t1.png
brisc2025_test_00513_me_sa_t1.jpg,meningioma,meningioma,True,sagittal,meningioma,1,213,176,80,False,10094.5537109375,87.84333801269531,0.008702052664053548,0.013058559477657621,0.003975265017667844,0.0,D:\MSC Bioinformatics\INTERNSHIP\BrainTumor\data\processed\classification_224_rgb\test\meningioma\brisc2025_test_00513_me_sa_t1.png,D:\MSC Bioinformatics\INTERNSHIP\brisc2025\segmentation_task\test\masks\brisc2025_test_00513_me_sa_t1.png
brisc2025_test_00514_me_sa_t1.jpg,meningioma,meningioma,True,sagittal,meningioma,1,887,143,176,False,18981.849609375,622.31787109375,0.032784891035402136,0.031093350159498018,0.053250885513597884,0.07114075309156594,D:\MSC Bioinformatics\INTERNSHIP\BrainTumor\data\processed\classification_224_rgb\test\meningioma\brisc2025_test_00514_me_sa_t1.png,D:\MSC Bioinformatics\INTERNSHIP\brisc2025\segmentation_task\test\masks\brisc2025_test_00514_me_sa_t1.png
brisc2025_test_00515_me_sa_t1.jpg,meningioma,meningioma,True,sagittal,meningioma,1,1245,112,48,False,13108.6708984375,983.3883056640625,0.0750181550275458,0.06451111456552153,0.1286289905982023,0.2607726597325409,D:\MSC Bioinformatics\INTERNSHIP\BrainTumor\data\processed\classification_224_rgb\test\meningioma\brisc2025_test_00515_me_sa_t1.png,D:\MSC Bioinformatics\INTERNSHIP\brisc2025\segmentation_task\test\masks\brisc2025_test_00515_me_sa_t1.png
brisc2025_test_00516_me_sa_t1.jpg,meningioma,meningioma,True,sagittal,meningioma,1,878,80,79,False,9408.46875,263.63787841796875,0.0280213375229597,0.020425005157829586,0.0073486753045832525,0.0,D:\MSC Bioinformatics\INTERNSHIP\BrainTumor\data\processed\classification_224_rgb\test\meningioma\brisc2025_test_00516_me_sa_t1.png,D:\MSC Bioinformatics\INTERNSHIP\brisc2025\segmentation_task\test\masks\brisc2025_test_00516_me_sa_t1.png
brisc2025_test_00517_me_sa_t1.jpg,meningioma,meningioma,True,sagittal,meningioma,1,485,79,80,False,11835.1220703125,225.19895935058594,0.01902802168094914,0.02598995444457423,0.0277515829179577,0.0,D:\MSC Bioinformatics\INTERNSHIP\BrainTumor\data\processed\classification_224_rgb\test\meningioma\brisc2025_test_00517_me_sa_t1.png,D:\MSC Bioinformatics\INTERNSHIP\brisc2025\segmentation_task\test\masks\brisc2025_test_00517_me_sa_t1.png
brisc2025_test_00518_me_sa_t1.jpg,meningioma,meningioma,True,sagittal,meningioma,1,2306,112,79,True,8469.01953125,1614.2747802734375,0.1906094057661449,0.21677006956194775,0.4321904761904762,0.4059253559061177,D:\MSC Bioinformatics\INTERNSHIP\BrainTumor\data\processed\classification_224_rgb\test\meningioma\brisc2025_test_00518_me_sa_t1.png,D:\MSC Bioinformatics\INTERNSHIP\brisc2025\segmentation_task\test\masks\brisc2025_test_00518_me_sa_t1.png
brisc2025_test_00519_me_sa_t1.jpg,meningioma,meningioma,True,sagittal,meningioma,1,1160,80,79,False,15662.3515625,445.23333740234375,0.028426978900687905,0.03818583472341193,0.01384549408809655,0.0,D:\MSC Bioinformatics\INTERNSHIP\BrainTumor\data\processed\classification_224_rgb\test\meningioma\brisc2025_test_00519_me_sa_t1.png,D:\MSC Bioinformatics\INTERNSHIP\brisc2025\segmentation_task\test\masks\brisc2025_test_00519_me_sa_t1.png
brisc2025_test_00520_me_sa_t1.jpg,meningioma,meningioma,True,sagittal,meningioma,1,787,80,79,False,9776.388671875,337.42950439453125,0.034514739104558954,0.041125399830276126,0.029676674364896075,0.0005194805194805195,D:\MSC Bioinformatics\INTERNSHIP\BrainTumor\data\processed\classification_224_rgb\test\meningioma\brisc2025_test_00520_me_sa_t1.png,D:\MSC Bioinformatics\INTERNSHIP\brisc2025\segmentation_task\test\masks\brisc2025_test_00520_me_sa_t1.png
brisc2025_test_00521_me_sa_t1.jpg,meningioma,meningioma,True,sagittal,meningioma,1,186,176,111,False,15016.490234375,117.12620544433594,0.007799838951462604,0.008507135016465422,0.013322827877659194,0.0004805382027871216,D:\MSC Bioinformatics\INTERNSHIP\BrainTumor\data\processed\classification_224_rgb\test\meningioma\brisc2025_test_00521_me_sa_t1.png,D:\MSC Bioinformatics\INTERNSHIP\brisc2025\segmentation_task\test\masks\brisc2025_test_00521_me_sa_t1.png
brisc2025_test_00522_me_sa_t1.jpg,meningioma,meningioma,True,sagittal,meningioma,1,518,79,112,False,3741.554443359375,322.46771240234375,0.08618549249621886,0.11867162099396192,0.16501507970702284,0.15284552845528454,D:\MSC Bioinformatics\INTERNSHIP\BrainTumor\data\processed\classification_224_rgb\test\meningioma\brisc2025_test_00522_me_sa_t1.png,D:\MSC Bioinformatics\INTERNSHIP\brisc2025\segmentation_task\test\masks\brisc2025_test_00522_me_sa_t1.png
brisc2025_test_00523_me_sa_t1.jpg,meningioma,meningioma,True,sagittal,meningioma,1,396,0,143,False,15615.220703125,5.443380832672119,0.00034859454990493737,0.0,0.0,0.0,D:\MSC Bioinformatics\INTERNSHIP\BrainTumor\data\processed\classification_224_rgb\test\meningioma\brisc2025_test_00523_me_sa_t1.png,D:\MSC Bioinformatics\INTERNSHIP\brisc2025\segmentation_task\test\masks\brisc2025_test_00523_me_sa_t1.png
brisc2025_test_00524_me_sa_t1.jpg,meningioma,meningioma,True,sagittal,meningioma,1,1826,48,143,False,15632.05859375,1203.9449462890625,0.07701768382383259,0.075885962349209,0.09330691598043465,0.10418544752092723,D:\MSC Bioinformatics\INTERNSHIP\BrainTumor\data\processed\classification_224_rgb\test\meningioma\brisc2025_test_00524_me_sa_t1.png,D:\MSC Bioinformatics\INTERNSHIP\brisc2025\segmentation_task\test\masks\brisc2025_test_00524_me_sa_t1.png
brisc2025_test_00525_me_sa_t1.jpg,meningioma,meningioma,True,sagittal,meningioma,1,2036,48,111,False,11406.2900390625,1007.7303466796875,0.0883486517727121,0.10011716461628588,0.1378362223550508,0.059319727891156464,D:\MSC Bioinformatics\INTERNSHIP\BrainTumor\data\processed\classification_224_rgb\test\meningioma\brisc2025_test_00525_me_sa_t1.png,D:\MSC Bioinformatics\INTERNSHIP\brisc2025\segmentation_task\test\masks\brisc2025_test_00525_me_sa_t1.png
brisc2025_test_00526_me_sa_t1.jpg,meningioma,meningioma,True,sagittal,meningioma,1,449,79,79,False,8728.4931640625,0.5054094791412354,5.79034055067075e-05,0.0,0.0,0.0,D:\MSC Bioinformatics\INTERNSHIP\BrainTumor\data\processed\classification_224_rgb\test\meningioma\brisc2025_test_00526_me_sa_t1.png,D:\MSC Bioinformatics\INTERNSHIP\brisc2025\segmentation_task\test\masks\brisc2025_test_00526_me_sa_t1.png
brisc2025_test_00527_me_sa_t1.jpg,meningioma,meningioma,True,sagittal,meningioma,1,354,79,80,False,11844.494140625,25.35894775390625,0.0021409903582904834,0.0,0.0,0.0,D:\MSC Bioinformatics\INTERNSHIP\BrainTumor\data\processed\classification_224_rgb\test\meningioma\brisc2025_test_00527_me_sa_t1.png,D:\MSC Bioinformatics\INTERNSHIP\brisc2025\segmentation_task\test\masks\brisc2025_test_00527_me_sa_t1.png
brisc2025_test_00528_me_sa_t1.jpg,meningioma,meningioma,True,sagittal,meningioma,1,1019,175,143,False,11122.9765625,442.80487060546875,0.03980992570804662,0.04475727542453128,0.03679120045514887,0.016572754391779913,D:\MSC Bioinformatics\INTERNSHIP\BrainTumor\data\processed\classification_224_rgb\test\meningioma\brisc2025_test_00528_me_sa_t1.png,D:\MSC Bioinformatics\INTERNSHIP\brisc2025\segmentation_task\test\masks\brisc2025_test_00528_me_sa_t1.png
brisc2025_test_00529_me_sa_t1.jpg,meningioma,meningioma,True,sagittal,meningioma,1,1010,143,47,False,5343.11083984375,27.22625732421875,0.005095581607851305,0.0,0.0,0.0,D:\MSC Bioinformatics\INTERNSHIP\BrainTumor\data\processed\classification_224_rgb\test\meningioma\brisc2025_test_00529_me_sa_t1.png,D:\MSC Bioinformatics\INTERNSHIP\brisc2025\segmentation_task\test\masks\brisc2025_test_00529_me_sa_t1.png
brisc2025_test_00530_me_sa_t1.jpg,meningioma,meningioma,True,sagittal,meningioma,1,623,111,80,False,12921.779296875,538.4359130859375,0.04166886778635452,0.037801104301923426,0.064352856109906,0.121371517631015,D:\MSC Bioinformatics\INTERNSHIP\BrainTumor\data\processed\classification_224_rgb\test\meningioma\brisc2025_test_00530_me_sa_t1.png,D:\MSC Bioinformatics\INTERNSHIP\brisc2025\segmentation_task\test\masks\brisc2025_test_00530_me_sa_t1.png
brisc2025_test_00531_me_sa_t1.jpg,meningioma,meningioma,True,sagittal,meningioma,1,948,111,79,False,7109.91455078125,330.1705627441406,0.04643804934446939,0.07646143587463881,0.010550749103186326,0.0,D:\MSC Bioinformatics\INTERNSHIP\BrainTumor\data\processed\classification_224_rgb\test\meningioma\brisc2025_test_00531_me_sa_t1.png,D:\MSC Bioinformatics\INTERNSHIP\brisc2025\segmentation_task\test\masks\brisc2025_test_00531_me_sa_t1.png
brisc2025_test_00532_me_sa_t1.jpg,meningioma,meningioma,True,sagittal,meningioma,1,1052,111,48,True,7424.67919921875,819.7432250976562,0.110407898186889,0.09773318468970643,0.171841629702645,0.3621621621621622,D:\MSC Bioinformatics\INTERNSHIP\BrainTumor\data\processed\classification_224_rgb\test\meningioma\brisc2025_test_00532_me_sa_t1.png,D:\MSC Bioinformatics\INTERNSHIP\brisc2025\segmentation_task\test\masks\brisc2025_test_00532_me_sa_t1.png
brisc2025_test_00533_me_sa_t1.jpg,meningioma,glioma,False,sagittal,glioma,0,686,79,176,False,3462.2958984375,0.0,0.0,0.0,0.0,0.0,D:\MSC Bioinformatics\INTERNSHIP\BrainTumor\data\processed\classification_224_rgb\test\meningioma\brisc2025_test_00533_me_sa_t1.png,D:\MSC Bioinformatics\INTERNSHIP\brisc2025\segmentation_task\test\masks\brisc2025_test_00533_me_sa_t1.png
brisc2025_test_00534_me_sa_t1.jpg,meningioma,meningioma,True,sagittal,meningioma,1,1080,47,143,False,19386.119140625,650.228271484375,0.033540920014350634,0.03617726861621948,0.05956977385548814,0.0,D:\MSC Bioinformatics\INTERNSHIP\BrainTumor\data\processed\classification_224_rgb\test\meningioma\brisc2025_test_00534_me_sa_t1.png,D:\MSC Bioinformatics\INTERNSHIP\brisc2025\segmentation_task\test\masks\brisc2025_test_00534_me_sa_t1.png
brisc2025_test_00535_me_sa_t1.jpg,meningioma,meningioma,True,sagittal,meningioma,1,546,79,111,False,6885.2626953125,279.22698974609375,0.0405542972145699,0.05385103681760474,0.04506998923242578,0.01713546718396379,D:\MSC Bioinformatics\INTERNSHIP\BrainTumor\data\processed\classification_224_rgb\test\meningioma\brisc2025_test_00535_me_sa_t1.png,D:\MSC Bioinformatics\INTERNSHIP\brisc2025\segmentation_task\test\masks\brisc2025_test_00535_me_sa_t1.png
brisc2025_test_00536_me_sa_t1.jpg,meningioma,meningioma,True,sagittal,meningioma,1,2405,144,208,False,11800.259765625,1446.79638671875,0.1226071642027213,0.12084451786083006,0.1829864774144049,0.12367293723225926,D:\MSC Bioinformatics\INTERNSHIP\BrainTumor\data\processed\classification_224_rgb\test\meningioma\brisc2025_test_00536_me_sa_t1.png,D:\MSC Bioinformatics\INTERNSHIP\brisc2025\segmentation_task\test\masks\brisc2025_test_00536_me_sa_t1.png
brisc2025_test_00537_me_sa_t1.jpg,meningioma,meningioma,True,sagittal,meningioma,1,2373,143,80,True,12690.1826171875,1864.701416015625,0.14694047140740793,0.13615238969533536,0.20385457731055628,0.2207530537715653,D:\MSC Bioinformatics\INTERNSHIP\BrainTumor\data\processed\classification_224_rgb\test\meningioma\brisc2025_test_00537_me_sa_t1.png,D:\MSC Bioinformatics\INTERNSHIP\brisc2025\segmentation_task\test\masks\brisc2025_test_00537_me_sa_t1.png
brisc2025_test_00538_me_sa_t1.jpg,meningioma,meningioma,True,sagittal,meningioma,1,712,111,111,False,9833.10546875,272.1181640625,0.027673674906396797,0.045740520319673524,0.015771028037383176,0.0,D:\MSC Bioinformatics\INTERNSHIP\BrainTumor\data\processed\classification_224_rgb\test\meningioma\brisc2025_test_00538_me_sa_t1.png,D:\MSC Bioinformatics\INTERNSHIP\brisc2025\segmentation_task\test\masks\brisc2025_test_00538_me_sa_t1.png
brisc2025_test_00539_me_sa_t1.jpg,meningioma,meningioma,True,sagittal,meningioma,1,1539,175,144,False,15759.392578125,946.5721435546875,0.060063999222190044,0.06346653470246195,0.08850653819683414,0.042021422686075255,D:\MSC Bioinformatics\INTERNSHIP\BrainTumor\data\processed\classification_224_rgb\test\meningioma\brisc2025_test_00539_me_sa_t1.png,D:\MSC Bioinformatics\INTERNSHIP\brisc2025\segmentation_task\test\masks\brisc2025_test_00539_me_sa_t1.png
brisc2025_test_00540_me_sa_t1.jpg,meningioma,meningioma,True,sagittal,meningioma,1,3053,208,111,False,7925.287109375,867.9349365234375,0.10951463644726987,0.1257519571487433,0.0,0.0,D:\MSC Bioinformatics\INTERNSHIP\BrainTumor\data\processed\classification_224_rgb\test\meningioma\brisc2025_test_00540_me_sa_t1.png,D:\MSC Bioinformatics\INTERNSHIP\brisc2025\segmentation_task\test\masks\brisc2025_test_00540_me_sa_t1.png
brisc2025_test_00541_me_sa_t1.jpg,meningioma,meningioma,True,sagittal,meningioma,1,1357,79,80,True,6949.30322265625,835.50390625,0.12022844297915715,0.14214893846319646,0.21612230715774844,0.2729344729344729,D:\MSC Bioinformatics\INTERNSHIP\BrainTumor\data\processed\classification_224_rgb\test\meningioma\brisc2025_test_00541_me_sa_t1.png,D:\MSC Bioinformatics\INTERNSHIP\brisc2025\segmentation_task\test\masks\brisc2025_test_00541_me_sa_t1.png
brisc2025_test_00542_me_sa_t1.jpg,meningioma,meningioma,True,sagittal,meningioma,1,358,143,79,False,19852.623046875,320.987548828125,0.01616852080806781,0.011644927300523697,0.020925882628010286,0.044789190541724005,D:\MSC Bioinformatics\INTERNSHIP\BrainTumor\data\processed\classification_224_rgb\test\meningioma\brisc2025_test_00542_me_sa_t1.png,D:\MSC Bioinformatics\INTERNSHIP\brisc2025\segmentation_task\test\masks\brisc2025_test_00542_me_sa_t1.png
brisc2025_test_00543_me_sa_t1.jpg,meningioma,meningioma,True,sagittal,meningioma,1,1115,208,143,False,9839.888671875,281.5439453125,0.02861251328149951,0.027638707907550922,0.00905619203491544,0.0,D:\MSC Bioinformatics\INTERNSHIP\BrainTumor\data\processed\classification_224_rgb\test\meningioma\brisc2025_test_00543_me_sa_t1.png,D:\MSC Bioinformatics\INTERNSHIP\brisc2025\segmentation_task\test\masks\brisc2025_test_00543_me_sa_t1.png
brisc2025_test_00544_me_sa_t1.jpg,meningioma,meningioma,True,sagittal,meningioma,1,284,176,47,False,7447.3154296875,133.07969665527344,0.01786948571088759,0.028774062816616007,0.023606716962764663,0.0,D:\MSC Bioinformatics\INTERNSHIP\BrainTumor\data\processed\classification_224_rgb\test\meningioma\brisc2025_test_00544_me_sa_t1.png,D:\MSC Bioinformatics\INTERNSHIP\brisc2025\segmentation_task\test\masks\brisc2025_test_00544_me_sa_t1.png
brisc2025_test_00545_me_sa_t1.jpg,meningioma,meningioma,True,sagittal,meningioma,1,1156,80,80,False,9083.248046875,394.02972412109375,0.04337982647701179,0.05897699422879279,0.007324595219737857,0.0,D:\MSC Bioinformatics\INTERNSHIP\BrainTumor\data\processed\classification_224_rgb\test\meningioma\brisc2025_test_00545_me_sa_t1.png,D:\MSC Bioinformatics\INTERNSHIP\brisc2025\segmentation_task\test\masks\brisc2025_test_00545_me_sa_t1.png
brisc2025_test_00546_me_sa_t1.jpg,meningioma,meningioma,True,sagittal,meningioma,1,1414,111,80,False,9415.9345703125,994.6036987304688,0.10562984388892789,0.1211134903640257,0.24187853107344634,0.23651591289782245,D:\MSC Bioinformatics\INTERNSHIP\BrainTumor\data\processed\classification_224_rgb\test\meningioma\brisc2025_test_00546_me_sa_t1.png,D:\MSC Bioinformatics\INTERNSHIP\brisc2025\segmentation_task\test\masks\brisc2025_test_00546_me_sa_t1.png
brisc2025_test_00547_me_sa_t1.jpg,meningioma,meningioma,True,sagittal,meningioma,1,1670,176,208,False,9916.404296875,993.6793212890625,0.1002056079543071,0.10199203187250996,0.1596108335524586,0.17260012714558168,D:\MSC Bioinformatics\INTERNSHIP\BrainTumor\data\processed\classification_224_rgb\test\meningioma\brisc2025_test_00547_me_sa_t1.png,D:\MSC Bioinformatics\INTERNSHIP\brisc2025\segmentation_task\test\masks\brisc2025_test_00547_me_sa_t1.png
brisc2025_test_00548_me_sa_t1.jpg,meningioma,meningioma,True,sagittal,meningioma,1,1041,48,80,False,5808.02490234375,880.4903564453125,0.15159892928317206,0.13298415942769545,0.23578708946772367,0.5232498722534492,D:\MSC Bioinformatics\INTERNSHIP\BrainTumor\data\processed\classification_224_rgb\test\meningioma\brisc2025_test_00548_me_sa_t1.png,D:\MSC Bioinformatics\INTERNSHIP\brisc2025\segmentation_task\test\masks\brisc2025_test_00548_me_sa_t1.png
brisc2025_test_00549_me_sa_t1.jpg,meningioma,meningioma,True,sagittal,meningioma,1,1106,208,176,False,8697.9111328125,130.18685913085938,0.014967600512694936,0.0,0.0,0.0,D:\MSC Bioinformatics\INTERNSHIP\BrainTumor\data\processed\classification_224_rgb\test\meningioma\brisc2025_test_00549_me_sa_t1.png,D:\MSC Bioinformatics\INTERNSHIP\brisc2025\segmentation_task\test\masks\brisc2025_test_00549_me_sa_t1.png
brisc2025_test_00550_me_sa_t1.jpg,meningioma,meningioma,True,sagittal,meningioma,1,643,143,208,False,7771.6005859375,0.0,0.0,0.0,0.0,0.0,D:\MSC Bioinformatics\INTERNSHIP\BrainTumor\data\processed\classification_224_rgb\test\meningioma\brisc2025_test_00550_me_sa_t1.png,D:\MSC Bioinformatics\INTERNSHIP\brisc2025\segmentation_task\test\masks\brisc2025_test_00550_me_sa_t1.png
brisc2025_test_00551_me_sa_t1.jpg,meningioma,meningioma,True,sagittal,meningioma,1,968,79,176,False,13257.6982421875,607.3045654296875,0.04580769258250089,0.04775059194948698,0.07704569606801276,0.04358256697321072,D:\MSC Bioinformatics\INTERNSHIP\BrainTumor\data\processed\classification_224_rgb\test\meningioma\brisc2025_test_00551_me_sa_t1.png,D:\MSC Bioinformatics\INTERNSHIP\brisc2025\segmentation_task\test\masks\brisc2025_test_00551_me_sa_t1.png
brisc2025_test_00552_me_sa_t1.jpg,meningioma,meningioma,True,sagittal,meningioma,1,365,80,47,False,9316.951171875,0.0,0.0,0.0,0.0,0.0,D:\MSC Bioinformatics\INTERNSHIP\BrainTumor\data\processed\classification_224_rgb\test\meningioma\brisc2025_test_00552_me_sa_t1.png,D:\MSC Bioinformatics\INTERNSHIP\brisc2025\segmentation_task\test\masks\brisc2025_test_00552_me_sa_t1.png
brisc2025_test_00553_me_sa_t1.jpg,meningioma,meningioma,True,sagittal,meningioma,1,1018,111,79,False,12490.345703125,164.86245727539062,0.01319919089462377,0.0014056789429294349,0.0,0.0,D:\MSC Bioinformatics\INTERNSHIP\BrainTumor\data\processed\classification_224_rgb\test\meningioma\brisc2025_test_00553_me_sa_t1.png,D:\MSC Bioinformatics\INTERNSHIP\brisc2025\segmentation_task\test\masks\brisc2025_test_00553_me_sa_t1.png
brisc2025_test_00554_me_sa_t1.jpg,meningioma,meningioma,True,sagittal,meningioma,1,2003,80,48,True,12449.548828125,1627.4708251953125,0.13072528552349333,0.10534343115599032,0.18102123813827384,0.4826370048833424,D:\MSC Bioinformatics\INTERNSHIP\BrainTumor\data\processed\classification_224_rgb\test\meningioma\brisc2025_test_00554_me_sa_t1.png,D:\MSC Bioinformatics\INTERNSHIP\brisc2025\segmentation_task\test\masks\brisc2025_test_00554_me_sa_t1.png
brisc2025_test_00555_me_sa_t1.jpg,meningioma,meningioma,True,sagittal,meningioma,1,1297,144,176,False,10278.279296875,130.07388305664062,0.012655219740544333,0.0,0.0,0.0,D:\MSC Bioinformatics\INTERNSHIP\BrainTumor\data\processed\classification_224_rgb\test\meningioma\brisc2025_test_00555_me_sa_t1.png,D:\MSC Bioinformatics\INTERNSHIP\brisc2025\segmentation_task\test\masks\brisc2025_test_00555_me_sa_t1.png
brisc2025_test_00556_me_sa_t1.jpg,meningioma,meningioma,True,sagittal,meningioma,1,621,112,47,False,13522.603515625,511.1301574707031,0.03779820630547262,0.030344490593696555,0.06539595619208087,0.18382352941176472,D:\MSC Bioinformatics\INTERNSHIP\BrainTumor\data\processed\classification_224_rgb\test\meningioma\brisc2025_test_00556_me_sa_t1.png,D:\MSC Bioinformatics\INTERNSHIP\brisc2025\segmentation_task\test\masks\brisc2025_test_00556_me_sa_t1.png
brisc2025_test_00557_me_sa_t1.jpg,meningioma,meningioma,True,sagittal,meningioma,1,438,112,79,False,9569.7783203125,294.9060363769531,0.030816391613899267,0.031762146482958664,0.06834139491340303,0.05502116198537899,D:\MSC Bioinformatics\INTERNSHIP\BrainTumor\data\processed\classification_224_rgb\test\meningioma\brisc2025_test_00557_me_sa_t1.png,D:\MSC Bioinformatics\INTERNSHIP\brisc2025\segmentation_task\test\masks\brisc2025_test_00557_me_sa_t1.png
brisc2025_test_00558_me_sa_t1.jpg,meningioma,meningioma,True,sagittal,meningioma,1,146,143,47,False,7883.65380859375,28.93442153930664,0.0036701791126046196,0.0005031024652020795,0.0,0.0,D:\MSC Bioinformatics\INTERNSHIP\BrainTumor\data\processed\classification_224_rgb\test\meningioma\brisc2025_test_00558_me_sa_t1.png,D:\MSC Bioinformatics\INTERNSHIP\brisc2025\segmentation_task\test\masks\brisc2025_test_00558_me_sa_t1.png
brisc2025_test_00559_me_sa_t1.jpg,meningioma,meningioma,True,sagittal,meningioma,1,415,208,112,False,11365.017578125,50.90083312988281,0.004478728939923068,0.0,0.0,0.0,D:\MSC Bioinformatics\INTERNSHIP\BrainTumor\data\processed\classification_224_rgb\test\meningioma\brisc2025_test_00559_me_sa_t1.png,D:\MSC Bioinformatics\INTERNSHIP\brisc2025\segmentation_task\test\masks\brisc2025_test_00559_me_sa_t1.png
brisc2025_test_00560_me_sa_t1.jpg,meningioma,meningioma,True,sagittal,meningioma,1,1524,111,48,False,14200.123046875,1351.3531494140625,0.09516489011772702,0.08528259653049804,0.12432697014194811,0.22772870190148226,D:\MSC Bioinformatics\INTERNSHIP\BrainTumor\data\processed\classification_224_rgb\test\meningioma\brisc2025_test_00560_me_sa_t1.png,D:\MSC Bioinformatics\INTERNSHIP\brisc2025\segmentation_task\test\masks\brisc2025_test_00560_me_sa_t1.png
brisc2025_test_00701_pi_ax_t1.jpg,pituitary,pituitary,True,axial,pituitary,3,413,112,143,False,12471.1513671875,294.8075256347656,0.023639158643397235,0.02354886532101722,0.047281053234115626,0.06807794082270868,D:\MSC Bioinformatics\INTERNSHIP\BrainTumor\data\processed\classification_224_rgb\test\pituitary\brisc2025_test_00701_pi_ax_t1.png,D:\MSC Bioinformatics\INTERNSHIP\brisc2025\segmentation_task\test\masks\brisc2025_test_00701_pi_ax_t1.png
brisc2025_test_00702_pi_ax_t1.jpg,pituitary,pituitary,True,axial,pituitary,3,360,111,175,False,11634.14453125,135.79071044921875,0.011671740030775523,0.013823042211686754,0.009118203046814188,0.0005162622612287042,D:\MSC Bioinformatics\INTERNSHIP\BrainTumor\data\processed\classification_224_rgb\test\pituitary\brisc2025_test_00702_pi_ax_t1.png,D:\MSC Bioinformatics\INTERNSHIP\brisc2025\segmentation_task\test\masks\brisc2025_test_00702_pi_ax_t1.png
brisc2025_test_00703_pi_ax_t1.jpg,pituitary,pituitary,True,axial,pituitary,3,97,111,112,False,9563.2392578125,61.25679397583008,0.0064054440471922255,0.007944307944307944,0.018653846153846153,0.011299435028248588,D:\MSC Bioinformatics\INTERNSHIP\BrainTumor\data\processed\classification_224_rgb\test\pituitary\brisc2025_test_00703_pi_ax_t1.png,D:\MSC Bioinformatics\INTERNSHIP\brisc2025\segmentation_task\test\masks\brisc2025_test_00703_pi_ax_t1.png
brisc2025_test_00704_pi_ax_t1.jpg,pituitary,pituitary,True,axial,pituitary,3,352,143,111,False,8058.65966796875,208.5667266845703,0.0258810689715032,0.03265609054643288,0.050685157668812944,0.006587202007528231,D:\MSC Bioinformatics\INTERNSHIP\BrainTumor\data\processed\classification_224_rgb\test\pituitary\brisc2025_test_00704_pi_ax_t1.png,D:\MSC Bioinformatics\INTERNSHIP\brisc2025\segmentation_task\test\masks\brisc2025_test_00704_pi_ax_t1.png
brisc2025_test_00705_pi_ax_t1.jpg,pituitary,pituitary,True,axial,pituitary,3,304,111,112,False,11038.6259765625,206.97998046875,0.01875052030100624,0.020723975731133683,0.039978958442924775,0.03745560219567323,D:\MSC Bioinformatics\INTERNSHIP\BrainTumor\data\processed\classification_224_rgb\test\pituitary\brisc2025_test_00705_pi_ax_t1.png,D:\MSC Bioinformatics\INTERNSHIP\brisc2025\segmentation_task\test\masks\brisc2025_test_00705_pi_ax_t1.png
brisc2025_test_00706_pi_ax_t1.jpg,pituitary,pituitary,True,axial,pituitary,3,165,112,111,False,11682.71484375,131.3377227783203,0.011242054996196639,0.010574889444337628,0.01841312353531972,0.045094288056846135,D:\MSC Bioinformatics\INTERNSHIP\BrainTumor\data\processed\classification_224_rgb\test\pituitary\brisc2025_test_00706_pi_ax_t1.png,D:\MSC Bioinformatics\INTERNSHIP\brisc2025\segmentation_task\test\masks\brisc2025_test_00706_pi_ax_t1.png
brisc2025_test_00707_pi_ax_t1.jpg,pituitary,pituitary,True,axial,pituitary,3,571,111,79,True,12037.4580078125,321.70654296875,0.02672545505537443,0.030497010689051272,0.03469785575048733,0.048582995951417005,D:\MSC Bioinformatics\INTERNSHIP\BrainTumor\data\processed\classification_224_rgb\test\pituitary\brisc2025_test_00707_pi_ax_t1.png,D:\MSC Bioinformatics\INTERNSHIP\brisc2025\segmentation_task\test\masks\brisc2025_test_00707_pi_ax_t1.png
brisc2025_test_00708_pi_ax_t1.jpg,pituitary,pituitary,True,axial,pituitary,3,352,112,112,False,12563.0048828125,271.6973876953125,0.02162678357842739,0.02052956957891053,0.03947073334828437,0.08778280542986425,D:\MSC Bioinformatics\INTERNSHIP\BrainTumor\data\processed\classification_224_rgb\test\pituitary\brisc2025_test_00708_pi_ax_t1.png,D:\MSC Bioinformatics\INTERNSHIP\brisc2025\segmentation_task\test\masks\brisc2025_test_00708_pi_ax_t1.png
brisc2025_test_00709_pi_ax_t1.jpg,pituitary,pituitary,True,axial,pituitary,3,652,111,175,False,9387.826171875,128.95291137695312,0.013736184396264527,0.012824314306893996,0.00023949227637408692,0.0,D:\MSC Bioinformatics\INTERNSHIP\BrainTumor\data\processed\classification_224_rgb\test\pituitary\brisc2025_test_00709_pi_ax_t1.png,D:\MSC Bioinformatics\INTERNSHIP\brisc2025\segmentation_task\test\masks\brisc2025_test_00709_pi_ax_t1.png
brisc2025_test_00710_pi_ax_t1.jpg,pituitary,pituitary,True,axial,pituitary,3,452,112,112,False,16883.755859375,402.3226318359375,0.023828977105976146,0.019434173187720356,0.031213313997652096,0.05526347964298814,D:\MSC Bioinformatics\INTERNSHIP\BrainTumor\data\processed\classification_224_rgb\test\pituitary\brisc2025_test_00710_pi_ax_t1.png,D:\MSC Bioinformatics\INTERNSHIP\brisc2025\segmentation_task\test\masks\brisc2025_test_00710_pi_ax_t1.png
brisc2025_test_00711_pi_ax_t1.jpg,pituitary,pituitary,True,axial,pituitary,3,203,80,48,False,13446.6171875,80.45431518554688,0.005983238316647948,0.010130246020260492,0.0010664391596459423,0.0,D:\MSC Bioinformatics\INTERNSHIP\BrainTumor\data\processed\classification_224_rgb\test\pituitary\brisc2025_test_00711_pi_ax_t1.png,D:\MSC Bioinformatics\INTERNSHIP\brisc2025\segmentation_task\test\masks\brisc2025_test_00711_pi_ax_t1.png
brisc2025_test_00712_pi_ax_t1.jpg,pituitary,pituitary,True,axial,pituitary,3,307,111,143,False,13832.8798828125,199.58998107910156,0.014428664368516222,0.014236690780931182,0.036919315403422984,0.023538746363395927,D:\MSC Bioinformatics\INTERNSHIP\BrainTumor\data\processed\classification_224_rgb\test\pituitary\brisc2025_test_00712_pi_ax_t1.png,D:\MSC Bioinformatics\INTERNSHIP\brisc2025\segmentation_task\test\masks\brisc2025_test_00712_pi_ax_t1.png
brisc2025_test_00713_pi_ax_t1.jpg,pituitary,pituitary,True,axial,pituitary,3,267,112,111,False,12447.26953125,240.18115234375,0.019295890696409634,0.016771356783919597,0.030441226770037622,0.06826898491434416,D:\MSC Bioinformatics\INTERNSHIP\BrainTumor\data\processed\classification_224_rgb\test\pituitary\brisc2025_test_00713_pi_ax_t1.png,D:\MSC Bioinformatics\INTERNSHIP\brisc2025\segmentation_task\test\masks\brisc2025_test_00713_pi_ax_t1.png
brisc2025_test_00714_pi_ax_t1.jpg,pituitary,pituitary,True,axial,pituitary,3,373,112,79,True,13313.39453125,302.36236572265625,0.022711139898463396,0.02318786522441875,0.03993576017130621,0.059639389736477116,D:\MSC Bioinformatics\INTERNSHIP\BrainTumor\data\processed\classification_224_rgb\test\pituitary\brisc2025_test_00714_pi_ax_t1.png,D:\MSC Bioinformatics\INTERNSHIP\brisc2025\segmentation_task\test\masks\brisc2025_test_00714_pi_ax_t1.png
brisc2025_test_00715_pi_ax_t1.jpg,pituitary,pituitary,True,axial,pituitary,3,321,111,112,False,19201.853515625,257.03375244140625,0.01338588236975414,0.011131146404050211,0.020431544777544396,0.04287305122494432,D:\MSC Bioinformatics\INTERNSHIP\BrainTumor\data\processed\classification_224_rgb\test\pituitary\brisc2025_test_00715_pi_ax_t1.png,D:\MSC Bioinformatics\INTERNSHIP\brisc2025\segmentation_task\test\masks\brisc2025_test_00715_pi_ax_t1.png
brisc2025_test_00716_pi_ax_t1.jpg,pituitary,pituitary,True,axial,pituitary,3,121,111,143,False,10798.712890625,74.48384857177734,0.0068974746644520175,0.007428781925343812,0.014068131612603186,0.0,D:\MSC Bioinformatics\INTERNSHIP\BrainTumor\data\processed\classification_224_rgb\test\pituitary\brisc2025_test_00716_pi_ax_t1.png,D:\MSC Bioinformatics\INTERNSHIP\brisc2025\segmentation_task\test\masks\brisc2025_test_00716_pi_ax_t1.png
brisc2025_test_00717_pi_ax_t1.jpg,pituitary,pituitary,True,axial,pituitary,3,960,112,143,False,17427.90234375,738.4963989257812,0.04237437095753644,0.03859917172610671,0.06640841173215274,0.11260799531410162,D:\MSC Bioinformatics\INTERNSHIP\BrainTumor\data\processed\classification_224_rgb\test\pituitary\brisc2025_test_00717_pi_ax_t1.png,D:\MSC Bioinformatics\INTERNSHIP\brisc2025\segmentation_task\test\masks\brisc2025_test_00717_pi_ax_t1.png
brisc2025_test_00718_pi_ax_t1.jpg,pituitary,pituitary,True,axial,pituitary,3,1472,80,143,False,10604.501953125,495.25,0.046701863245360305,0.057085771371485655,0.0355916685740444,0.0,D:\MSC Bioinformatics\INTERNSHIP\BrainTumor\data\processed\classification_224_rgb\test\pituitary\brisc2025_test_00718_pi_ax_t1.png,D:\MSC Bioinformatics\INTERNSHIP\brisc2025\segmentation_task\test\masks\brisc2025_test_00718_pi_ax_t1.png
brisc2025_test_00719_pi_ax_t1.jpg,pituitary,pituitary,True,axial,pituitary,3,767,79,80,False,21197.486328125,455.3086853027344,0.02147937157523376,0.023822095226263315,0.03596635405588321,0.005312868949232586,D:\MSC Bioinformatics\INTERNSHIP\BrainTumor\data\processed\classification_224_rgb\test\pituitary\brisc2025_test_00719_pi_ax_t1.png,D:\MSC Bioinformatics\INTERNSHIP\brisc2025\segmentation_task\test\masks\brisc2025_test_00719_pi_ax_t1.png
brisc2025_test_00720_pi_ax_t1.jpg,pituitary,pituitary,True,axial,pituitary,3,371,112,143,False,8340.185546875,171.94277954101562,0.020616181567500162,0.03310665712240515,0.019501133786848073,0.0,D:\MSC Bioinformatics\INTERNSHIP\BrainTumor\data\processed\classification_224_rgb\test\pituitary\brisc2025_test_00720_pi_ax_t1.png,D:\MSC Bioinformatics\INTERNSHIP\brisc2025\segmentation_task\test\masks\brisc2025_test_00720_pi_ax_t1.png
brisc2025_test_00721_pi_ax_t1.jpg,pituitary,pituitary,True,axial,pituitary,3,261,111,143,False,8643.7333984375,80.53269958496094,0.009316888417627338,0.01094412331406551,0.0,0.0,D:\MSC Bioinformatics\INTERNSHIP\BrainTumor\data\processed\classification_224_rgb\test\pituitary\brisc2025_test_00721_pi_ax_t1.png,D:\MSC Bioinformatics\INTERNSHIP\brisc2025\segmentation_task\test\masks\brisc2025_test_00721_pi_ax_t1.png
brisc2025_test_00722_pi_ax_t1.jpg,pituitary,pituitary,True,axial,pituitary,3,630,80,111,False,8713.50390625,479.7497253417969,0.055058186752826636,0.05416559195254062,0.08386581469648563,0.1564132327336042,D:\MSC Bioinformatics\INTERNSHIP\BrainTumor\data\processed\classification_224_rgb\test\pituitary\brisc2025_test_00722_pi_ax_t1.png,D:\MSC Bioinformatics\INTERNSHIP\brisc2025\segmentation_task\test\masks\brisc2025_test_00722_pi_ax_t1.png
brisc2025_test_00723_pi_ax_t1.jpg,pituitary,pituitary,True,axial,pituitary,3,198,80,47,False,12956.396484375,0.0,0.0,0.0,0.0,0.0,D:\MSC Bioinformatics\INTERNSHIP\BrainTumor\data\processed\classification_224_rgb\test\pituitary\brisc2025_test_00723_pi_ax_t1.png,D:\MSC Bioinformatics\INTERNSHIP\brisc2025\segmentation_task\test\masks\brisc2025_test_00723_pi_ax_t1.png
brisc2025_test_00724_pi_ax_t1.jpg,pituitary,pituitary,True,axial,pituitary,3,473,111,111,False,4235.46142578125,347.87432861328125,0.08213374970098193,0.07941571524513096,0.18319132455460882,0.2707979626485569,D:\MSC Bioinformatics\INTERNSHIP\BrainTumor\data\processed\classification_224_rgb\test\pituitary\brisc2025_test_00724_pi_ax_t1.png,D:\MSC Bioinformatics\INTERNSHIP\brisc2025\segmentation_task\test\masks\brisc2025_test_00724_pi_ax_t1.png
brisc2025_test_00725_pi_ax_t1.jpg,pituitary,pituitary,True,axial,pituitary,3,380,80,111,False,15207.828125,342.80975341796875,0.0225416641087906,0.018334459133455563,0.03260123541523679,0.06077083000159923,D:\MSC Bioinformatics\INTERNSHIP\BrainTumor\data\processed\classification_224_rgb\test\pituitary\brisc2025_test_00725_pi_ax_t1.png,D:\MSC Bioinformatics\INTERNSHIP\brisc2025\segmentation_task\test\masks\brisc2025_test_00725_pi_ax_t1.png
brisc2025_test_00726_pi_ax_t1.jpg,pituitary,pituitary,True,axial,pituitary,3,497,143,112,False,9675.7724609375,338.3315734863281,0.034966879890181574,0.040022547914317926,0.07116867995924901,0.05905932656333512,D:\MSC Bioinformatics\INTERNSHIP\BrainTumor\data\processed\classification_224_rgb\test\pituitary\brisc2025_test_00726_pi_ax_t1.png,D:\MSC Bioinformatics\INTERNSHIP\brisc2025\segmentation_task\test\masks\brisc2025_test_00726_pi_ax_t1.png
brisc2025_test_00727_pi_ax_t1.jpg,pituitary,pituitary,True,axial,pituitary,3,464,143,80,False,13481.1552734375,209.94589233398438,0.015573286419128321,0.020536971403602465,0.01606425702811245,0.0,D:\MSC Bioinformatics\INTERNSHIP\BrainTumor\data\processed\classification_224_rgb\test\pituitary\brisc2025_test_00727_pi_ax_t1.png,D:\MSC Bioinformatics\INTERNSHIP\brisc2025\segmentation_task\test\masks\brisc2025_test_00727_pi_ax_t1.png
brisc2025_test_00728_pi_ax_t1.jpg,pituitary,pituitary,True,axial,pituitary,3,220,111,112,False,14032.1943359375,194.92007446289062,0.013890918967939727,0.012134583563154992,0.020012735377058128,0.038896746817538894,D:\MSC Bioinformatics\INTERNSHIP\BrainTumor\data\processed\classification_224_rgb\test\pituitary\brisc2025_test_00728_pi_ax_t1.png,D:\MSC Bioinformatics\INTERNSHIP\brisc2025\segmentation_task\test\masks\brisc2025_test_00728_pi_ax_t1.png
brisc2025_test_00729_pi_ax_t1.jpg,pituitary,pituitary,True,axial,pituitary,3,278,112,79,False,9688.822265625,257.99835205078125,0.026628453384487643,0.022888193643998023,0.037091394262841894,0.06934397605387878,D:\MSC Bioinformatics\INTERNSHIP\BrainTumor\data\processed\classification_224_rgb\test\pituitary\brisc2025_test_00729_pi_ax_t1.png,D:\MSC Bioinformatics\INTERNSHIP\brisc2025\segmentation_task\test\masks\brisc2025_test_00729_pi_ax_t1.png
brisc2025_test_00730_pi_ax_t1.jpg,pituitary,pituitary,True,axial,pituitary,3,295,143,48,False,4820.27685546875,83.3890380859375,0.01729963663629198,0.017105263157894738,0.00832729905865315,0.0,D:\MSC Bioinformatics\INTERNSHIP\BrainTumor\data\processed\classification_224_rgb\test\pituitary\brisc2025_test_00730_pi_ax_t1.png,D:\MSC Bioinformatics\INTERNSHIP\brisc2025\segmentation_task\test\masks\brisc2025_test_00730_pi_ax_t1.png
brisc2025_test_00731_pi_ax_t1.jpg,pituitary,pituitary,True,axial,pituitary,3,316,111,111,False,9435.484375,249.7847442626953,0.02647291165300619,0.02485253637436099,0.04682868998221695,0.15634517766497463,D:\MSC Bioinformatics\INTERNSHIP\BrainTumor\data\processed\classification_224_rgb\test\pituitary\brisc2025_test_00731_pi_ax_t1.png,D:\MSC Bioinformatics\INTERNSHIP\brisc2025\segmentation_task\test\masks\brisc2025_test_00731_pi_ax_t1.png
brisc2025_test_00732_pi_ax_t1.jpg,pituitary,pituitary,True,axial,pituitary,3,273,111,143,False,10184.5,163.70526123046875,0.016073961532767318,0.0195600773805259,0.03277356446370531,0.011401140114011402,D:\MSC Bioinformatics\INTERNSHIP\BrainTumor\data\processed\classification_224_rgb\test\pituitary\brisc2025_test_00732_pi_ax_t1.png,D:\MSC Bioinformatics\INTERNSHIP\brisc2025\segmentation_task\test\masks\brisc2025_test_00732_pi_ax_t1.png
brisc2025_test_00733_pi_ax_t1.jpg,pituitary,pituitary,True,axial,pituitary,3,325,48,111,False,13807.2236328125,112.4964599609375,0.008147652486311054,0.009917438582360048,0.0045600858369098714,0.0,D:\MSC Bioinformatics\INTERNSHIP\BrainTumor\data\processed\classification_224_rgb\test\pituitary\brisc2025_test_00733_pi_ax_t1.png,D:\MSC Bioinformatics\INTERNSHIP\brisc2025\segmentation_task\test\masks\brisc2025_test_00733_pi_ax_t1.png
brisc2025_test_00734_pi_ax_t1.jpg,pituitary,pituitary,True,axial,pituitary,3,774,80,0,False,3510.47900390625,5.128306865692139,0.0014608567263856777,0.0,0.0,0.0,D:\MSC Bioinformatics\INTERNSHIP\BrainTumor\data\processed\classification_224_rgb\test\pituitary\brisc2025_test_00734_pi_ax_t1.png,D:\MSC Bioinformatics\INTERNSHIP\brisc2025\segmentation_task\test\masks\brisc2025_test_00734_pi_ax_t1.png
brisc2025_test_00735_pi_ax_t1.jpg,pituitary,pituitary,True,axial,pituitary,3,780,176,143,False,15326.5390625,208.05667114257812,0.0135749284488915,0.010607881324327684,0.0010364842454394694,0.0,D:\MSC Bioinformatics\INTERNSHIP\BrainTumor\data\processed\classification_224_rgb\test\pituitary\brisc2025_test_00735_pi_ax_t1.png,D:\MSC Bioinformatics\INTERNSHIP\brisc2025\segmentation_task\test\masks\brisc2025_test_00735_pi_ax_t1.png
brisc2025_test_00736_pi_ax_t1.jpg,pituitary,pituitary,True,axial,pituitary,3,362,112,144,False,14333.35546875,165.98666381835938,0.01158044703351203,0.015850081001795174,0.002184837229626393,0.0,D:\MSC Bioinformatics\INTERNSHIP\BrainTumor\data\processed\classification_224_rgb\test\pituitary\brisc2025_test_00736_pi_ax_t1.png,D:\MSC Bioinformatics\INTERNSHIP\brisc2025\segmentation_task\test\masks\brisc2025_test_00736_pi_ax_t1.png
brisc2025_test_00737_pi_ax_t1.jpg,pituitary,pituitary,True,axial,pituitary,3,530,80,176,False,13159.6796875,78.64398956298828,0.0059761325070616985,0.0,0.0,0.0,D:\MSC Bioinformatics\INTERNSHIP\BrainTumor\data\processed\classification_224_rgb\test\pituitary\brisc2025_test_00737_pi_ax_t1.png,D:\MSC Bioinformatics\INTERNSHIP\brisc2025\segmentation_task\test\masks\brisc2025_test_00737_pi_ax_t1.png
brisc2025_test_00738_pi_ax_t1.jpg,pituitary,pituitary,True,axial,pituitary,3,889,112,111,False,20584.05078125,802.28857421875,0.03897622400686818,0.030029725712741522,0.04773410652920962,0.09200993583109088,D:\MSC Bioinformatics\INTERNSHIP\BrainTumor\data\processed\classification_224_rgb\test\pituitary\brisc2025_test_00738_pi_ax_t1.png,D:\MSC Bioinformatics\INTERNSHIP\brisc2025\segmentation_task\test\masks\brisc2025_test_00738_pi_ax_t1.png
brisc2025_test_00739_pi_ax_t1.jpg,pituitary,pituitary,True,axial,pituitary,3,416,143,143,False,4373.482421875,44.43877410888672,0.010160958664568022,0.0,0.0,0.0,D:\MSC Bioinformatics\INTERNSHIP\BrainTumor\data\processed\classification_224_rgb\test\pituitary\brisc2025_test_00739_pi_ax_t1.png,D:\MSC Bioinformatics\INTERNSHIP\brisc2025\segmentation_task\test\masks\brisc2025_test_00739_pi_ax_t1.png
brisc2025_test_00740_pi_ax_t1.jpg,pituitary,pituitary,True,axial,pituitary,3,773,175,175,False,11808.2080078125,106.84346008300781,0.009048236617471377,0.00017018379850238256,0.0,0.0,D:\MSC Bioinformatics\INTERNSHIP\BrainTumor\data\processed\classification_224_rgb\test\pituitary\brisc2025_test_00740_pi_ax_t1.png,D:\MSC Bioinformatics\INTERNSHIP\brisc2025\segmentation_task\test\masks\brisc2025_test_00740_pi_ax_t1.png
brisc2025_test_00741_pi_ax_t1.jpg,pituitary,pituitary,True,axial,pituitary,3,308,143,80,False,8956.486328125,190.44261169433594,0.021263094110500834,0.02573959552064182,0.042431361033622085,0.016909814323607428,D:\MSC Bioinformatics\INTERNSHIP\BrainTumor\data\processed\classification_224_rgb\test\pituitary\brisc2025_test_00741_pi_ax_t1.png,D:\MSC Bioinformatics\INTERNSHIP\brisc2025\segmentation_task\test\masks\brisc2025_test_00741_pi_ax_t1.png
brisc2025_test_00742_pi_ax_t1.jpg,pituitary,pituitary,True,axial,pituitary,3,385,111,112,False,6231.6767578125,275.7324523925781,0.04424691188401246,0.04697986577181208,0.12261146496815287,0.17656903765690377,D:\MSC Bioinformatics\INTERNSHIP\BrainTumor\data\processed\classification_224_rgb\test\pituitary\brisc2025_test_00742_pi_ax_t1.png,D:\MSC Bioinformatics\INTERNSHIP\brisc2025\segmentation_task\test\masks\brisc2025_test_00742_pi_ax_t1.png
brisc2025_test_00743_pi_ax_t1.jpg,pituitary,pituitary,True,axial,pituitary,3,783,112,143,False,9080.1494140625,481.9945068359375,0.053082221982985074,0.06734269370774831,0.08817843866171003,0.0692090395480226,D:\MSC Bioinformatics\INTERNSHIP\BrainTumor\data\processed\classification_224_rgb\test\pituitary\brisc2025_test_00743_pi_ax_t1.png,D:\MSC Bioinformatics\INTERNSHIP\brisc2025\segmentation_task\test\masks\brisc2025_test_00743_pi_ax_t1.png
brisc2025_test_00744_pi_ax_t1.jpg,pituitary,pituitary,True,axial,pituitary,3,511,112,143,False,13278.9482421875,421.01641845703125,0.031705554595013265,0.028439447907390916,0.04656460725350829,0.08627384771230795,D:\MSC Bioinformatics\INTERNSHIP\BrainTumor\data\processed\classification_224_rgb\test\pituitary\brisc2025_test_00744_pi_ax_t1.png,D:\MSC Bioinformatics\INTERNSHIP\brisc2025\segmentation_task\test\masks\brisc2025_test_00744_pi_ax_t1.png
brisc2025_test_00745_pi_ax_t1.jpg,pituitary,pituitary,True,axial,pituitary,3,377,80,176,False,11023.037109375,120.55973052978516,0.01093707018615134,0.013533925442571445,0.0,0.0,D:\MSC Bioinformatics\INTERNSHIP\BrainTumor\data\processed\classification_224_rgb\test\pituitary\brisc2025_test_00745_pi_ax_t1.png,D:\MSC Bioinformatics\INTERNSHIP\brisc2025\segmentation_task\test\masks\brisc2025_test_00745_pi_ax_t1.png
brisc2025_test_00746_pi_ax_t1.jpg,pituitary,pituitary,True,axial,pituitary,3,460,80,79,False,14670.421875,379.03533935546875,0.0258367034421407,0.026558891454965358,0.04450033858953275,0.07700118463360975,D:\MSC Bioinformatics\INTERNSHIP\BrainTumor\data\processed\classification_224_rgb\test\pituitary\brisc2025_test_00746_pi_ax_t1.png,D:\MSC Bioinformatics\INTERNSHIP\brisc2025\segmentation_task\test\masks\brisc2025_test_00746_pi_ax_t1.png
brisc2025_test_00747_pi_ax_t1.jpg,pituitary,pituitary,True,axial,pituitary,3,134,111,80,False,12626.34765625,112.41621398925781,0.008903304189760066,0.008154819863680622,0.01613097387745275,0.04013177598083258,D:\MSC Bioinformatics\INTERNSHIP\BrainTumor\data\processed\classification_224_rgb\test\pituitary\brisc2025_test_00747_pi_ax_t1.png,D:\MSC Bioinformatics\INTERNSHIP\brisc2025\segmentation_task\test\masks\brisc2025_test_00747_pi_ax_t1.png
brisc2025_test_00748_pi_ax_t1.jpg,pituitary,pituitary,True,axial,pituitary,3,402,48,208,False,4784.05908203125,0.0,0.0,0.0,0.0,0.0,D:\MSC Bioinformatics\INTERNSHIP\BrainTumor\data\processed\classification_224_rgb\test\pituitary\brisc2025_test_00748_pi_ax_t1.png,D:\MSC Bioinformatics\INTERNSHIP\brisc2025\segmentation_task\test\masks\brisc2025_test_00748_pi_ax_t1.png
brisc2025_test_00749_pi_ax_t1.jpg,pituitary,pituitary,True,axial,pituitary,3,417,111,112,False,4549.087890625,97.23289489746094,0.0213741517498142,0.023610664953421137,0.009770992366412214,0.0,D:\MSC Bioinformatics\INTERNSHIP\BrainTumor\data\processed\classification_224_rgb\test\pituitary\brisc2025_test_00749_pi_ax_t1.png,D:\MSC Bioinformatics\INTERNSHIP\brisc2025\segmentation_task\test\masks\brisc2025_test_00749_pi_ax_t1.png
brisc2025_test_00750_pi_ax_t1.jpg,pituitary,pituitary,True,axial,pituitary,3,367,111,112,False,7193.88720703125,263.94573974609375,0.03669028053263265,0.03636543797066984,0.08521012305549105,0.11934900542495479,D:\MSC Bioinformatics\INTERNSHIP\BrainTumor\data\processed\classification_224_rgb\test\pituitary\brisc2025_test_00750_pi_ax_t1.png,D:\MSC Bioinformatics\INTERNSHIP\brisc2025\segmentation_task\test\masks\brisc2025_test_00750_pi_ax_t1.png
brisc2025_test_00751_pi_ax_t1.jpg,pituitary,pituitary,True,axial,pituitary,3,790,144,208,False,8284.96875,0.0,0.0,0.0,0.0,0.0,D:\MSC Bioinformatics\INTERNSHIP\BrainTumor\data\processed\classification_224_rgb\test\pituitary\brisc2025_test_00751_pi_ax_t1.png,D:\MSC Bioinformatics\INTERNSHIP\brisc2025\segmentation_task\test\masks\brisc2025_test_00751_pi_ax_t1.png
brisc2025_test_00752_pi_ax_t1.jpg,pituitary,pituitary,True,axial,pituitary,3,376,0,47,False,2160.81982421875,0.0,0.0,0.0,0.0,0.0,D:\MSC Bioinformatics\INTERNSHIP\BrainTumor\data\processed\classification_224_rgb\test\pituitary\brisc2025_test_00752_pi_ax_t1.png,D:\MSC Bioinformatics\INTERNSHIP\brisc2025\segmentation_task\test\masks\brisc2025_test_00752_pi_ax_t1.png
brisc2025_test_00753_pi_ax_t1.jpg,pituitary,pituitary,True,axial,pituitary,3,319,143,79,False,18423.0625,253.13983154296875,0.013740377396155972,0.012169069962615396,0.017633077220717483,0.03450601326289761,D:\MSC Bioinformatics\INTERNSHIP\BrainTumor\data\processed\classification_224_rgb\test\pituitary\brisc2025_test_00753_pi_ax_t1.png,D:\MSC Bioinformatics\INTERNSHIP\brisc2025\segmentation_task\test\masks\brisc2025_test_00753_pi_ax_t1.png
brisc2025_test_00754_pi_ax_t1.jpg,pituitary,pituitary,True,axial,pituitary,3,246,143,111,False,12913.87890625,143.79421997070312,0.011134858938557203,0.012768607910308314,0.01695616211745244,0.0034851879512073688,D:\MSC Bioinformatics\INTERNSHIP\BrainTumor\data\processed\classification_224_rgb\test\pituitary\brisc2025_test_00754_pi_ax_t1.png,D:\MSC Bioinformatics\INTERNSHIP\brisc2025\segmentation_task\test\masks\brisc2025_test_00754_pi_ax_t1.png
brisc2025_test_00755_pi_ax_t1.jpg,pituitary,pituitary,True,axial,pituitary,3,1043,143,80,False,12146.34765625,693.424560546875,0.05708914154042576,0.06046376811594203,0.11674501902843071,0.045707588631702316,D:\MSC Bioinformatics\INTERNSHIP\BrainTumor\data\processed\classification_224_rgb\test\pituitary\brisc2025_test_00755_pi_ax_t1.png,D:\MSC Bioinformatics\INTERNSHIP\brisc2025\segmentation_task\test\masks\brisc2025_test_00755_pi_ax_t1.png
brisc2025_test_00756_pi_ax_t1.jpg,pituitary,pituitary,True,axial,pituitary,3,588,143,111,False,12897.7138671875,302.282470703125,0.02343690314545963,0.03218739467475565,0.03184268317029347,0.005646417445482866,D:\MSC Bioinformatics\INTERNSHIP\BrainTumor\data\processed\classification_224_rgb\test\pituitary\brisc2025_test_00756_pi_ax_t1.png,D:\MSC Bioinformatics\INTERNSHIP\brisc2025\segmentation_task\test\masks\brisc2025_test_00756_pi_ax_t1.png
brisc2025_test_00757_pi_ax_t1.jpg,pituitary,pituitary,True,axial,pituitary,3,808,112,143,False,14353.130859375,164.02268981933594,0.011427659332751198,0.004682622268470343,0.0,0.0,D:\MSC Bioinformatics\INTERNSHIP\BrainTumor\data\processed\classification_224_rgb\test\pituitary\brisc2025_test_00757_pi_ax_t1.png,D:\MSC Bioinformatics\INTERNSHIP\brisc2025\segmentation_task\test\masks\brisc2025_test_00757_pi_ax_t1.png
brisc2025_test_00758_pi_ax_t1.jpg,pituitary,pituitary,True,axial,pituitary,3,395,143,144,False,15464.16796875,30.932138442993164,0.002000245891372937,0.0,0.0,0.0,D:\MSC Bioinformatics\INTERNSHIP\BrainTumor\data\processed\classification_224_rgb\test\pituitary\brisc2025_test_00758_pi_ax_t1.png,D:\MSC Bioinformatics\INTERNSHIP\brisc2025\segmentation_task\test\masks\brisc2025_test_00758_pi_ax_t1.png
brisc2025_test_00759_pi_ax_t1.jpg,pituitary,pituitary,True,axial,pituitary,3,313,111,111,False,10613.2353515625,257.4247131347656,0.02425506498325858,0.023212696529219815,0.03890131742480736,0.11441144114411442,D:\MSC Bioinformatics\INTERNSHIP\BrainTumor\data\processed\classification_224_rgb\test\pituitary\brisc2025_test_00759_pi_ax_t1.png,D:\MSC Bioinformatics\INTERNSHIP\brisc2025\segmentation_task\test\masks\brisc2025_test_00759_pi_ax_t1.png
brisc2025_test_00760_pi_ax_t1.jpg,pituitary,pituitary,True,axial,pituitary,3,824,111,112,False,5614.1220703125,456.2607421875,0.0812701855202274,0.11367850520610469,0.11633543383422201,0.07185122569737955,D:\MSC Bioinformatics\INTERNSHIP\BrainTumor\data\processed\classification_224_rgb\test\pituitary\brisc2025_test_00760_pi_ax_t1.png,D:\MSC Bioinformatics\INTERNSHIP\brisc2025\segmentation_task\test\masks\brisc2025_test_00760_pi_ax_t1.png
brisc2025_test_00761_pi_ax_t1.jpg,pituitary,pituitary,True,axial,pituitary,3,440,111,143,False,14460.443359375,319.3612365722656,0.022085162165184736,0.0221606648199446,0.03876310457228438,0.060752888557584796,D:\MSC Bioinformatics\INTERNSHIP\BrainTumor\data\processed\classification_224_rgb\test\pituitary\brisc2025_test_00761_pi_ax_t1.png,D:\MSC Bioinformatics\INTERNSHIP\brisc2025\segmentation_task\test\masks\brisc2025_test_00761_pi_ax_t1.png
brisc2025_test_00762_pi_ax_t1.jpg,pituitary,pituitary,True,axial,pituitary,3,406,111,208,False,7480.80615234375,74.48760986328125,0.009957163485641738,0.0015514399301852031,0.0,0.0,D:\MSC Bioinformatics\INTERNSHIP\BrainTumor\data\processed\classification_224_rgb\test\pituitary\brisc2025_test_00762_pi_ax_t1.png,D:\MSC Bioinformatics\INTERNSHIP\brisc2025\segmentation_task\test\masks\brisc2025_test_00762_pi_ax_t1.png
brisc2025_test_00763_pi_ax_t1.jpg,pituitary,pituitary,True,axial,pituitary,3,355,112,144,False,13594.8583984375,149.2796173095703,0.01098059376085355,0.018638105738436498,0.001723807699674392,0.0,D:\MSC Bioinformatics\INTERNSHIP\BrainTumor\data\processed\classification_224_rgb\test\pituitary\brisc2025_test_00763_pi_ax_t1.png,D:\MSC Bioinformatics\INTERNSHIP\brisc2025\segmentation_task\test\masks\brisc2025_test_00763_pi_ax_t1.png
brisc2025_test_00764_pi_ax_t1.jpg,pituitary,pituitary,True,axial,pituitary,3,465,143,79,False,8690.759765625,278.6427307128906,0.03206195295088241,0.037271561397883936,0.0906958561376075,0.0018823529411764706,D:\MSC Bioinformatics\INTERNSHIP\BrainTumor\data\processed\classification_224_rgb\test\pituitary\brisc2025_test_00764_pi_ax_t1.png,D:\MSC Bioinformatics\INTERNSHIP\brisc2025\segmentation_task\test\masks\brisc2025_test_00764_pi_ax_t1.png
brisc2025_test_00765_pi_ax_t1.jpg,pituitary,pituitary,True,axial,pituitary,3,156,111,80,False,10293.6806640625,130.2806396484375,0.012656370825964694,0.01229992903887093,0.02016546018614271,0.03986710963455149,D:\MSC Bioinformatics\INTERNSHIP\BrainTumor\data\processed\classification_224_rgb\test\pituitary\brisc2025_test_00765_pi_ax_t1.png,D:\MSC Bioinformatics\INTERNSHIP\brisc2025\segmentation_task\test\masks\brisc2025_test_00765_pi_ax_t1.png
brisc2025_test_00766_pi_ax_t1.jpg,pituitary,pituitary,True,axial,pituitary,3,318,47,176,False,7657.974609375,2.5680246353149414,0.000335339925542601,0.0,0.0,0.0,D:\MSC Bioinformatics\INTERNSHIP\BrainTumor\data\processed\classification_224_rgb\test\pituitary\brisc2025_test_00766_pi_ax_t1.png,D:\MSC Bioinformatics\INTERNSHIP\brisc2025\segmentation_task\test\masks\brisc2025_test_00766_pi_ax_t1.png
brisc2025_test_00767_pi_ax_t1.jpg,pituitary,pituitary,True,axial,pituitary,3,221,112,112,False,3812.063720703125,61.41357421875,0.016110322050813575,0.02054340622929092,0.006246996636232581,0.0,D:\MSC Bioinformatics\INTERNSHIP\BrainTumor\data\processed\classification_224_rgb\test\pituitary\brisc2025_test_00767_pi_ax_t1.png,D:\MSC Bioinformatics\INTERNSHIP\brisc2025\segmentation_task\test\masks\brisc2025_test_00767_pi_ax_t1.png
brisc2025_test_00768_pi_ax_t1.jpg,pituitary,pituitary,True,axial,pituitary,3,332,111,143,False,8086.65087890625,259.76171875,0.03212228679583281,0.02712196715954579,0.06149286904982404,0.11685823754789272,D:\MSC Bioinformatics\INTERNSHIP\BrainTumor\data\processed\classification_224_rgb\test\pituitary\brisc2025_test_00768_pi_ax_t1.png,D:\MSC Bioinformatics\INTERNSHIP\brisc2025\segmentation_task\test\masks\brisc2025_test_00768_pi_ax_t1.png
brisc2025_test_00769_pi_ax_t1.jpg,pituitary,pituitary,True,axial,pituitary,3,599,79,208,False,8836.24609375,114.51458740234375,0.012959642158828229,0.0071581961345740875,0.0,0.0,D:\MSC Bioinformatics\INTERNSHIP\BrainTumor\data\processed\classification_224_rgb\test\pituitary\brisc2025_test_00769_pi_ax_t1.png,D:\MSC Bioinformatics\INTERNSHIP\brisc2025\segmentation_task\test\masks\brisc2025_test_00769_pi_ax_t1.png
brisc2025_test_00770_pi_ax_t1.jpg,pituitary,pituitary,True,axial,pituitary,3,176,111,112,False,9034.7216796875,116.67731475830078,0.012914323085416452,0.01800327332242226,0.04596500391747192,0.04483586869495596,D:\MSC Bioinformatics\INTERNSHIP\BrainTumor\data\processed\classification_224_rgb\test\pituitary\brisc2025_test_00770_pi_ax_t1.png,D:\MSC Bioinformatics\INTERNSHIP\brisc2025\segmentation_task\test\masks\brisc2025_test_00770_pi_ax_t1.png
brisc2025_test_00771_pi_ax_t1.jpg,pituitary,pituitary,True,axial,pituitary,3,263,111,80,False,5954.591796875,205.47842407226562,0.034507558382104675,0.03333333333333333,0.05531019978969506,0.09700854700854701,D:\MSC Bioinformatics\INTERNSHIP\BrainTumor\data\processed\classification_224_rgb\test\pituitary\brisc2025_test_00771_pi_ax_t1.png,D:\MSC Bioinformatics\INTERNSHIP\brisc2025\segmentation_task\test\masks\brisc2025_test_00771_pi_ax_t1.png
brisc2025_test_00772_pi_ax_t1.jpg,pituitary,pituitary,True,axial,pituitary,3,599,111,144,False,12367.6689453125,407.80889892578125,0.03297378840984791,0.03585108929853962,0.06447099343450652,0.06213733075435203,D:\MSC Bioinformatics\INTERNSHIP\BrainTumor\data\processed\classification_224_rgb\test\pituitary\brisc2025_test_00772_pi_ax_t1.png,D:\MSC Bioinformatics\INTERNSHIP\brisc2025\segmentation_task\test\masks\brisc2025_test_00772_pi_ax_t1.png
brisc2025_test_00773_pi_ax_t1.jpg,pituitary,pituitary,True,axial,pituitary,3,872,111,143,False,7083.2724609375,692.3667602539062,0.09774673557626622,0.09191525245072205,0.1400262037340321,0.22546338498936494,D:\MSC Bioinformatics\INTERNSHIP\BrainTumor\data\processed\classification_224_rgb\test\pituitary\brisc2025_test_00773_pi_ax_t1.png,D:\MSC Bioinformatics\INTERNSHIP\brisc2025\segmentation_task\test\masks\brisc2025_test_00773_pi_ax_t1.png
brisc2025_test_00774_pi_ax_t1.jpg,pituitary,pituitary,True,axial,pituitary,3,330,80,111,False,7781.6435546875,183.34426879882812,0.023561124010670644,0.03151862464183381,0.05134315424610052,0.003719200371920037,D:\MSC Bioinformatics\INTERNSHIP\BrainTumor\data\processed\classification_224_rgb\test\pituitary\brisc2025_test_00774_pi_ax_t1.png,D:\MSC Bioinformatics\INTERNSHIP\brisc2025\segmentation_task\test\masks\brisc2025_test_00774_pi_ax_t1.png
brisc2025_test_00775_pi_ax_t1.jpg,pituitary,pituitary,True,axial,pituitary,3,363,112,111,False,14571.9296875,319.4900207519531,0.021925031729052056,0.016119721124383854,0.03524271844660194,0.08991825613079019,D:\MSC Bioinformatics\INTERNSHIP\BrainTumor\data\processed\classification_224_rgb\test\pituitary\brisc2025_test_00775_pi_ax_t1.png,D:\MSC Bioinformatics\INTERNSHIP\brisc2025\segmentation_task\test\masks\brisc2025_test_00775_pi_ax_t1.png
brisc2025_test_00776_pi_ax_t1.jpg,pituitary,pituitary,True,axial,pituitary,3,804,112,143,False,8893.8984375,347.9676513671875,0.039124311325619124,0.05991335606968384,0.04399664147774979,0.0031645569620253164,D:\MSC Bioinformatics\INTERNSHIP\BrainTumor\data\processed\classification_224_rgb\test\pituitary\brisc2025_test_00776_pi_ax_t1.png,D:\MSC Bioinformatics\INTERNSHIP\brisc2025\segmentation_task\test\masks\brisc2025_test_00776_pi_ax_t1.png
brisc2025_test_00777_pi_ax_t1.jpg,pituitary,pituitary,True,axial,pituitary,3,295,111,80,False,12821.46484375,251.25906372070312,0.019596751758297167,0.017820466352543193,0.031183932346723044,0.06736697876227449,D:\MSC Bioinformatics\INTERNSHIP\BrainTumor\data\processed\classification_224_rgb\test\pituitary\brisc2025_test_00777_pi_ax_t1.png,D:\MSC Bioinformatics\INTERNSHIP\brisc2025\segmentation_task\test\masks\brisc2025_test_00777_pi_ax_t1.png
brisc2025_test_00778_pi_ax_t1.jpg,pituitary,pituitary,True,axial,pituitary,3,372,112,112,False,6600.87109375,153.986572265625,0.02332821987865001,0.03199901161354089,0.04269583627381793,0.01452081316553727,D:\MSC Bioinformatics\INTERNSHIP\BrainTumor\data\processed\classification_224_rgb\test\pituitary\brisc2025_test_00778_pi_ax_t1.png,D:\MSC Bioinformatics\INTERNSHIP\brisc2025\segmentation_task\test\masks\brisc2025_test_00778_pi_ax_t1.png
brisc2025_test_00779_pi_ax_t1.jpg,pituitary,pituitary,True,axial,pituitary,3,378,111,143,False,12487.068359375,330.06134033203125,0.026432252217489374,0.02421990132632793,0.037410926365795724,0.06126418152350081,D:\MSC Bioinformatics\INTERNSHIP\BrainTumor\data\processed\classification_224_rgb\test\pituitary\brisc2025_test_00779_pi_ax_t1.png,D:\MSC Bioinformatics\INTERNSHIP\brisc2025\segmentation_task\test\masks\brisc2025_test_00779_pi_ax_t1.png
brisc2025_test_00780_pi_ax_t1.jpg,pituitary,pituitary,True,axial,pituitary,3,458,143,80,False,15022.375,393.21197509765625,0.026175087168151256,0.02418290300438249,0.03908850388324656,0.07287191726332538,D:\MSC Bioinformatics\INTERNSHIP\BrainTumor\data\processed\classification_224_rgb\test\pituitary\brisc2025_test_00780_pi_ax_t1.png,D:\MSC Bioinformatics\INTERNSHIP\brisc2025\segmentation_task\test\masks\brisc2025_test_00780_pi_ax_t1.png
brisc2025_test_00781_pi_ax_t1.jpg,pituitary,pituitary,True,axial,pituitary,3,395,112,143,False,10379.4951171875,345.3222961425781,0.033269662179498095,0.030210325047801148,0.05026084743606057,0.09613044536383548,D:\MSC Bioinformatics\INTERNSHIP\BrainTumor\data\processed\classification_224_rgb\test\pituitary\brisc2025_test_00781_pi_ax_t1.png,D:\MSC Bioinformatics\INTERNSHIP\brisc2025\segmentation_task\test\masks\brisc2025_test_00781_pi_ax_t1.png
brisc2025_test_00782_pi_ax_t1.jpg,pituitary,pituitary,True,axial,pituitary,3,249,112,143,False,9787.705078125,169.52264404296875,0.017319958324228918,0.01748963967127906,0.033006362672322376,0.0007423904974016332,D:\MSC Bioinformatics\INTERNSHIP\BrainTumor\data\processed\classification_224_rgb\test\pituitary\brisc2025_test_00782_pi_ax_t1.png,D:\MSC Bioinformatics\INTERNSHIP\brisc2025\segmentation_task\test\masks\brisc2025_test_00782_pi_ax_t1.png
brisc2025_test_00783_pi_ax_t1.jpg,pituitary,pituitary,True,axial,pituitary,3,182,112,111,False,17753.16796875,174.087646484375,0.009806004584129021,0.007386663419781647,0.014133726799720431,0.032223796033994334,D:\MSC Bioinformatics\INTERNSHIP\BrainTumor\data\processed\classification_224_rgb\test\pituitary\brisc2025_test_00783_pi_ax_t1.png,D:\MSC Bioinformatics\INTERNSHIP\brisc2025\segmentation_task\test\masks\brisc2025_test_00783_pi_ax_t1.png
brisc2025_test_00784_pi_ax_t1.jpg,pituitary,pituitary,True,axial,pituitary,3,543,143,48,False,9462.056640625,283.30755615234375,0.029941435241041883,0.04769673704414587,0.05052526263131566,0.024606299212598427,D:\MSC Bioinformatics\INTERNSHIP\BrainTumor\data\processed\classification_224_rgb\test\pituitary\brisc2025_test_00784_pi_ax_t1.png,D:\MSC Bioinformatics\INTERNSHIP\brisc2025\segmentation_task\test\masks\brisc2025_test_00784_pi_ax_t1.png
brisc2025_test_00785_pi_ax_t1.jpg,pituitary,pituitary,True,axial,pituitary,3,322,112,112,False,15647.3779296875,249.0922088623047,0.015919102227965387,0.013667812725497686,0.025195618153364633,0.0473186119873817,D:\MSC Bioinformatics\INTERNSHIP\BrainTumor\data\processed\classification_224_rgb\test\pituitary\brisc2025_test_00785_pi_ax_t1.png,D:\MSC Bioinformatics\INTERNSHIP\brisc2025\segmentation_task\test\masks\brisc2025_test_00785_pi_ax_t1.png
brisc2025_test_00786_pi_ax_t1.jpg,pituitary,pituitary,True,axial,pituitary,3,415,111,111,False,7200.0947265625,261.7364501953125,0.036351806488006004,0.04178413209826822,0.10686628807434176,0.06379707916986933,D:\MSC Bioinformatics\INTERNSHIP\BrainTumor\data\processed\classification_224_rgb\test\pituitary\brisc2025_test_00786_pi_ax_t1.png,D:\MSC Bioinformatics\INTERNSHIP\brisc2025\segmentation_task\test\masks\brisc2025_test_00786_pi_ax_t1.png
brisc2025_test_00787_pi_ax_t1.jpg,pituitary,pituitary,True,axial,pituitary,3,509,111,112,False,11040.58203125,379.513671875,0.03437442616709872,0.03384983706856421,0.07173055242390079,0.14130871136089923,D:\MSC Bioinformatics\INTERNSHIP\BrainTumor\data\processed\classification_224_rgb\test\pituitary\brisc2025_test_00787_pi_ax_t1.png,D:\MSC Bioinformatics\INTERNSHIP\brisc2025\segmentation_task\test\masks\brisc2025_test_00787_pi_ax_t1.png
brisc2025_test_00788_pi_ax_t1.jpg,pituitary,pituitary,True,axial,pituitary,3,187,143,111,False,19662.09375,110.53346252441406,0.005621652705445678,0.005829177057356609,0.01014687745262922,0.0005054759898904802,D:\MSC Bioinformatics\INTERNSHIP\BrainTumor\data\processed\classification_224_rgb\test\pituitary\brisc2025_test_00788_pi_ax_t1.png,D:\MSC Bioinformatics\INTERNSHIP\brisc2025\segmentation_task\test\masks\brisc2025_test_00788_pi_ax_t1.png
brisc2025_test_00789_pi_ax_t1.jpg,pituitary,pituitary,True,axial,pituitary,3,124,80,48,False,18558.7421875,84.77098083496094,0.004567711538773211,0.004537802825148211,0.007473931649689591,0.0042741341193809875,D:\MSC Bioinformatics\INTERNSHIP\BrainTumor\data\processed\classification_224_rgb\test\pituitary\brisc2025_test_00789_pi_ax_t1.png,D:\MSC Bioinformatics\INTERNSHIP\brisc2025\segmentation_task\test\masks\brisc2025_test_00789_pi_ax_t1.png
brisc2025_test_00790_pi_ax_t1.jpg,pituitary,pituitary,True,axial,pituitary,3,285,111,111,False,12548.119140625,255.4695281982422,0.020359188921879944,0.01626526652208652,0.030688058576504793,0.06797042690197949,D:\MSC Bioinformatics\INTERNSHIP\BrainTumor\data\processed\classification_224_rgb\test\pituitary\brisc2025_test_00790_pi_ax_t1.png,D:\MSC Bioinformatics\INTERNSHIP\brisc2025\segmentation_task\test\masks\brisc2025_test_00790_pi_ax_t1.png
brisc2025_test_00791_pi_ax_t1.jpg,pituitary,pituitary,True,axial,pituitary,3,369,143,143,False,17503.984375,259.86212158203125,0.014845884000740902,0.014588439946232308,0.024972929074174338,0.037037037037037035,D:\MSC Bioinformatics\INTERNSHIP\BrainTumor\data\processed\classification_224_rgb\test\pituitary\brisc2025_test_00791_pi_ax_t1.png,D:\MSC Bioinformatics\INTERNSHIP\brisc2025\segmentation_task\test\masks\brisc2025_test_00791_pi_ax_t1.png
brisc2025_test_00792_pi_ax_t1.jpg,pituitary,pituitary,True,axial,pituitary,3,414,112,111,False,10237.029296875,309.73809814453125,0.030256638831646525,0.0316441183214859,0.06385932438685793,0.17602779386218875,D:\MSC Bioinformatics\INTERNSHIP\BrainTumor\data\processed\classification_224_rgb\test\pituitary\brisc2025_test_00792_pi_ax_t1.png,D:\MSC Bioinformatics\INTERNSHIP\brisc2025\segmentation_task\test\masks\brisc2025_test_00792_pi_ax_t1.png
brisc2025_test_00793_pi_ax_t1.jpg,pituitary,pituitary,True,axial,pituitary,3,230,112,48,False,4874.23046875,95.67488861083984,0.019628716619831014,0.033431516936671575,0.005166475315729047,0.0,D:\MSC Bioinformatics\INTERNSHIP\BrainTumor\data\processed\classification_224_rgb\test\pituitary\brisc2025_test_00793_pi_ax_t1.png,D:\MSC Bioinformatics\INTERNSHIP\brisc2025\segmentation_task\test\masks\brisc2025_test_00793_pi_ax_t1.png
brisc2025_test_00794_pi_ax_t1.jpg,pituitary,pituitary,True,axial,pituitary,3,276,80,48,False,8221.0234375,84.97889709472656,0.01033677835135433,0.01289872755795712,0.002102312543798178,0.0,D:\MSC Bioinformatics\INTERNSHIP\BrainTumor\data\processed\classification_224_rgb\test\pituitary\brisc2025_test_00794_pi_ax_t1.png,D:\MSC Bioinformatics\INTERNSHIP\brisc2025\segmentation_task\test\masks\brisc2025_test_00794_pi_ax_t1.png
brisc2025_test_00795_pi_ax_t1.jpg,pituitary,pituitary,True,axial,pituitary,3,141,111,143,False,6674.97802734375,115.04740142822266,0.01723562249297842,0.015619807244931871,0.03231721292688517,0.08343483556638245,D:\MSC Bioinformatics\INTERNSHIP\BrainTumor\data\processed\classification_224_rgb\test\pituitary\brisc2025_test_00795_pi_ax_t1.png,D:\MSC Bioinformatics\INTERNSHIP\brisc2025\segmentation_task\test\masks\brisc2025_test_00795_pi_ax_t1.png
brisc2025_test_00796_pi_ax_t1.jpg,pituitary,pituitary,True,axial,pituitary,3,562,111,112,False,9016.6474609375,254.09425354003906,0.02818056873586802,0.03613109512390088,0.044213263979193757,0.009102730819245773,D:\MSC Bioinformatics\INTERNSHIP\BrainTumor\data\processed\classification_224_rgb\test\pituitary\brisc2025_test_00796_pi_ax_t1.png,D:\MSC Bioinformatics\INTERNSHIP\brisc2025\segmentation_task\test\masks\brisc2025_test_00796_pi_ax_t1.png
brisc2025_test_00797_pi_ax_t1.jpg,pituitary,pituitary,True,axial,pituitary,3,980,112,112,False,14528.6796875,692.1864624023438,0.047642764331701684,0.04546298014473928,0.09146910584282247,0.09535066981875492,D:\MSC Bioinformatics\INTERNSHIP\BrainTumor\data\processed\classification_224_rgb\test\pituitary\brisc2025_test_00797_pi_ax_t1.png,D:\MSC Bioinformatics\INTERNSHIP\brisc2025\segmentation_task\test\masks\brisc2025_test_00797_pi_ax_t1.png
brisc2025_test_00798_pi_ax_t1.jpg,pituitary,pituitary,True,axial,pituitary,3,1479,111,112,False,17335.23828125,1036.645751953125,0.05979991362878313,0.06056015068380968,0.09446953431554009,0.10002558199027885,D:\MSC Bioinformatics\INTERNSHIP\BrainTumor\data\processed\classification_224_rgb\test\pituitary\brisc2025_test_00798_pi_ax_t1.png,D:\MSC Bioinformatics\INTERNSHIP\brisc2025\segmentation_task\test\masks\brisc2025_test_00798_pi_ax_t1.png
brisc2025_test_00799_pi_ax_t1.jpg,pituitary,pituitary,True,axial,pituitary,3,384,143,80,False,10191.0302734375,278.3797607421875,0.027316154821733076,0.030096402539383966,0.05343723907598107,0.11307847082494969,D:\MSC Bioinformatics\INTERNSHIP\BrainTumor\data\processed\classification_224_rgb\test\pituitary\brisc2025_test_00799_pi_ax_t1.png,D:\MSC Bioinformatics\INTERNSHIP\brisc2025\segmentation_task\test\masks\brisc2025_test_00799_pi_ax_t1.png
brisc2025_test_00800_pi_ax_t1.jpg,pituitary,pituitary,True,axial,pituitary,3,613,79,80,False,18174.435546875,315.88995361328125,0.01738100491751431,0.022198080753213834,0.019018281658072726,0.015536723163841809,D:\MSC Bioinformatics\INTERNSHIP\BrainTumor\data\processed\classification_224_rgb\test\pituitary\brisc2025_test_00800_pi_ax_t1.png,D:\MSC Bioinformatics\INTERNSHIP\brisc2025\segmentation_task\test\masks\brisc2025_test_00800_pi_ax_t1.png
brisc2025_test_00801_pi_ax_t1.jpg,pituitary,pituitary,True,axial,pituitary,3,787,112,143,False,13530.9130859375,458.0313720703125,0.03385073639607799,0.043601108033241,0.06742748454588683,0.0,D:\MSC Bioinformatics\INTERNSHIP\BrainTumor\data\processed\classification_224_rgb\test\pituitary\brisc2025_test_00801_pi_ax_t1.png,D:\MSC Bioinformatics\INTERNSHIP\brisc2025\segmentation_task\test\masks\brisc2025_test_00801_pi_ax_t1.png
brisc2025_test_00802_pi_ax_t1.jpg,pituitary,pituitary,True,axial,pituitary,3,268,111,143,False,11715.2890625,198.62249755859375,0.016954126910480895,0.016730132967101567,0.030499601684306363,0.05676667386142888,D:\MSC Bioinformatics\INTERNSHIP\BrainTumor\data\processed\classification_224_rgb\test\pituitary\brisc2025_test_00802_pi_ax_t1.png,D:\MSC Bioinformatics\INTERNSHIP\brisc2025\segmentation_task\test\masks\brisc2025_test_00802_pi_ax_t1.png
brisc2025_test_00803_pi_ax_t1.jpg,pituitary,pituitary,True,axial,pituitary,3,393,111,143,False,8833.955078125,210.57318115234375,0.02383679555647432,0.03577280174767886,0.04005006257822278,0.001124543154343548,D:\MSC Bioinformatics\INTERNSHIP\BrainTumor\data\processed\classification_224_rgb\test\pituitary\brisc2025_test_00803_pi_ax_t1.png,D:\MSC Bioinformatics\INTERNSHIP\brisc2025\segmentation_task\test\masks\brisc2025_test_00803_pi_ax_t1.png
brisc2025_test_00804_pi_ax_t1.jpg,pituitary,pituitary,True,axial,pituitary,3,177,112,111,False,9287.509765625,127.13195037841797,0.01368848632051615,0.014719334719334719,0.025991189427312777,0.03691386764216827,D:\MSC Bioinformatics\INTERNSHIP\BrainTumor\data\processed\classification_224_rgb\test\pituitary\brisc2025_test_00804_pi_ax_t1.png,D:\MSC Bioinformatics\INTERNSHIP\brisc2025\segmentation_task\test\masks\brisc2025_test_00804_pi_ax_t1.png
brisc2025_test_00805_pi_ax_t1.jpg,pituitary,pituitary,True,axial,pituitary,3,210,111,112,False,8300.638671875,195.37351989746094,0.023537167153106393,0.020116869431937925,0.029927319367250963,0.04991680532445923,D:\MSC Bioinformatics\INTERNSHIP\BrainTumor\data\processed\classification_224_rgb\test\pituitary\brisc2025_test_00805_pi_ax_t1.png,D:\MSC Bioinformatics\INTERNSHIP\brisc2025\segmentation_task\test\masks\brisc2025_test_00805_pi_ax_t1.png
brisc2025_test_00806_pi_ax_t1.jpg,pituitary,pituitary,True,axial,pituitary,3,221,112,111,False,15166.98046875,204.65032958984375,0.013493149148012992,0.010732323232323232,0.01713975492477121,0.03523035230352303,D:\MSC Bioinformatics\INTERNSHIP\BrainTumor\data\processed\classification_224_rgb\test\pituitary\brisc2025_test_00806_pi_ax_t1.png,D:\MSC Bioinformatics\INTERNSHIP\brisc2025\segmentation_task\test\masks\brisc2025_test_00806_pi_ax_t1.png
brisc2025_test_00807_pi_ax_t1.jpg,pituitary,pituitary,True,axial,pituitary,3,527,111,111,False,6422.5400390625,329.04681396484375,0.05123312769769432,0.06529550241605749,0.13828356201237557,0.049924357034795766,D:\MSC Bioinformatics\INTERNSHIP\BrainTumor\data\processed\classification_224_rgb\test\pituitary\brisc2025_test_00807_pi_ax_t1.png,D:\MSC Bioinformatics\INTERNSHIP\brisc2025\segmentation_task\test\masks\brisc2025_test_00807_pi_ax_t1.png
brisc2025_test_00808_pi_ax_t1.jpg,pituitary,pituitary,True,axial,pituitary,3,415,112,80,True,11845.2373046875,390.95068359375,0.033004884033774454,0.027613280990085833,0.045280960174577195,0.07803685596088755,D:\MSC Bioinformatics\INTERNSHIP\BrainTumor\data\processed\classification_224_rgb\test\pituitary\brisc2025_test_00808_pi_ax_t1.png,D:\MSC Bioinformatics\INTERNSHIP\brisc2025\segmentation_task\test\masks\brisc2025_test_00808_pi_ax_t1.png
brisc2025_test_00809_pi_ax_t1.jpg,pituitary,pituitary,True,axial,pituitary,3,935,111,143,False,10764.6904296875,631.5078125,0.05866474439045552,0.058971933144118575,0.10365149064016639,0.14778625954198474,D:\MSC Bioinformatics\INTERNSHIP\BrainTumor\data\processed\classification_224_rgb\test\pituitary\brisc2025_test_00809_pi_ax_t1.png,D:\MSC Bioinformatics\INTERNSHIP\brisc2025\segmentation_task\test\masks\brisc2025_test_00809_pi_ax_t1.png
brisc2025_test_00810_pi_ax_t1.jpg,pituitary,pituitary,True,axial,pituitary,3,489,111,111,False,7029.1572265625,358.0573425292969,0.05093887232686062,0.049609414629197525,0.09520969986086265,0.19728729963008632,D:\MSC Bioinformatics\INTERNSHIP\BrainTumor\data\processed\classification_224_rgb\test\pituitary\brisc2025_test_00810_pi_ax_t1.png,D:\MSC Bioinformatics\INTERNSHIP\brisc2025\segmentation_task\test\masks\brisc2025_test_00810_pi_ax_t1.png
brisc2025_test_00811_pi_ax_t1.jpg,pituitary,pituitary,True,axial,pituitary,3,488,112,144,False,16422.140625,375.8807373046875,0.02288865659404177,0.021915839583239772,0.03369467651729614,0.07205078990107781,D:\MSC Bioinformatics\INTERNSHIP\BrainTumor\data\processed\classification_224_rgb\test\pituitary\brisc2025_test_00811_pi_ax_t1.png,D:\MSC Bioinformatics\INTERNSHIP\brisc2025\segmentation_task\test\masks\brisc2025_test_00811_pi_ax_t1.png
brisc2025_test_00812_pi_ax_t1.jpg,pituitary,pituitary,True,axial,pituitary,3,210,111,111,False,10078.37109375,165.94912719726562,0.016465867911946337,0.015048369759942674,0.02908990164842776,0.10401188707280833,D:\MSC Bioinformatics\INTERNSHIP\BrainTumor\data\processed\classification_224_rgb\test\pituitary\brisc2025_test_00812_pi_ax_t1.png,D:\MSC Bioinformatics\INTERNSHIP\brisc2025\segmentation_task\test\masks\brisc2025_test_00812_pi_ax_t1.png
brisc2025_test_00813_pi_ax_t1.jpg,pituitary,pituitary,True,axial,pituitary,3,371,143,79,False,7917.88720703125,202.10516357421875,0.025525137993219343,0.03346261387210246,0.04925496688741722,0.0,D:\MSC Bioinformatics\INTERNSHIP\BrainTumor\data\processed\classification_224_rgb\test\pituitary\brisc2025_test_00813_pi_ax_t1.png,D:\MSC Bioinformatics\INTERNSHIP\brisc2025\segmentation_task\test\masks\brisc2025_test_00813_pi_ax_t1.png
brisc2025_test_00814_pi_ax_t1.jpg,pituitary,pituitary,True,axial,pituitary,3,253,112,48,False,6785.34033203125,193.81289672851562,0.028563474674010356,0.02759297633329698,0.045057880676758685,0.0970414201183432,D:\MSC Bioinformatics\INTERNSHIP\BrainTumor\data\processed\classification_224_rgb\test\pituitary\brisc2025_test_00814_pi_ax_t1.png,D:\MSC Bioinformatics\INTERNSHIP\brisc2025\segmentation_task\test\masks\brisc2025_test_00814_pi_ax_t1.png
brisc2025_test_00815_pi_ax_t1.jpg,pituitary,pituitary,True,axial,pituitary,3,164,143,79,False,11457.4697265625,102.43108367919922,0.008940113840469282,0.011034111552176545,0.02322946175637394,0.0,D:\MSC Bioinformatics\INTERNSHIP\BrainTumor\data\processed\classification_224_rgb\test\pituitary\brisc2025_test_00815_pi_ax_t1.png,D:\MSC Bioinformatics\INTERNSHIP\brisc2025\segmentation_task\test\masks\brisc2025_test_00815_pi_ax_t1.png
brisc2025_test_00816_pi_ax_t1.jpg,pituitary,pituitary,True,axial,pituitary,3,431,112,111,False,10362.4833984375,369.5373840332031,0.03566108333538306,0.031182173346838375,0.056032241289651584,0.1125914315569488,D:\MSC Bioinformatics\INTERNSHIP\BrainTumor\data\processed\classification_224_rgb\test\pituitary\brisc2025_test_00816_pi_ax_t1.png,D:\MSC Bioinformatics\INTERNSHIP\brisc2025\segmentation_task\test\masks\brisc2025_test_00816_pi_ax_t1.png
brisc2025_test_00817_pi_ax_t1.jpg,pituitary,pituitary,True,axial,pituitary,3,282,111,112,False,12179.53515625,213.46925354003906,0.017526880197106378,0.0175843362224855,0.03468634686346864,0.07855763039278815,D:\MSC Bioinformatics\INTERNSHIP\BrainTumor\data\processed\classification_224_rgb\test\pituitary\brisc2025_test_00817_pi_ax_t1.png,D:\MSC Bioinformatics\INTERNSHIP\brisc2025\segmentation_task\test\masks\brisc2025_test_00817_pi_ax_t1.png
brisc2025_test_00818_pi_ax_t1.jpg,pituitary,pituitary,True,axial,pituitary,3,318,111,112,False,11567.8994140625,131.5647430419922,0.01137326132712182,0.01433343455815366,0.010559075247304657,0.0019342359767891683,D:\MSC Bioinformatics\INTERNSHIP\BrainTumor\data\processed\classification_224_rgb\test\pituitary\brisc2025_test_00818_pi_ax_t1.png,D:\MSC Bioinformatics\INTERNSHIP\brisc2025\segmentation_task\test\masks\brisc2025_test_00818_pi_ax_t1.png
brisc2025_test_00819_pi_ax_t1.jpg,pituitary,pituitary,True,axial,pituitary,3,727,112,143,False,16166.0859375,547.5709228515625,0.033871583076357285,0.031133570296775298,0.05763894394672164,0.09797536457595922,D:\MSC Bioinformatics\INTERNSHIP\BrainTumor\data\processed\classification_224_rgb\test\pituitary\brisc2025_test_00819_pi_ax_t1.png,D:\MSC Bioinformatics\INTERNSHIP\brisc2025\segmentation_task\test\masks\brisc2025_test_00819_pi_ax_t1.png
brisc2025_test_00820_pi_ax_t1.jpg,pituitary,glioma,False,axial,glioma,0,170,143,79,False,10795.734375,121.44203186035156,0.01124907557392098,0.010992563853863564,0.02729170011237759,0.05610236220472441,D:\MSC Bioinformatics\INTERNSHIP\BrainTumor\data\processed\classification_224_rgb\test\pituitary\brisc2025_test_00820_pi_ax_t1.png,D:\MSC Bioinformatics\INTERNSHIP\brisc2025\segmentation_task\test\masks\brisc2025_test_00820_pi_ax_t1.png
brisc2025_test_00821_pi_ax_t1.jpg,pituitary,pituitary,True,axial,pituitary,3,583,143,79,False,19141.642578125,487.4327087402344,0.02546451835315694,0.020024730370268598,0.0410014768971095,0.10973084886128365,D:\MSC Bioinformatics\INTERNSHIP\BrainTumor\data\processed\classification_224_rgb\test\pituitary\brisc2025_test_00821_pi_ax_t1.png,D:\MSC Bioinformatics\INTERNSHIP\brisc2025\segmentation_task\test\masks\brisc2025_test_00821_pi_ax_t1.png
brisc2025_test_00822_pi_ax_t1.jpg,pituitary,pituitary,True,axial,pituitary,3,411,111,144,False,16674.306640625,174.19895935058594,0.010447148604438551,0.017049976959490596,0.004117686126054327,0.0,D:\MSC Bioinformatics\INTERNSHIP\BrainTumor\data\processed\classification_224_rgb\test\pituitary\brisc2025_test_00822_pi_ax_t1.png,D:\MSC Bioinformatics\INTERNSHIP\brisc2025\segmentation_task\test\masks\brisc2025_test_00822_pi_ax_t1.png
brisc2025_test_00823_pi_ax_t1.jpg,pituitary,pituitary,True,axial,pituitary,3,342,111,175,False,9273.6923828125,109.39244842529297,0.011795997096910036,0.01351252111331424,0.005382131324004306,0.0,D:\MSC Bioinformatics\INTERNSHIP\BrainTumor\data\processed\classification_224_rgb\test\pituitary\brisc2025_test_00823_pi_ax_t1.png,D:\MSC Bioinformatics\INTERNSHIP\brisc2025\segmentation_task\test\masks\brisc2025_test_00823_pi_ax_t1.png
brisc2025_test_00824_pi_ax_t1.jpg,pituitary,pituitary,True,axial,pituitary,3,363,111,111,False,5276.28271484375,227.53659057617188,0.04312441218057628,0.04559155990957046,0.12593649661077416,0.08838383838383838,D:\MSC Bioinformatics\INTERNSHIP\BrainTumor\data\processed\classification_224_rgb\test\pituitary\brisc2025_test_00824_pi_ax_t1.png,D:\MSC Bioinformatics\INTERNSHIP\brisc2025\segmentation_task\test\masks\brisc2025_test_00824_pi_ax_t1.png
brisc2025_test_00825_pi_co_t1.jpg,pituitary,pituitary,True,coronal,pituitary,3,792,143,176,False,21923.34765625,419.5194091796875,0.01913573673864033,0.02233376572105352,0.03014823261117446,0.0,D:\MSC Bioinformatics\INTERNSHIP\BrainTumor\data\processed\classification_224_rgb\test\pituitary\brisc2025_test_00825_pi_co_t1.png,D:\MSC Bioinformatics\INTERNSHIP\brisc2025\segmentation_task\test\masks\brisc2025_test_00825_pi_co_t1.png
brisc2025_test_00826_pi_co_t1.jpg,pituitary,meningioma,False,coronal,meningioma,1,557,0,0,False,1023.8763427734375,0.0,0.0,0.0,0.0,0.0,D:\MSC Bioinformatics\INTERNSHIP\BrainTumor\data\processed\classification_224_rgb\test\pituitary\brisc2025_test_00826_pi_co_t1.png,D:\MSC Bioinformatics\INTERNSHIP\brisc2025\segmentation_task\test\masks\brisc2025_test_00826_pi_co_t1.png
brisc2025_test_00827_pi_co_t1.jpg,pituitary,pituitary,True,coronal,pituitary,3,308,143,175,False,19470.060546875,211.4364013671875,0.010859565683329303,0.010883007667573583,0.018424358437518693,0.015605014070094653,D:\MSC Bioinformatics\INTERNSHIP\BrainTumor\data\processed\classification_224_rgb\test\pituitary\brisc2025_test_00827_pi_co_t1.png,D:\MSC Bioinformatics\INTERNSHIP\brisc2025\segmentation_task\test\masks\brisc2025_test_00827_pi_co_t1.png
brisc2025_test_00828_pi_co_t1.jpg,pituitary,pituitary,True,coronal,pituitary,3,1286,0,176,False,21428.46875,676.8327026367188,0.031585677471084754,0.037146644471161255,0.03454750281637251,0.032882936745187136,D:\MSC Bioinformatics\INTERNSHIP\BrainTumor\data\processed\classification_224_rgb\test\pituitary\brisc2025_test_00828_pi_co_t1.png,D:\MSC Bioinformatics\INTERNSHIP\brisc2025\segmentation_task\test\masks\brisc2025_test_00828_pi_co_t1.png
brisc2025_test_00829_pi_co_t1.jpg,pituitary,pituitary,True,coronal,pituitary,3,803,48,208,False,10800.810546875,416.4613037109375,0.03855833799727487,0.05550179706939452,0.048409405255878286,0.001965923984272608,D:\MSC Bioinformatics\INTERNSHIP\BrainTumor\data\processed\classification_224_rgb\test\pituitary\brisc2025_test_00829_pi_co_t1.png,D:\MSC Bioinformatics\INTERNSHIP\brisc2025\segmentation_task\test\masks\brisc2025_test_00829_pi_co_t1.png
brisc2025_test_00830_pi_co_t1.jpg,pituitary,pituitary,True,coronal,pituitary,3,282,80,176,False,15749.884765625,220.34628295898438,0.013990342547769137,0.011740216486261449,0.019588774659627675,0.052043868394815555,D:\MSC Bioinformatics\INTERNSHIP\BrainTumor\data\processed\classification_224_rgb\test\pituitary\brisc2025_test_00830_pi_co_t1.png,D:\MSC Bioinformatics\INTERNSHIP\brisc2025\segmentation_task\test\masks\brisc2025_test_00830_pi_co_t1.png
brisc2025_test_00831_pi_co_t1.jpg,pituitary,pituitary,True,coronal,pituitary,3,261,111,80,False,15275.857421875,219.5651092529297,0.014373341095637149,0.01199724201333027,0.024569330697543065,0.0661596958174905,D:\MSC Bioinformatics\INTERNSHIP\BrainTumor\data\processed\classification_224_rgb\test\pituitary\brisc2025_test_00831_pi_co_t1.png,D:\MSC Bioinformatics\INTERNSHIP\brisc2025\segmentation_task\test\masks\brisc2025_test_00831_pi_co_t1.png
brisc2025_test_00832_pi_co_t1.jpg,pituitary,pituitary,True,coronal,pituitary,3,423,112,143,False,16866.29296875,391.079833984375,0.023187065154682822,0.01606959693044106,0.03220158343483557,0.07148893020111544,D:\MSC Bioinformatics\INTERNSHIP\BrainTumor\data\processed\classification_224_rgb\test\pituitary\brisc2025_test_00832_pi_co_t1.png,D:\MSC Bioinformatics\INTERNSHIP\brisc2025\segmentation_task\test\masks\brisc2025_test_00832_pi_co_t1.png
brisc2025_test_00833_pi_co_t1.jpg,pituitary,pituitary,True,coronal,pituitary,3,464,80,80,False,25971.28125,359.26519775390625,0.013833171890736282,0.011553784860557768,0.016681646593564622,0.03317773788150808,D:\MSC Bioinformatics\INTERNSHIP\BrainTumor\data\processed\classification_224_rgb\test\pituitary\brisc2025_test_00833_pi_co_t1.png,D:\MSC Bioinformatics\INTERNSHIP\brisc2025\segmentation_task\test\masks\brisc2025_test_00833_pi_co_t1.png
brisc2025_test_00834_pi_co_t1.jpg,pituitary,pituitary,True,coronal,pituitary,3,1080,112,143,True,18225.4453125,924.34814453125,0.05071745181980721,0.036518563603164945,0.07062978222483814,0.3950256035113387,D:\MSC Bioinformatics\INTERNSHIP\BrainTumor\data\processed\classification_224_rgb\test\pituitary\brisc2025_test_00834_pi_co_t1.png,D:\MSC Bioinformatics\INTERNSHIP\brisc2025\segmentation_task\test\masks\brisc2025_test_00834_pi_co_t1.png
brisc2025_test_00835_pi_co_t1.jpg,pituitary,pituitary,True,coronal,pituitary,3,625,143,175,False,14572.2587890625,236.47021484375,0.016227423508374517,0.02807921866521975,0.0,0.0,D:\MSC Bioinformatics\INTERNSHIP\BrainTumor\data\processed\classification_224_rgb\test\pituitary\brisc2025_test_00835_pi_co_t1.png,D:\MSC Bioinformatics\INTERNSHIP\brisc2025\segmentation_task\test\masks\brisc2025_test_00835_pi_co_t1.png
brisc2025_test_00836_pi_co_t1.jpg,pituitary,pituitary,True,coronal,pituitary,3,1008,111,176,False,15833.83203125,496.07318115234375,0.03132995096659373,0.03983498203433438,0.046156282162932466,0.0007875566056310297,D:\MSC Bioinformatics\INTERNSHIP\BrainTumor\data\processed\classification_224_rgb\test\pituitary\brisc2025_test_00836_pi_co_t1.png,D:\MSC Bioinformatics\INTERNSHIP\brisc2025\segmentation_task\test\masks\brisc2025_test_00836_pi_co_t1.png
brisc2025_test_00837_pi_co_t1.jpg,pituitary,pituitary,True,coronal,pituitary,3,667,144,208,False,10563.7109375,315.65301513671875,0.029880883432372767,0.037115952986459554,0.031061343719571567,0.003497862417411582,D:\MSC Bioinformatics\INTERNSHIP\BrainTumor\data\processed\classification_224_rgb\test\pituitary\brisc2025_test_00837_pi_co_t1.png,D:\MSC Bioinformatics\INTERNSHIP\brisc2025\segmentation_task\test\masks\brisc2025_test_00837_pi_co_t1.png
brisc2025_test_00838_pi_co_t1.jpg,pituitary,pituitary,True,coronal,pituitary,3,62,80,176,False,21296.599609375,38.705238342285156,0.0018174374807350315,0.0018065268065268066,0.0032134342282574896,0.0,D:\MSC Bioinformatics\INTERNSHIP\BrainTumor\data\processed\classification_224_rgb\test\pituitary\brisc2025_test_00838_pi_co_t1.png,D:\MSC Bioinformatics\INTERNSHIP\brisc2025\segmentation_task\test\masks\brisc2025_test_00838_pi_co_t1.png
brisc2025_test_00839_pi_co_t1.jpg,pituitary,pituitary,True,coronal,pituitary,3,468,112,48,False,9385.7470703125,127.50070190429688,0.013584502219070742,0.012712843824639802,0.0,0.0,D:\MSC Bioinformatics\INTERNSHIP\BrainTumor\data\processed\classification_224_rgb\test\pituitary\brisc2025_test_00839_pi_co_t1.png,D:\MSC Bioinformatics\INTERNSHIP\brisc2025\segmentation_task\test\masks\brisc2025_test_00839_pi_co_t1.png
brisc2025_test_00840_pi_co_t1.jpg,pituitary,pituitary,True,coronal,pituitary,3,780,112,112,True,11102.2958984375,659.1281127929688,0.05936863139143429,0.044972324723247234,0.10723123453395655,0.24052718286655683,D:\MSC Bioinformatics\INTERNSHIP\BrainTumor\data\processed\classification_224_rgb\test\pituitary\brisc2025_test_00840_pi_co_t1.png,D:\MSC Bioinformatics\INTERNSHIP\brisc2025\segmentation_task\test\masks\brisc2025_test_00840_pi_co_t1.png
brisc2025_test_00841_pi_co_t1.jpg,pituitary,pituitary,True,coronal,pituitary,3,852,112,79,False,24121.7265625,554.1172485351562,0.02297170756410925,0.024329649618778378,0.03396316670652954,0.009614573669562284,D:\MSC Bioinformatics\INTERNSHIP\BrainTumor\data\processed\classification_224_rgb\test\pituitary\brisc2025_test_00841_pi_co_t1.png,D:\MSC Bioinformatics\INTERNSHIP\brisc2025\segmentation_task\test\masks\brisc2025_test_00841_pi_co_t1.png
brisc2025_test_00842_pi_co_t1.jpg,pituitary,pituitary,True,coronal,pituitary,3,425,80,111,False,20877.291015625,350.50360107421875,0.016788749115577043,0.013722514610442027,0.024026230991011362,0.040783034257748776,D:\MSC Bioinformatics\INTERNSHIP\BrainTumor\data\processed\classification_224_rgb\test\pituitary\brisc2025_test_00842_pi_co_t1.png,D:\MSC Bioinformatics\INTERNSHIP\brisc2025\segmentation_task\test\masks\brisc2025_test_00842_pi_co_t1.png
brisc2025_test_00843_pi_co_t1.jpg,pituitary,pituitary,True,coronal,pituitary,3,461,80,176,False,18290.740234375,352.01763916015625,0.01924567484144716,0.017396882901241556,0.02940051020408163,0.06928778601353529,D:\MSC Bioinformatics\INTERNSHIP\BrainTumor\data\processed\classification_224_rgb\test\pituitary\brisc2025_test_00843_pi_co_t1.png,D:\MSC Bioinformatics\INTERNSHIP\brisc2025\segmentation_task\test\masks\brisc2025_test_00843_pi_co_t1.png
brisc2025_test_00844_pi_co_t1.jpg,pituitary,pituitary,True,coronal,pituitary,3,499,47,176,False,18156.810546875,134.23953247070312,0.0073933432374667435,0.004787860931054802,0.0,0.0,D:\MSC Bioinformatics\INTERNSHIP\BrainTumor\data\processed\classification_224_rgb\test\pituitary\brisc2025_test_00844_pi_co_t1.png,D:\MSC Bioinformatics\INTERNSHIP\brisc2025\segmentation_task\test\masks\brisc2025_test_00844_pi_co_t1.png
brisc2025_test_00845_pi_co_t1.jpg,pituitary,pituitary,True,coronal,pituitary,3,530,111,176,False,12571.3544921875,37.456199645996094,0.0029794879835162826,0.00010756157900397978,0.0,0.0,D:\MSC Bioinformatics\INTERNSHIP\BrainTumor\data\processed\classification_224_rgb\test\pituitary\brisc2025_test_00845_pi_co_t1.png,D:\MSC Bioinformatics\INTERNSHIP\brisc2025\segmentation_task\test\masks\brisc2025_test_00845_pi_co_t1.png
brisc2025_test_00846_pi_co_t1.jpg,pituitary,pituitary,True,coronal,pituitary,3,461,80,48,False,15472.984375,338.2550048828125,0.021861006040265744,0.019705065184868562,0.048865804536781854,0.09419242993354522,D:\MSC Bioinformatics\INTERNSHIP\BrainTumor\data\processed\classification_224_rgb\test\pituitary\brisc2025_test_00846_pi_co_t1.png,D:\MSC Bioinformatics\INTERNSHIP\brisc2025\segmentation_task\test\masks\brisc2025_test_00846_pi_co_t1.png
brisc2025_test_00847_pi_co_t1.jpg,pituitary,pituitary,True,coronal,pituitary,3,436,80,48,False,17624.841796875,290.1176452636719,0.01646072337030064,0.01623715179502458,0.02648845686512758,0.017009318148202928,D:\MSC Bioinformatics\INTERNSHIP\BrainTumor\data\processed\classification_224_rgb\test\pituitary\brisc2025_test_00847_pi_co_t1.png,D:\MSC Bioinformatics\INTERNSHIP\brisc2025\segmentation_task\test\masks\brisc2025_test_00847_pi_co_t1.png
brisc2025_test_00848_pi_co_t1.jpg,pituitary,pituitary,True,coronal,pituitary,3,587,111,176,False,12844.716796875,290.3202209472656,0.022602306110625796,0.030121100164203614,0.04074935047176261,0.0,D:\MSC Bioinformatics\INTERNSHIP\BrainTumor\data\processed\classification_224_rgb\test\pituitary\brisc2025_test_00848_pi_co_t1.png,D:\MSC Bioinformatics\INTERNSHIP\brisc2025\segmentation_task\test\masks\brisc2025_test_00848_pi_co_t1.png
brisc2025_test_00849_pi_co_t1.jpg,pituitary,pituitary,True,coronal,pituitary,3,594,112,176,False,15476.7900390625,362.0255126953125,0.023391511533178495,0.02596267319375847,0.041343669250646,0.0,D:\MSC Bioinformatics\INTERNSHIP\BrainTumor\data\processed\classification_224_rgb\test\pituitary\brisc2025_test_00849_pi_co_t1.png,D:\MSC Bioinformatics\INTERNSHIP\brisc2025\segmentation_task\test\masks\brisc2025_test_00849_pi_co_t1.png
brisc2025_test_00850_pi_co_t1.jpg,pituitary,pituitary,True,coronal,pituitary,3,377,111,80,False,18392.005859375,261.35076904296875,0.014210019888056409,0.012569599573233755,0.024709969194468114,0.054884742041712405,D:\MSC Bioinformatics\INTERNSHIP\BrainTumor\data\processed\classification_224_rgb\test\pituitary\brisc2025_test_00850_pi_co_t1.png,D:\MSC Bioinformatics\INTERNSHIP\brisc2025\segmentation_task\test\masks\brisc2025_test_00850_pi_co_t1.png
brisc2025_test_00851_pi_co_t1.jpg,pituitary,pituitary,True,coronal,pituitary,3,717,111,175,False,15599.255859375,654.1385498046875,0.0419339586260813,0.0339713825452478,0.05048940215477783,0.10781954887218045,D:\MSC Bioinformatics\INTERNSHIP\BrainTumor\data\processed\classification_224_rgb\test\pituitary\brisc2025_test_00851_pi_co_t1.png,D:\MSC Bioinformatics\INTERNSHIP\brisc2025\segmentation_task\test\masks\brisc2025_test_00851_pi_co_t1.png
brisc2025_test_00852_pi_co_t1.jpg,pituitary,pituitary,True,coronal,pituitary,3,622,111,111,False,16701.40625,483.25958251953125,0.02893526301233055,0.024821421445388882,0.04292319370643848,0.12863780875519687,D:\MSC Bioinformatics\INTERNSHIP\BrainTumor\data\processed\classification_224_rgb\test\pituitary\brisc2025_test_00852_pi_co_t1.png,D:\MSC Bioinformatics\INTERNSHIP\brisc2025\segmentation_task\test\masks\brisc2025_test_00852_pi_co_t1.png
brisc2025_test_00853_pi_co_t1.jpg,pituitary,pituitary,True,coronal,pituitary,3,697,175,208,False,10466.25,232.65231323242188,0.022228812920809447,0.030384020256013503,0.0,0.0,D:\MSC Bioinformatics\INTERNSHIP\BrainTumor\data\processed\classification_224_rgb\test\pituitary\brisc2025_test_00853_pi_co_t1.png,D:\MSC Bioinformatics\INTERNSHIP\brisc2025\segmentation_task\test\masks\brisc2025_test_00853_pi_co_t1.png
brisc2025_test_00854_pi_co_t1.jpg,pituitary,pituitary,True,coronal,pituitary,3,724,0,208,False,9512.5322265625,335.96539306640625,0.03531818710987038,0.060165593376264946,0.05950510604870385,0.0,D:\MSC Bioinformatics\INTERNSHIP\BrainTumor\data\processed\classification_224_rgb\test\pituitary\brisc2025_test_00854_pi_co_t1.png,D:\MSC Bioinformatics\INTERNSHIP\brisc2025\segmentation_task\test\masks\brisc2025_test_00854_pi_co_t1.png
brisc2025_test_00855_pi_co_t1.jpg,pituitary,pituitary,True,coronal,pituitary,3,383,79,48,False,14429.80078125,136.6123504638672,0.009467376059784588,0.013116447198554093,0.001500487658489009,0.0,D:\MSC Bioinformatics\INTERNSHIP\BrainTumor\data\processed\classification_224_rgb\test\pituitary\brisc2025_test_00855_pi_co_t1.png,D:\MSC Bioinformatics\INTERNSHIP\brisc2025\segmentation_task\test\masks\brisc2025_test_00855_pi_co_t1.png
brisc2025_test_00856_pi_co_t1.jpg,pituitary,pituitary,True,coronal,pituitary,3,1130,80,48,False,11158.7685546875,109.71412658691406,0.009832099845894384,0.004999175960006592,0.0,0.0,D:\MSC Bioinformatics\INTERNSHIP\BrainTumor\data\processed\classification_224_rgb\test\pituitary\brisc2025_test_00856_pi_co_t1.png,D:\MSC Bioinformatics\INTERNSHIP\brisc2025\segmentation_task\test\masks\brisc2025_test_00856_pi_co_t1.png
brisc2025_test_00857_pi_co_t1.jpg,pituitary,pituitary,True,coronal,pituitary,3,340,111,143,False,19296.958984375,265.2698669433594,0.013746718701021848,0.01098546042003231,0.02208365809301117,0.057882192713653385,D:\MSC Bioinformatics\INTERNSHIP\BrainTumor\data\processed\classification_224_rgb\test\pituitary\brisc2025_test_00857_pi_co_t1.png,D:\MSC Bioinformatics\INTERNSHIP\brisc2025\segmentation_task\test\masks\brisc2025_test_00857_pi_co_t1.png
brisc2025_test_00858_pi_co_t1.jpg,pituitary,pituitary,True,coronal,pituitary,3,394,48,175,False,15598.3193359375,90.63727569580078,0.005810707791254054,0.004849757512124394,0.0,0.0,D:\MSC Bioinformatics\INTERNSHIP\BrainTumor\data\processed\classification_224_rgb\test\pituitary\brisc2025_test_00858_pi_co_t1.png,D:\MSC Bioinformatics\INTERNSHIP\brisc2025\segmentation_task\test\masks\brisc2025_test_00858_pi_co_t1.png
brisc2025_test_00859_pi_co_t1.jpg,pituitary,pituitary,True,coronal,pituitary,3,1641,47,176,False,22031.52734375,1169.78857421875,0.05309611793894084,0.04992242402117368,0.08152011922503725,0.1077207582061951,D:\MSC Bioinformatics\INTERNSHIP\BrainTumor\data\processed\classification_224_rgb\test\pituitary\brisc2025_test_00859_pi_co_t1.png,D:\MSC Bioinformatics\INTERNSHIP\brisc2025\segmentation_task\test\masks\brisc2025_test_00859_pi_co_t1.png
brisc2025_test_00860_pi_co_t1.jpg,pituitary,pituitary,True,coronal,pituitary,3,843,143,112,False,13630.22265625,621.8121337890625,0.04562010096760502,0.041975800428222874,0.09881608252256477,0.2977291841883936,D:\MSC Bioinformatics\INTERNSHIP\BrainTumor\data\processed\classification_224_rgb\test\pituitary\brisc2025_test_00860_pi_co_t1.png,D:\MSC Bioinformatics\INTERNSHIP\brisc2025\segmentation_task\test\masks\brisc2025_test_00860_pi_co_t1.png
brisc2025_test_00861_pi_co_t1.jpg,pituitary,pituitary,True,coronal,pituitary,3,852,79,176,False,19018.52734375,292.47772216796875,0.015378568323487192,0.02364423671730016,0.0,0.0,D:\MSC Bioinformatics\INTERNSHIP\BrainTumor\data\processed\classification_224_rgb\test\pituitary\brisc2025_test_00861_pi_co_t1.png,D:\MSC Bioinformatics\INTERNSHIP\brisc2025\segmentation_task\test\masks\brisc2025_test_00861_pi_co_t1.png
brisc2025_test_00862_pi_co_t1.jpg,pituitary,pituitary,True,coronal,pituitary,3,643,208,175,False,12175.1953125,523.6671752929688,0.04301098765580634,0.036145932879869586,0.06749239004933347,0.11019024298361273,D:\MSC Bioinformatics\INTERNSHIP\BrainTumor\data\processed\classification_224_rgb\test\pituitary\brisc2025_test_00862_pi_co_t1.png,D:\MSC Bioinformatics\INTERNSHIP\brisc2025\segmentation_task\test\masks\brisc2025_test_00862_pi_co_t1.png
brisc2025_test_00863_pi_co_t1.jpg,pituitary,pituitary,True,coronal,pituitary,3,373,112,175,False,18323.66015625,298.5789794921875,0.016294723704005473,0.014591972459119005,0.022993465663913203,0.04983299933199733,D:\MSC Bioinformatics\INTERNSHIP\BrainTumor\data\processed\classification_224_rgb\test\pituitary\brisc2025_test_00863_pi_co_t1.png,D:\MSC Bioinformatics\INTERNSHIP\brisc2025\segmentation_task\test\masks\brisc2025_test_00863_pi_co_t1.png
brisc2025_test_00864_pi_co_t1.jpg,pituitary,pituitary,True,coronal,pituitary,3,416,143,112,False,15818.5888671875,371.07489013671875,0.023458153774161196,0.01825762563089752,0.030821664073497814,0.06525573192239859,D:\MSC Bioinformatics\INTERNSHIP\BrainTumor\data\processed\classification_224_rgb\test\pituitary\brisc2025_test_00864_pi_co_t1.png,D:\MSC Bioinformatics\INTERNSHIP\brisc2025\segmentation_task\test\masks\brisc2025_test_00864_pi_co_t1.png
brisc2025_test_00865_pi_co_t1.jpg,pituitary,pituitary,True,coronal,pituitary,3,429,112,143,False,16002.4013671875,388.8100280761719,0.024296980131583035,0.019395967085631613,0.03512075317232911,0.07388908026179813,D:\MSC Bioinformatics\INTERNSHIP\BrainTumor\data\processed\classification_224_rgb\test\pituitary\brisc2025_test_00865_pi_co_t1.png,D:\MSC Bioinformatics\INTERNSHIP\brisc2025\segmentation_task\test\masks\brisc2025_test_00865_pi_co_t1.png
brisc2025_test_00866_pi_co_t1.jpg,pituitary,pituitary,True,coronal,pituitary,3,485,144,112,False,20654.6171875,327.1363220214844,0.01583841128846796,0.015117982606527228,0.023498062015503876,0.02509590792838875,D:\MSC Bioinformatics\INTERNSHIP\BrainTumor\data\processed\classification_224_rgb\test\pituitary\brisc2025_test_00866_pi_co_t1.png,D:\MSC Bioinformatics\INTERNSHIP\brisc2025\segmentation_task\test\masks\brisc2025_test_00866_pi_co_t1.png
brisc2025_test_00867_pi_co_t1.jpg,pituitary,pituitary,True,coronal,pituitary,3,266,79,176,False,14302.1142578125,11.107067108154297,0.0007766031586614604,0.0,0.0,0.0,D:\MSC Bioinformatics\INTERNSHIP\BrainTumor\data\processed\classification_224_rgb\test\pituitary\brisc2025_test_00867_pi_co_t1.png,D:\MSC Bioinformatics\INTERNSHIP\brisc2025\segmentation_task\test\masks\brisc2025_test_00867_pi_co_t1.png
brisc2025_test_00868_pi_co_t1.jpg,pituitary,pituitary,True,coronal,pituitary,3,479,111,175,False,7209.09765625,311.4087829589844,0.04319663816580503,0.04706462752836704,0.1059896475228001,0.1445477599323753,D:\MSC Bioinformatics\INTERNSHIP\BrainTumor\data\processed\classification_224_rgb\test\pituitary\brisc2025_test_00868_pi_co_t1.png,D:\MSC Bioinformatics\INTERNSHIP\brisc2025\segmentation_task\test\masks\brisc2025_test_00868_pi_co_t1.png
brisc2025_test_00869_pi_co_t1.jpg,pituitary,pituitary,True,coronal,pituitary,3,794,111,175,False,17133.7109375,704.3474731445312,0.04110886869247623,0.034357421029857206,0.053634152931640096,0.10327783558792925,D:\MSC Bioinformatics\INTERNSHIP\BrainTumor\data\processed\classification_224_rgb\test\pituitary\brisc2025_test_00869_pi_co_t1.png,D:\MSC Bioinformatics\INTERNSHIP\brisc2025\segmentation_task\test\masks\brisc2025_test_00869_pi_co_t1.png
brisc2025_test_00870_pi_co_t1.jpg,pituitary,pituitary,True,coronal,pituitary,3,962,111,112,True,2211.012451171875,506.2681884765625,0.22897572929009585,0.2743964637878273,0.2395326192794547,0.15631399317406144,D:\MSC Bioinformatics\INTERNSHIP\BrainTumor\data\processed\classification_224_rgb\test\pituitary\brisc2025_test_00870_pi_co_t1.png,D:\MSC Bioinformatics\INTERNSHIP\brisc2025\segmentation_task\test\masks\brisc2025_test_00870_pi_co_t1.png
brisc2025_test_00871_pi_co_t1.jpg,pituitary,pituitary,True,coronal,pituitary,3,1396,112,143,False,11562.8955078125,801.0201416015625,0.06927504802411742,0.08601249919463952,0.1325464658797992,0.13280475718533202,D:\MSC Bioinformatics\INTERNSHIP\BrainTumor\data\processed\classification_224_rgb\test\pituitary\brisc2025_test_00871_pi_co_t1.png,D:\MSC Bioinformatics\INTERNSHIP\brisc2025\segmentation_task\test\masks\brisc2025_test_00871_pi_co_t1.png
brisc2025_test_00872_pi_co_t1.jpg,pituitary,pituitary,True,coronal,pituitary,3,967,143,112,False,13804.0322265625,719.630615234375,0.05213191359040883,0.05509029795476557,0.07688508396443859,0.09371310507674144,D:\MSC Bioinformatics\INTERNSHIP\BrainTumor\data\processed\classification_224_rgb\test\pituitary\brisc2025_test_00872_pi_co_t1.png,D:\MSC Bioinformatics\INTERNSHIP\brisc2025\segmentation_task\test\masks\brisc2025_test_00872_pi_co_t1.png
brisc2025_test_00873_pi_co_t1.jpg,pituitary,pituitary,True,coronal,pituitary,3,1192,112,143,True,10981.5146484375,999.460693359375,0.09101300916641611,0.08705813613789073,0.1511156186612576,0.27148387096774196,D:\MSC Bioinformatics\INTERNSHIP\BrainTumor\data\processed\classification_224_rgb\test\pituitary\brisc2025_test_00873_pi_co_t1.png,D:\MSC Bioinformatics\INTERNSHIP\brisc2025\segmentation_task\test\masks\brisc2025_test_00873_pi_co_t1.png
brisc2025_test_00874_pi_co_t1.jpg,pituitary,pituitary,True,coronal,pituitary,3,453,80,48,False,11534.1923828125,365.0232238769531,0.03164705527375171,0.02880030516879649,0.05036131183991106,0.13839975285758419,D:\MSC Bioinformatics\INTERNSHIP\BrainTumor\data\processed\classification_224_rgb\test\pituitary\brisc2025_test_00874_pi_co_t1.png,D:\MSC Bioinformatics\INTERNSHIP\brisc2025\segmentation_task\test\masks\brisc2025_test_00874_pi_co_t1.png
brisc2025_test_00875_pi_co_t1.jpg,pituitary,pituitary,True,coronal,pituitary,3,571,112,80,False,15587.3017578125,308.9534912109375,0.019820844942331804,0.022590599778445956,0.04507358953393295,0.0,D:\MSC Bioinformatics\INTERNSHIP\BrainTumor\data\processed\classification_224_rgb\test\pituitary\brisc2025_test_00875_pi_co_t1.png,D:\MSC Bioinformatics\INTERNSHIP\brisc2025\segmentation_task\test\masks\brisc2025_test_00875_pi_co_t1.png
brisc2025_test_00876_pi_co_t1.jpg,pituitary,pituitary,True,coronal,pituitary,3,194,143,176,False,16655.779296875,103.92622375488281,0.006239649427534244,0.0078961292685905,0.01244514311914587,0.0,D:\MSC Bioinformatics\INTERNSHIP\BrainTumor\data\processed\classification_224_rgb\test\pituitary\brisc2025_test_00876_pi_co_t1.png,D:\MSC Bioinformatics\INTERNSHIP\brisc2025\segmentation_task\test\masks\brisc2025_test_00876_pi_co_t1.png
brisc2025_test_00877_pi_co_t1.jpg,pituitary,pituitary,True,coronal,pituitary,3,1046,112,111,True,16304.76953125,937.7783203125,0.057515582695918395,0.04549606367709103,0.07999388192107679,0.18238884045335657,D:\MSC Bioinformatics\INTERNSHIP\BrainTumor\data\processed\classification_224_rgb\test\pituitary\brisc2025_test_00877_pi_co_t1.png,D:\MSC Bioinformatics\INTERNSHIP\brisc2025\segmentation_task\test\masks\brisc2025_test_00877_pi_co_t1.png
brisc2025_test_00878_pi_co_t1.jpg,pituitary,pituitary,True,coronal,pituitary,3,667,79,144,False,14708.556640625,109.31549835205078,0.007432102348514716,0.006580166821130677,7.702973347712218e-05,0.0,D:\MSC Bioinformatics\INTERNSHIP\BrainTumor\data\processed\classification_224_rgb\test\pituitary\brisc2025_test_00878_pi_co_t1.png,D:\MSC Bioinformatics\INTERNSHIP\brisc2025\segmentation_task\test\masks\brisc2025_test_00878_pi_co_t1.png
brisc2025_test_00879_pi_co_t1.jpg,pituitary,pituitary,True,coronal,pituitary,3,355,111,111,False,14104.0341796875,300.95703125,0.02133836513835421,0.01748337847820734,0.029662433155080214,0.06253302800775057,D:\MSC Bioinformatics\INTERNSHIP\BrainTumor\data\processed\classification_224_rgb\test\pituitary\brisc2025_test_00879_pi_co_t1.png,D:\MSC Bioinformatics\INTERNSHIP\brisc2025\segmentation_task\test\masks\brisc2025_test_00879_pi_co_t1.png
brisc2025_test_00880_pi_co_t1.jpg,pituitary,pituitary,True,coronal,pituitary,3,413,79,208,False,16122.34375,346.9715270996094,0.02152115923589642,0.018722516886531575,0.02651855656864004,0.05324223282196726,D:\MSC Bioinformatics\INTERNSHIP\BrainTumor\data\processed\classification_224_rgb\test\pituitary\brisc2025_test_00880_pi_co_t1.png,D:\MSC Bioinformatics\INTERNSHIP\brisc2025\segmentation_task\test\masks\brisc2025_test_00880_pi_co_t1.png
brisc2025_test_00881_pi_co_t1.jpg,pituitary,pituitary,True,coronal,pituitary,3,2568,80,48,False,9679.8203125,799.2308349609375,0.08256670156664517,0.10896255371393493,0.0,0.0,D:\MSC Bioinformatics\INTERNSHIP\BrainTumor\data\processed\classification_224_rgb\test\pituitary\brisc2025_test_00881_pi_co_t1.png,D:\MSC Bioinformatics\INTERNSHIP\brisc2025\segmentation_task\test\masks\brisc2025_test_00881_pi_co_t1.png
brisc2025_test_00882_pi_co_t1.jpg,pituitary,pituitary,True,coronal,pituitary,3,724,143,80,False,17075.955078125,437.71112060546875,0.0256331852949294,0.027992576554283947,0.04506650784196942,0.007437885741414781,D:\MSC Bioinformatics\INTERNSHIP\BrainTumor\data\processed\classification_224_rgb\test\pituitary\brisc2025_test_00882_pi_co_t1.png,D:\MSC Bioinformatics\INTERNSHIP\brisc2025\segmentation_task\test\masks\brisc2025_test_00882_pi_co_t1.png
brisc2025_test_00883_pi_co_t1.jpg,pituitary,pituitary,True,coronal,pituitary,3,743,111,143,True,10991.7666015625,557.53466796875,0.05072293546421332,0.05714505460698354,0.26124197002141325,0.3673929376408715,D:\MSC Bioinformatics\INTERNSHIP\BrainTumor\data\processed\classification_224_rgb\test\pituitary\brisc2025_test_00883_pi_co_t1.png,D:\MSC Bioinformatics\INTERNSHIP\brisc2025\segmentation_task\test\masks\brisc2025_test_00883_pi_co_t1.png
brisc2025_test_00884_pi_co_t1.jpg,pituitary,pituitary,True,coronal,pituitary,3,1096,47,176,False,17492.150390625,40.961727142333984,0.0023417204990581154,0.0,0.0,0.0,D:\MSC Bioinformatics\INTERNSHIP\BrainTumor\data\processed\classification_224_rgb\test\pituitary\brisc2025_test_00884_pi_co_t1.png,D:\MSC Bioinformatics\INTERNSHIP\brisc2025\segmentation_task\test\masks\brisc2025_test_00884_pi_co_t1.png
brisc2025_test_00885_pi_co_t1.jpg,pituitary,pituitary,True,coronal,pituitary,3,699,80,175,False,18809.966796875,401.252197265625,0.021331892905429646,0.0244021644266015,0.03288093769278223,0.005518896220755849,D:\MSC Bioinformatics\INTERNSHIP\BrainTumor\data\processed\classification_224_rgb\test\pituitary\brisc2025_test_00885_pi_co_t1.png,D:\MSC Bioinformatics\INTERNSHIP\brisc2025\segmentation_task\test\masks\brisc2025_test_00885_pi_co_t1.png
brisc2025_test_00886_pi_co_t1.jpg,pituitary,pituitary,True,coronal,pituitary,3,110,112,175,False,18630.880859375,90.85806274414062,0.004876745411552624,0.003858836736125728,0.008697027197975965,0.020518559970154823,D:\MSC Bioinformatics\INTERNSHIP\BrainTumor\data\processed\classification_224_rgb\test\pituitary\brisc2025_test_00886_pi_co_t1.png,D:\MSC Bioinformatics\INTERNSHIP\brisc2025\segmentation_task\test\masks\brisc2025_test_00886_pi_co_t1.png
brisc2025_test_00887_pi_co_t1.jpg,pituitary,pituitary,True,coronal,pituitary,3,432,112,143,False,15877.212890625,373.62664794921875,0.02353225660719292,0.017240691224009258,0.04082789906436065,0.1058564077432002,D:\MSC Bioinformatics\INTERNSHIP\BrainTumor\data\processed\classification_224_rgb\test\pituitary\brisc2025_test_00887_pi_co_t1.png,D:\MSC Bioinformatics\INTERNSHIP\brisc2025\segmentation_task\test\masks\brisc2025_test_00887_pi_co_t1.png
brisc2025_test_00888_pi_co_t1.jpg,pituitary,pituitary,True,coronal,pituitary,3,149,111,144,False,12416.9853515625,134.32260131835938,0.01081764997825795,0.008666821777570962,0.01452808112324493,0.03146114864864865,D:\MSC Bioinformatics\INTERNSHIP\BrainTumor\data\processed\classification_224_rgb\test\pituitary\brisc2025_test_00888_pi_co_t1.png,D:\MSC Bioinformatics\INTERNSHIP\brisc2025\segmentation_task\test\masks\brisc2025_test_00888_pi_co_t1.png
brisc2025_test_00889_pi_co_t1.jpg,pituitary,pituitary,True,coronal,pituitary,3,284,79,175,False,19172.9609375,143.06517028808594,0.007461819317029312,0.009115711763761835,0.012185886402753872,0.0,D:\MSC Bioinformatics\INTERNSHIP\BrainTumor\data\processed\classification_224_rgb\test\pituitary\brisc2025_test_00889_pi_co_t1.png,D:\MSC Bioinformatics\INTERNSHIP\brisc2025\segmentation_task\test\masks\brisc2025_test_00889_pi_co_t1.png
brisc2025_test_00890_pi_co_t1.jpg,pituitary,pituitary,True,coronal,pituitary,3,176,80,144,False,14305.7783203125,34.19784164428711,0.002390491511792144,0.00043533150494101257,0.0,0.0,D:\MSC Bioinformatics\INTERNSHIP\BrainTumor\data\processed\classification_224_rgb\test\pituitary\brisc2025_test_00890_pi_co_t1.png,D:\MSC Bioinformatics\INTERNSHIP\brisc2025\segmentation_task\test\masks\brisc2025_test_00890_pi_co_t1.png
brisc2025_test_00891_pi_co_t1.jpg,pituitary,pituitary,True,coronal,pituitary,3,760,111,143,False,13176.1767578125,601.864990234375,0.04567827233173033,0.03921163966566918,0.08816705336426914,0.19429645879034785,D:\MSC Bioinformatics\INTERNSHIP\BrainTumor\data\processed\classification_224_rgb\test\pituitary\brisc2025_test_00891_pi_co_t1.png,D:\MSC Bioinformatics\INTERNSHIP\brisc2025\segmentation_task\test\masks\brisc2025_test_00891_pi_co_t1.png
brisc2025_test_00892_pi_co_t1.jpg,pituitary,pituitary,True,coronal,pituitary,3,468,112,80,False,17844.3359375,384.0732421875,0.021523537974891368,0.016051584579503363,0.028547029401000366,0.1332752613240418,D:\MSC Bioinformatics\INTERNSHIP\BrainTumor\data\processed\classification_224_rgb\test\pituitary\brisc2025_test_00892_pi_co_t1.png,D:\MSC Bioinformatics\INTERNSHIP\brisc2025\segmentation_task\test\masks\brisc2025_test_00892_pi_co_t1.png
brisc2025_test_00893_pi_co_t1.jpg,pituitary,pituitary,True,coronal,pituitary,3,857,111,111,False,17219.859375,688.2116088867188,0.03996615732448272,0.03421840686763825,0.06420437518729398,0.09179759990102684,D:\MSC Bioinformatics\INTERNSHIP\BrainTumor\data\processed\classification_224_rgb\test\pituitary\brisc2025_test_00893_pi_co_t1.png,D:\MSC Bioinformatics\INTERNSHIP\brisc2025\segmentation_task\test\masks\brisc2025_test_00893_pi_co_t1.png
brisc2025_test_00894_pi_co_t1.jpg,pituitary,pituitary,True,coronal,pituitary,3,1362,111,144,True,14917.6689453125,1019.1239013671875,0.06831656508153182,0.06138176573978097,0.10053144375553587,0.2861685214626391,D:\MSC Bioinformatics\INTERNSHIP\BrainTumor\data\processed\classification_224_rgb\test\pituitary\brisc2025_test_00894_pi_co_t1.png,D:\MSC Bioinformatics\INTERNSHIP\brisc2025\segmentation_task\test\masks\brisc2025_test_00894_pi_co_t1.png
brisc2025_test_00895_pi_co_t1.jpg,pituitary,pituitary,True,coronal,pituitary,3,386,112,79,False,8978.85546875,57.250553131103516,0.006376152654462285,0.0,0.0,0.0,D:\MSC Bioinformatics\INTERNSHIP\BrainTumor\data\processed\classification_224_rgb\test\pituitary\brisc2025_test_00895_pi_co_t1.png,D:\MSC Bioinformatics\INTERNSHIP\brisc2025\segmentation_task\test\masks\brisc2025_test_00895_pi_co_t1.png
brisc2025_test_00896_pi_co_t1.jpg,pituitary,pituitary,True,coronal,pituitary,3,935,143,80,False,14839.39453125,544.921875,0.0367213011186177,0.04188284124139232,0.06359932425717976,0.05728587319243604,D:\MSC Bioinformatics\INTERNSHIP\BrainTumor\data\processed\classification_224_rgb\test\pituitary\brisc2025_test_00896_pi_co_t1.png,D:\MSC Bioinformatics\INTERNSHIP\brisc2025\segmentation_task\test\masks\brisc2025_test_00896_pi_co_t1.png
brisc2025_test_00897_pi_co_t1.jpg,pituitary,pituitary,True,coronal,pituitary,3,380,143,79,False,18221.025390625,330.3646240234375,0.018130956789809163,0.014618758174963453,0.021592135916813457,0.04733432984554061,D:\MSC Bioinformatics\INTERNSHIP\BrainTumor\data\processed\classification_224_rgb\test\pituitary\brisc2025_test_00897_pi_co_t1.png,D:\MSC Bioinformatics\INTERNSHIP\brisc2025\segmentation_task\test\masks\brisc2025_test_00897_pi_co_t1.png
brisc2025_test_00898_pi_co_t1.jpg,pituitary,pituitary,True,coronal,pituitary,3,600,79,176,False,14547.5517578125,124.01165008544922,0.00852457184205246,0.0017285205897305542,0.0,0.0,D:\MSC Bioinformatics\INTERNSHIP\BrainTumor\data\processed\classification_224_rgb\test\pituitary\brisc2025_test_00898_pi_co_t1.png,D:\MSC Bioinformatics\INTERNSHIP\brisc2025\segmentation_task\test\masks\brisc2025_test_00898_pi_co_t1.png
brisc2025_test_00899_pi_co_t1.jpg,pituitary,pituitary,True,coronal,pituitary,3,295,112,175,False,13180.4189453125,199.0748291015625,0.01510383167087126,0.016582349634626195,0.04126042108237954,0.030208333333333334,D:\MSC Bioinformatics\INTERNSHIP\BrainTumor\data\processed\classification_224_rgb\test\pituitary\brisc2025_test_00899_pi_co_t1.png,D:\MSC Bioinformatics\INTERNSHIP\brisc2025\segmentation_task\test\masks\brisc2025_test_00899_pi_co_t1.png
brisc2025_test_00900_pi_co_t1.jpg,pituitary,pituitary,True,coronal,pituitary,3,434,112,80,False,13017.103515625,343.0106506347656,0.02635076614571244,0.023358449946178687,0.03993375046006625,0.08446544595392794,D:\MSC Bioinformatics\INTERNSHIP\BrainTumor\data\processed\classification_224_rgb\test\pituitary\brisc2025_test_00900_pi_co_t1.png,D:\MSC Bioinformatics\INTERNSHIP\brisc2025\segmentation_task\test\masks\brisc2025_test_00900_pi_co_t1.png
brisc2025_test_00901_pi_co_t1.jpg,pituitary,pituitary,True,coronal,pituitary,3,769,80,143,False,16020.091796875,538.842041015625,0.03363539034905753,0.02870259779038519,0.05656491357116587,0.31931464174454827,D:\MSC Bioinformatics\INTERNSHIP\BrainTumor\data\processed\classification_224_rgb\test\pituitary\brisc2025_test_00901_pi_co_t1.png,D:\MSC Bioinformatics\INTERNSHIP\brisc2025\segmentation_task\test\masks\brisc2025_test_00901_pi_co_t1.png
brisc2025_test_00902_pi_co_t1.jpg,pituitary,pituitary,True,coronal,pituitary,3,282,80,175,False,12910.5595703125,118.0496597290039,0.009143651681872571,0.01403016485443704,0.0034462952326249283,0.0,D:\MSC Bioinformatics\INTERNSHIP\BrainTumor\data\processed\classification_224_rgb\test\pituitary\brisc2025_test_00902_pi_co_t1.png,D:\MSC Bioinformatics\INTERNSHIP\brisc2025\segmentation_task\test\masks\brisc2025_test_00902_pi_co_t1.png
brisc2025_test_00903_pi_co_t1.jpg,pituitary,pituitary,True,coronal,pituitary,3,184,111,79,False,17564.515625,85.86392974853516,0.004888488335330065,0.006294902497434143,0.0004329472886676047,0.0,D:\MSC Bioinformatics\INTERNSHIP\BrainTumor\data\processed\classification_224_rgb\test\pituitary\brisc2025_test_00903_pi_co_t1.png,D:\MSC Bioinformatics\INTERNSHIP\brisc2025\segmentation_task\test\masks\brisc2025_test_00903_pi_co_t1.png
brisc2025_test_00904_pi_co_t1.jpg,pituitary,pituitary,True,coronal,pituitary,3,1797,111,143,True,13251.5087890625,1370.1588134765625,0.1033964384951743,0.08869957404159358,0.1651414309484193,0.3256448412698413,D:\MSC Bioinformatics\INTERNSHIP\BrainTumor\data\processed\classification_224_rgb\test\pituitary\brisc2025_test_00904_pi_co_t1.png,D:\MSC Bioinformatics\INTERNSHIP\brisc2025\segmentation_task\test\masks\brisc2025_test_00904_pi_co_t1.png
brisc2025_test_00905_pi_co_t1.jpg,pituitary,pituitary,True,coronal,pituitary,3,697,111,176,False,12217.1484375,235.4696502685547,0.019273699707682272,0.02849585186966454,0.0,0.0,D:\MSC Bioinformatics\INTERNSHIP\BrainTumor\data\processed\classification_224_rgb\test\pituitary\brisc2025_test_00905_pi_co_t1.png,D:\MSC Bioinformatics\INTERNSHIP\brisc2025\segmentation_task\test\masks\brisc2025_test_00905_pi_co_t1.png
brisc2025_test_00906_pi_co_t1.jpg,pituitary,pituitary,True,coronal,pituitary,3,639,111,175,False,18480.275390625,477.6939392089844,0.02584885393273508,0.022505547141901172,0.03534487526964987,0.05995882655687082,D:\MSC Bioinformatics\INTERNSHIP\BrainTumor\data\processed\classification_224_rgb\test\pituitary\brisc2025_test_00906_pi_co_t1.png,D:\MSC Bioinformatics\INTERNSHIP\brisc2025\segmentation_task\test\masks\brisc2025_test_00906_pi_co_t1.png
brisc2025_test_00907_pi_co_t1.jpg,pituitary,pituitary,True,coronal,pituitary,3,1308,80,112,False,15516.54296875,1031.20703125,0.06645855544800346,0.06562641111835833,0.13487936772046588,0.19640440750048327,D:\MSC Bioinformatics\INTERNSHIP\BrainTumor\data\processed\classification_224_rgb\test\pituitary\brisc2025_test_00907_pi_co_t1.png,D:\MSC Bioinformatics\INTERNSHIP\brisc2025\segmentation_task\test\masks\brisc2025_test_00907_pi_co_t1.png
brisc2025_test_00908_pi_co_t1.jpg,pituitary,pituitary,True,coronal,pituitary,3,957,112,208,False,18936.134765625,678.9127197265625,0.03585276130158311,0.03335075797177209,0.05253623188405797,0.0717895555267591,D:\MSC Bioinformatics\INTERNSHIP\BrainTumor\data\processed\classification_224_rgb\test\pituitary\brisc2025_test_00908_pi_co_t1.png,D:\MSC Bioinformatics\INTERNSHIP\brisc2025\segmentation_task\test\masks\brisc2025_test_00908_pi_co_t1.png
brisc2025_test_00909_pi_co_t1.jpg,pituitary,pituitary,True,coronal,pituitary,3,358,111,112,True,15123.5791015625,329.5416259765625,0.021789923123588895,0.01599714017605791,0.02666468047072844,0.10343831262640855,D:\MSC Bioinformatics\INTERNSHIP\BrainTumor\data\processed\classification_224_rgb\test\pituitary\brisc2025_test_00909_pi_co_t1.png,D:\MSC Bioinformatics\INTERNSHIP\brisc2025\segmentation_task\test\masks\brisc2025_test_00909_pi_co_t1.png
brisc2025_test_00910_pi_co_t1.jpg,pituitary,pituitary,True,coronal,pituitary,3,450,80,48,False,18417.34375,283.3508605957031,0.0153850014661155,0.015462854786612605,0.02581459385039009,0.003183868400106129,D:\MSC Bioinformatics\INTERNSHIP\BrainTumor\data\processed\classification_224_rgb\test\pituitary\brisc2025_test_00910_pi_co_t1.png,D:\MSC Bioinformatics\INTERNSHIP\brisc2025\segmentation_task\test\masks\brisc2025_test_00910_pi_co_t1.png
brisc2025_test_00911_pi_co_t1.jpg,pituitary,pituitary,True,coronal,pituitary,3,397,80,112,False,18298.9921875,333.6903381347656,0.01823544896438115,0.015667548048462845,0.02932919621749409,0.052395407153226874,D:\MSC Bioinformatics\INTERNSHIP\BrainTumor\data\processed\classification_224_rgb\test\pituitary\brisc2025_test_00911_pi_co_t1.png,D:\MSC Bioinformatics\INTERNSHIP\brisc2025\segmentation_task\test\masks\brisc2025_test_00911_pi_co_t1.png
brisc2025_test_00912_pi_co_t1.jpg,pituitary,pituitary,True,coronal,pituitary,3,305,111,144,False,16176.7255859375,76.35475158691406,0.004720037511997458,0.0039006286450049233,0.0,0.0,D:\MSC Bioinformatics\INTERNSHIP\BrainTumor\data\processed\classification_224_rgb\test\pituitary\brisc2025_test_00912_pi_co_t1.png,D:\MSC Bioinformatics\INTERNSHIP\brisc2025\segmentation_task\test\masks\brisc2025_test_00912_pi_co_t1.png
brisc2025_test_00913_pi_co_t1.jpg,pituitary,pituitary,True,coronal,pituitary,3,888,112,143,True,13906.7119140625,662.33837890625,0.04762724524669932,0.041588609966279506,0.11585127201565558,0.25404905136510875,D:\MSC Bioinformatics\INTERNSHIP\BrainTumor\data\processed\classification_224_rgb\test\pituitary\brisc2025_test_00913_pi_co_t1.png,D:\MSC Bioinformatics\INTERNSHIP\brisc2025\segmentation_task\test\masks\brisc2025_test_00913_pi_co_t1.png
brisc2025_test_00914_pi_co_t1.jpg,pituitary,pituitary,True,coronal,pituitary,3,751,111,175,False,19616.400390625,678.4647827148438,0.03458660963298309,0.026015865867599682,0.041750055592617304,0.09796504043829898,D:\MSC Bioinformatics\INTERNSHIP\BrainTumor\data\processed\classification_224_rgb\test\pituitary\brisc2025_test_00914_pi_co_t1.png,D:\MSC Bioinformatics\INTERNSHIP\brisc2025\segmentation_task\test\masks\brisc2025_test_00914_pi_co_t1.png
brisc2025_test_00915_pi_sa_t1.jpg,pituitary,pituitary,True,sagittal,pituitary,3,298,111,112,False,12991.01171875,228.7824249267578,0.017610824305281388,0.015742208135235077,0.032830230252286,0.08260869565217391,D:\MSC Bioinformatics\INTERNSHIP\BrainTumor\data\processed\classification_224_rgb\test\pituitary\brisc2025_test_00915_pi_sa_t1.png,D:\MSC Bioinformatics\INTERNSHIP\brisc2025\segmentation_task\test\masks\brisc2025_test_00915_pi_sa_t1.png
brisc2025_test_00916_pi_sa_t1.jpg,pituitary,pituitary,True,sagittal,pituitary,3,392,48,112,False,14746.73046875,300.673828125,0.02038918584442579,0.018192787859098714,0.03197389885807504,0.05870482480278848,D:\MSC Bioinformatics\INTERNSHIP\BrainTumor\data\processed\classification_224_rgb\test\pituitary\brisc2025_test_00916_pi_sa_t1.png,D:\MSC Bioinformatics\INTERNSHIP\brisc2025\segmentation_task\test\masks\brisc2025_test_00916_pi_sa_t1.png
brisc2025_test_00917_pi_sa_t1.jpg,pituitary,pituitary,True,sagittal,pituitary,3,459,48,144,False,15010.60546875,279.41546630859375,0.018614536694758783,0.02051946890786356,0.03004909983633388,0.0012231347195526823,D:\MSC Bioinformatics\INTERNSHIP\BrainTumor\data\processed\classification_224_rgb\test\pituitary\brisc2025_test_00917_pi_sa_t1.png,D:\MSC Bioinformatics\INTERNSHIP\brisc2025\segmentation_task\test\masks\brisc2025_test_00917_pi_sa_t1.png
brisc2025_test_00918_pi_sa_t1.jpg,pituitary,pituitary,True,sagittal,pituitary,3,155,144,112,False,12628.982421875,91.15695190429688,0.007218075760910196,0.008821855435401251,0.014642295597484277,0.0006098800569221387,D:\MSC Bioinformatics\INTERNSHIP\BrainTumor\data\processed\classification_224_rgb\test\pituitary\brisc2025_test_00918_pi_sa_t1.png,D:\MSC Bioinformatics\INTERNSHIP\brisc2025\segmentation_task\test\masks\brisc2025_test_00918_pi_sa_t1.png
brisc2025_test_00919_pi_sa_t1.jpg,pituitary,pituitary,True,sagittal,pituitary,3,311,112,111,False,14293.7578125,224.78091430664062,0.015725809633493862,0.013887028354543425,0.025672775301304275,0.04720369420215495,D:\MSC Bioinformatics\INTERNSHIP\BrainTumor\data\processed\classification_224_rgb\test\pituitary\brisc2025_test_00919_pi_sa_t1.png,D:\MSC Bioinformatics\INTERNSHIP\brisc2025\segmentation_task\test\masks\brisc2025_test_00919_pi_sa_t1.png
brisc2025_test_00920_pi_sa_t1.jpg,pituitary,pituitary,True,sagittal,pituitary,3,773,0,112,False,14904.48828125,6.215082168579102,0.0004169939988075766,0.0,0.0,0.0,D:\MSC Bioinformatics\INTERNSHIP\BrainTumor\data\processed\classification_224_rgb\test\pituitary\brisc2025_test_00920_pi_sa_t1.png,D:\MSC Bioinformatics\INTERNSHIP\brisc2025\segmentation_task\test\masks\brisc2025_test_00920_pi_sa_t1.png
brisc2025_test_00921_pi_sa_t1.jpg,pituitary,pituitary,True,sagittal,pituitary,3,820,144,80,False,18711.91015625,541.3873901367188,0.028932769857057537,0.0291410497885497,0.05645102472467362,0.050883859243350406,D:\MSC Bioinformatics\INTERNSHIP\BrainTumor\data\processed\classification_224_rgb\test\pituitary\brisc2025_test_00921_pi_sa_t1.png,D:\MSC Bioinformatics\INTERNSHIP\brisc2025\segmentation_task\test\masks\brisc2025_test_00921_pi_sa_t1.png
brisc2025_test_00922_pi_sa_t1.jpg,pituitary,pituitary,True,sagittal,pituitary,3,1016,80,79,False,15544.6728515625,520.531005859375,0.03348613449957893,0.04427594021004924,0.042028428736073764,0.0010043041606886656,D:\MSC Bioinformatics\INTERNSHIP\BrainTumor\data\processed\classification_224_rgb\test\pituitary\brisc2025_test_00922_pi_sa_t1.png,D:\MSC Bioinformatics\INTERNSHIP\brisc2025\segmentation_task\test\masks\brisc2025_test_00922_pi_sa_t1.png
brisc2025_test_00923_pi_sa_t1.jpg,pituitary,pituitary,True,sagittal,pituitary,3,551,112,112,False,3275.3134765625,164.3191375732422,0.05016898038892389,0.2443280977312391,0.0,0.0,D:\MSC Bioinformatics\INTERNSHIP\BrainTumor\data\processed\classification_224_rgb\test\pituitary\brisc2025_test_00923_pi_sa_t1.png,D:\MSC Bioinformatics\INTERNSHIP\brisc2025\segmentation_task\test\masks\brisc2025_test_00923_pi_sa_t1.png
brisc2025_test_00924_pi_sa_t1.jpg,pituitary,pituitary,True,sagittal,pituitary,3,243,80,112,False,9438.52734375,124.31043243408203,0.013170532637848198,0.0206984667802385,0.021613595116317438,0.0,D:\MSC Bioinformatics\INTERNSHIP\BrainTumor\data\processed\classification_224_rgb\test\pituitary\brisc2025_test_00924_pi_sa_t1.png,D:\MSC Bioinformatics\INTERNSHIP\brisc2025\segmentation_task\test\masks\brisc2025_test_00924_pi_sa_t1.png
brisc2025_test_00925_pi_sa_t1.jpg,pituitary,pituitary,True,sagittal,pituitary,3,1122,80,143,False,16908.599609375,526.900390625,0.03116168120350187,0.0435999067381674,0.02889535467041236,0.0,D:\MSC Bioinformatics\INTERNSHIP\BrainTumor\data\processed\classification_224_rgb\test\pituitary\brisc2025_test_00925_pi_sa_t1.png,D:\MSC Bioinformatics\INTERNSHIP\brisc2025\segmentation_task\test\masks\brisc2025_test_00925_pi_sa_t1.png
brisc2025_test_00926_pi_sa_t1.jpg,pituitary,pituitary,True,sagittal,pituitary,3,286,80,143,False,14233.5869140625,206.3934326171875,0.014500451211863883,0.014678710737014987,0.03419007770472206,0.05037037037037037,D:\MSC Bioinformatics\INTERNSHIP\BrainTumor\data\processed\classification_224_rgb\test\pituitary\brisc2025_test_00926_pi_sa_t1.png,D:\MSC Bioinformatics\INTERNSHIP\brisc2025\segmentation_task\test\masks\brisc2025_test_00926_pi_sa_t1.png
brisc2025_test_00927_pi_sa_t1.jpg,pituitary,pituitary,True,sagittal,pituitary,3,477,48,112,False,18927.427734375,315.20220947265625,0.01665319841111862,0.017267593397046047,0.026516204347101006,0.02190332326283988,D:\MSC Bioinformatics\INTERNSHIP\BrainTumor\data\processed\classification_224_rgb\test\pituitary\brisc2025_test_00927_pi_sa_t1.png,D:\MSC Bioinformatics\INTERNSHIP\brisc2025\segmentation_task\test\masks\brisc2025_test_00927_pi_sa_t1.png
brisc2025_test_00928_pi_sa_t1.jpg,pituitary,pituitary,True,sagittal,pituitary,3,358,143,143,False,18648.609375,269.05084228515625,0.014427394390374283,0.012336744891278128,0.019926527886006903,0.05203816131830009,D:\MSC Bioinformatics\INTERNSHIP\BrainTumor\data\processed\classification_224_rgb\test\pituitary\brisc2025_test_00928_pi_sa_t1.png,D:\MSC Bioinformatics\INTERNSHIP\brisc2025\segmentation_task\test\masks\brisc2025_test_00928_pi_sa_t1.png
brisc2025_test_00929_pi_sa_t1.jpg,pituitary,pituitary,True,sagittal,pituitary,3,169,80,112,False,14626.20703125,107.44479370117188,0.007346046276495877,0.008148505303760848,0.014430876953291778,0.0,D:\MSC Bioinformatics\INTERNSHIP\BrainTumor\data\processed\classification_224_rgb\test\pituitary\brisc2025_test_00929_pi_sa_t1.png,D:\MSC Bioinformatics\INTERNSHIP\brisc2025\segmentation_task\test\masks\brisc2025_test_00929_pi_sa_t1.png
brisc2025_test_00930_pi_sa_t1.jpg,pituitary,pituitary,True,sagittal,pituitary,3,300,80,144,False,96.20455169677734,0.8970416784286499,0.009324316392596411,0.0,0.0,0.0,D:\MSC Bioinformatics\INTERNSHIP\BrainTumor\data\processed\classification_224_rgb\test\pituitary\brisc2025_test_00930_pi_sa_t1.png,D:\MSC Bioinformatics\INTERNSHIP\brisc2025\segmentation_task\test\masks\brisc2025_test_00930_pi_sa_t1.png
brisc2025_test_00931_pi_sa_t1.jpg,pituitary,pituitary,True,sagittal,pituitary,3,665,143,143,False,10686.2490234375,505.79400634765625,0.047331295128751824,0.04005300246943323,0.12993356779992185,0.24090407938257993,D:\MSC Bioinformatics\INTERNSHIP\BrainTumor\data\processed\classification_224_rgb\test\pituitary\brisc2025_test_00931_pi_sa_t1.png,D:\MSC Bioinformatics\INTERNSHIP\brisc2025\segmentation_task\test\masks\brisc2025_test_00931_pi_sa_t1.png
brisc2025_test_00932_pi_sa_t1.jpg,pituitary,pituitary,True,sagittal,pituitary,3,401,143,143,False,6050.48583984375,324.6900329589844,0.053663464646232326,0.053021287848737275,0.12606098711097138,0.2764976958525346,D:\MSC Bioinformatics\INTERNSHIP\BrainTumor\data\processed\classification_224_rgb\test\pituitary\brisc2025_test_00932_pi_sa_t1.png,D:\MSC Bioinformatics\INTERNSHIP\brisc2025\segmentation_task\test\masks\brisc2025_test_00932_pi_sa_t1.png
brisc2025_test_00933_pi_sa_t1.jpg,pituitary,pituitary,True,sagittal,pituitary,3,317,80,111,False,7568.8271484375,76.40494537353516,0.010094687575116326,0.006689995883079457,0.0,0.0,D:\MSC Bioinformatics\INTERNSHIP\BrainTumor\data\processed\classification_224_rgb\test\pituitary\brisc2025_test_00933_pi_sa_t1.png,D:\MSC Bioinformatics\INTERNSHIP\brisc2025\segmentation_task\test\masks\brisc2025_test_00933_pi_sa_t1.png
brisc2025_test_00934_pi_sa_t1.jpg,pituitary,pituitary,True,sagittal,pituitary,3,617,176,144,False,15101.75,23.021888732910156,0.0015244517180399726,0.0,0.0,0.0,D:\MSC Bioinformatics\INTERNSHIP\BrainTumor\data\processed\classification_224_rgb\test\pituitary\brisc2025_test_00934_pi_sa_t1.png,D:\MSC Bioinformatics\INTERNSHIP\brisc2025\segmentation_task\test\masks\brisc2025_test_00934_pi_sa_t1.png
brisc2025_test_00935_pi_sa_t1.jpg,pituitary,pituitary,True,sagittal,pituitary,3,280,79,47,False,13899.2548828125,0.1581442654132843,1.1377895199896067e-05,0.0,0.0,0.0,D:\MSC Bioinformatics\INTERNSHIP\BrainTumor\data\processed\classification_224_rgb\test\pituitary\brisc2025_test_00935_pi_sa_t1.png,D:\MSC Bioinformatics\INTERNSHIP\brisc2025\segmentation_task\test\masks\brisc2025_test_00935_pi_sa_t1.png
brisc2025_test_00936_pi_sa_t1.jpg,pituitary,pituitary,True,sagittal,pituitary,3,135,144,80,False,8470.7568359375,47.17875671386719,0.005569603475537105,0.008819476343592099,0.00024993751562109475,0.0,D:\MSC Bioinformatics\INTERNSHIP\BrainTumor\data\processed\classification_224_rgb\test\pituitary\brisc2025_test_00936_pi_sa_t1.png,D:\MSC Bioinformatics\INTERNSHIP\brisc2025\segmentation_task\test\masks\brisc2025_test_00936_pi_sa_t1.png
brisc2025_test_00937_pi_sa_t1.jpg,pituitary,pituitary,True,sagittal,pituitary,3,723,80,176,False,21320.154296875,431.7043151855469,0.020248648728064034,0.022196979000368416,0.032402492499423036,0.0,D:\MSC Bioinformatics\INTERNSHIP\BrainTumor\data\processed\classification_224_rgb\test\pituitary\brisc2025_test_00937_pi_sa_t1.png,D:\MSC Bioinformatics\INTERNSHIP\brisc2025\segmentation_task\test\masks\brisc2025_test_00937_pi_sa_t1.png
brisc2025_test_00938_pi_sa_t1.jpg,pituitary,pituitary,True,sagittal,pituitary,3,331,80,143,False,12593.5869140625,207.716064453125,0.01649379687221446,0.015925712086220168,0.044269091881770764,0.0023094688221709007,D:\MSC Bioinformatics\INTERNSHIP\BrainTumor\data\processed\classification_224_rgb\test\pituitary\brisc2025_test_00938_pi_sa_t1.png,D:\MSC Bioinformatics\INTERNSHIP\brisc2025\segmentation_task\test\masks\brisc2025_test_00938_pi_sa_t1.png
brisc2025_test_00939_pi_sa_t1.jpg,pituitary,pituitary,True,sagittal,pituitary,3,349,48,143,False,22347.705078125,243.30029296875,0.0108870370410832,0.010216627634660422,0.01615740740740741,0.023990073073211084,D:\MSC Bioinformatics\INTERNSHIP\BrainTumor\data\processed\classification_224_rgb\test\pituitary\brisc2025_test_00939_pi_sa_t1.png,D:\MSC Bioinformatics\INTERNSHIP\brisc2025\segmentation_task\test\masks\brisc2025_test_00939_pi_sa_t1.png
brisc2025_test_00940_pi_sa_t1.jpg,pituitary,pituitary,True,sagittal,pituitary,3,314,144,112,False,11288.6279296875,218.68521118164062,0.019372169279007714,0.020139824257584503,0.03294167016365925,0.03554158607350097,D:\MSC Bioinformatics\INTERNSHIP\BrainTumor\data\processed\classification_224_rgb\test\pituitary\brisc2025_test_00940_pi_sa_t1.png,D:\MSC Bioinformatics\INTERNSHIP\brisc2025\segmentation_task\test\masks\brisc2025_test_00940_pi_sa_t1.png
brisc2025_test_00941_pi_sa_t1.jpg,pituitary,pituitary,True,sagittal,pituitary,3,366,80,80,False,17267.6875,184.3209228515625,0.010674325838451878,0.014226852211770193,0.016130366448837787,0.0,D:\MSC Bioinformatics\INTERNSHIP\BrainTumor\data\processed\classification_224_rgb\test\pituitary\brisc2025_test_00941_pi_sa_t1.png,D:\MSC Bioinformatics\INTERNSHIP\brisc2025\segmentation_task\test\masks\brisc2025_test_00941_pi_sa_t1.png
brisc2025_test_00942_pi_sa_t1.jpg,pituitary,pituitary,True,sagittal,pituitary,3,709,47,175,False,9515.1328125,23.91336441040039,0.0025131929192817445,0.0,0.0,0.0,D:\MSC Bioinformatics\INTERNSHIP\BrainTumor\data\processed\classification_224_rgb\test\pituitary\brisc2025_test_00942_pi_sa_t1.png,D:\MSC Bioinformatics\INTERNSHIP\brisc2025\segmentation_task\test\masks\brisc2025_test_00942_pi_sa_t1.png
brisc2025_test_00943_pi_sa_t1.jpg,pituitary,pituitary,True,sagittal,pituitary,3,406,175,80,False,16496.47265625,277.19964599609375,0.016803570785847446,0.01720120323687667,0.026679054950889302,0.02412252712188896,D:\MSC Bioinformatics\INTERNSHIP\BrainTumor\data\processed\classification_224_rgb\test\pituitary\brisc2025_test_00943_pi_sa_t1.png,D:\MSC Bioinformatics\INTERNSHIP\brisc2025\segmentation_task\test\masks\brisc2025_test_00943_pi_sa_t1.png
brisc2025_test_00944_pi_sa_t1.jpg,pituitary,pituitary,True,sagittal,pituitary,3,319,112,111,False,3530.048828125,96.29092407226562,0.027277504861996753,0.03552047360631475,0.012053571428571429,0.0009652509652509653,D:\MSC Bioinformatics\INTERNSHIP\BrainTumor\data\processed\classification_224_rgb\test\pituitary\brisc2025_test_00944_pi_sa_t1.png,D:\MSC Bioinformatics\INTERNSHIP\brisc2025\segmentation_task\test\masks\brisc2025_test_00944_pi_sa_t1.png
brisc2025_test_00945_pi_sa_t1.jpg,pituitary,pituitary,True,sagittal,pituitary,3,324,112,111,False,17255.41015625,273.8035888671875,0.015867695197498068,0.013415038092083472,0.018856943312769176,0.03825265643447462,D:\MSC Bioinformatics\INTERNSHIP\BrainTumor\data\processed\classification_224_rgb\test\pituitary\brisc2025_test_00945_pi_sa_t1.png,D:\MSC Bioinformatics\INTERNSHIP\brisc2025\segmentation_task\test\masks\brisc2025_test_00945_pi_sa_t1.png
brisc2025_test_00946_pi_sa_t1.jpg,pituitary,pituitary,True,sagittal,pituitary,3,254,176,176,False,10633.2041015625,98.32469177246094,0.009246948599247951,0.01570063298994663,0.0,0.0,D:\MSC Bioinformatics\INTERNSHIP\BrainTumor\data\processed\classification_224_rgb\test\pituitary\brisc2025_test_00946_pi_sa_t1.png,D:\MSC Bioinformatics\INTERNSHIP\brisc2025\segmentation_task\test\masks\brisc2025_test_00946_pi_sa_t1.png
brisc2025_test_00947_pi_sa_t1.jpg,pituitary,pituitary,True,sagittal,pituitary,3,196,143,143,False,11398.9765625,178.151123046875,0.015628694564821813,0.012541592014333249,0.01914997557401075,0.04962025316455696,D:\MSC Bioinformatics\INTERNSHIP\BrainTumor\data\processed\classification_224_rgb\test\pituitary\brisc2025_test_00947_pi_sa_t1.png,D:\MSC Bioinformatics\INTERNSHIP\brisc2025\segmentation_task\test\masks\brisc2025_test_00947_pi_sa_t1.png
brisc2025_test_00948_pi_sa_t1.jpg,pituitary,pituitary,True,sagittal,pituitary,3,301,80,111,False,10614.0986328125,160.80401611328125,0.01515003974206256,0.021380877965620118,0.022581036785237343,0.0020710059171597634,D:\MSC Bioinformatics\INTERNSHIP\BrainTumor\data\processed\classification_224_rgb\test\pituitary\brisc2025_test_00948_pi_sa_t1.png,D:\MSC Bioinformatics\INTERNSHIP\brisc2025\segmentation_task\test\masks\brisc2025_test_00948_pi_sa_t1.png
brisc2025_test_00949_pi_sa_t1.jpg,pituitary,pituitary,True,sagittal,pituitary,3,742,176,112,False,25175.6484375,345.23773193359375,0.013713161461984438,0.020005931677855967,0.006732952321302748,0.0,D:\MSC Bioinformatics\INTERNSHIP\BrainTumor\data\processed\classification_224_rgb\test\pituitary\brisc2025_test_00949_pi_sa_t1.png,D:\MSC Bioinformatics\INTERNSHIP\brisc2025\segmentation_task\test\masks\brisc2025_test_00949_pi_sa_t1.png
brisc2025_test_00950_pi_sa_t1.jpg,pituitary,pituitary,True,sagittal,pituitary,3,817,112,143,False,11694.2939453125,678.4379272460938,0.058014441095696624,0.04693514103521572,0.12874251497005987,0.4365217391304348,D:\MSC Bioinformatics\INTERNSHIP\BrainTumor\data\processed\classification_224_rgb\test\pituitary\brisc2025_test_00950_pi_sa_t1.png,D:\MSC Bioinformatics\INTERNSHIP\brisc2025\segmentation_task\test\masks\brisc2025_test_00950_pi_sa_t1.png
brisc2025_test_00951_pi_sa_t1.jpg,pituitary,pituitary,True,sagittal,pituitary,3,472,176,80,False,19909.56640625,258.6136474609375,0.012989416353123272,0.014475419388474867,0.02448270415416206,0.0,D:\MSC Bioinformatics\INTERNSHIP\BrainTumor\data\processed\classification_224_rgb\test\pituitary\brisc2025_test_00951_pi_sa_t1.png,D:\MSC Bioinformatics\INTERNSHIP\brisc2025\segmentation_task\test\masks\brisc2025_test_00951_pi_sa_t1.png
brisc2025_test_00952_pi_sa_t1.jpg,pituitary,pituitary,True,sagittal,pituitary,3,308,111,144,False,3311.9365234375,42.18256759643555,0.012736526590386986,0.0,0.0,0.0,D:\MSC Bioinformatics\INTERNSHIP\BrainTumor\data\processed\classification_224_rgb\test\pituitary\brisc2025_test_00952_pi_sa_t1.png,D:\MSC Bioinformatics\INTERNSHIP\brisc2025\segmentation_task\test\masks\brisc2025_test_00952_pi_sa_t1.png
brisc2025_test_00953_pi_sa_t1.jpg,pituitary,pituitary,True,sagittal,pituitary,3,461,80,144,False,5183.49609375,99.37809753417969,0.019172021303151907,0.0,0.0,0.0,D:\MSC Bioinformatics\INTERNSHIP\BrainTumor\data\processed\classification_224_rgb\test\pituitary\brisc2025_test_00953_pi_sa_t1.png,D:\MSC Bioinformatics\INTERNSHIP\brisc2025\segmentation_task\test\masks\brisc2025_test_00953_pi_sa_t1.png
brisc2025_test_00954_pi_sa_t1.jpg,pituitary,pituitary,True,sagittal,pituitary,3,170,79,144,False,5754.14404296875,36.47892761230469,0.006339592359854103,0.0,0.0,0.0,D:\MSC Bioinformatics\INTERNSHIP\BrainTumor\data\processed\classification_224_rgb\test\pituitary\brisc2025_test_00954_pi_sa_t1.png,D:\MSC Bioinformatics\INTERNSHIP\brisc2025\segmentation_task\test\masks\brisc2025_test_00954_pi_sa_t1.png
brisc2025_test_00955_pi_sa_t1.jpg,pituitary,pituitary,True,sagittal,pituitary,3,177,111,48,False,14899.380859375,80.32768249511719,0.00539134365738247,0.007669642083369442,0.0034447821681864235,0.0,D:\MSC Bioinformatics\INTERNSHIP\BrainTumor\data\processed\classification_224_rgb\test\pituitary\brisc2025_test_00955_pi_sa_t1.png,D:\MSC Bioinformatics\INTERNSHIP\brisc2025\segmentation_task\test\masks\brisc2025_test_00955_pi_sa_t1.png
brisc2025_test_00956_pi_sa_t1.jpg,pituitary,pituitary,True,sagittal,pituitary,3,163,112,143,False,8623.1474609375,130.28756713867188,0.015109050115270455,0.014808758063050785,0.03221980628582724,0.08337787279529664,D:\MSC Bioinformatics\INTERNSHIP\BrainTumor\data\processed\classification_224_rgb\test\pituitary\brisc2025_test_00956_pi_sa_t1.png,D:\MSC Bioinformatics\INTERNSHIP\brisc2025\segmentation_task\test\masks\brisc2025_test_00956_pi_sa_t1.png
brisc2025_test_00957_pi_sa_t1.jpg,pituitary,pituitary,True,sagittal,pituitary,3,181,175,176,False,25062.853515625,76.25930786132812,0.0030427224822498996,0.004696704346441649,0.0007209516561861658,0.0,D:\MSC Bioinformatics\INTERNSHIP\BrainTumor\data\processed\classification_224_rgb\test\pituitary\brisc2025_test_00957_pi_sa_t1.png,D:\MSC Bioinformatics\INTERNSHIP\brisc2025\segmentation_task\test\masks\brisc2025_test_00957_pi_sa_t1.png
brisc2025_test_00958_pi_sa_t1.jpg,pituitary,pituitary,True,sagittal,pituitary,3,327,112,112,True,12139.53125,313.94061279296875,0.025861016074485474,0.020696202531645568,0.0317014057198255,0.04917293233082707,D:\MSC Bioinformatics\INTERNSHIP\BrainTumor\data\processed\classification_224_rgb\test\pituitary\brisc2025_test_00958_pi_sa_t1.png,D:\MSC Bioinformatics\INTERNSHIP\brisc2025\segmentation_task\test\masks\brisc2025_test_00958_pi_sa_t1.png
brisc2025_test_00959_pi_sa_t1.jpg,pituitary,pituitary,True,sagittal,pituitary,3,342,143,79,False,16203.4306640625,166.83340454101562,0.0102961778897252,0.014242285428726107,0.011670588235294118,0.0,D:\MSC Bioinformatics\INTERNSHIP\BrainTumor\data\processed\classification_224_rgb\test\pituitary\brisc2025_test_00959_pi_sa_t1.png,D:\MSC Bioinformatics\INTERNSHIP\brisc2025\segmentation_task\test\masks\brisc2025_test_00959_pi_sa_t1.png
brisc2025_test_00960_pi_sa_t1.jpg,pituitary,pituitary,True,sagittal,pituitary,3,191,79,112,False,9783.9208984375,48.678932189941406,0.00497540124202307,0.0028041751051565665,0.0,0.0,D:\MSC Bioinformatics\INTERNSHIP\BrainTumor\data\processed\classification_224_rgb\test\pituitary\brisc2025_test_00960_pi_sa_t1.png,D:\MSC Bioinformatics\INTERNSHIP\brisc2025\segmentation_task\test\masks\brisc2025_test_00960_pi_sa_t1.png
brisc2025_test_00961_pi_sa_t1.jpg,pituitary,pituitary,True,sagittal,pituitary,3,698,144,48,False,14662.865234375,317.02825927734375,0.02162116709182569,0.03386609492252217,0.014548175243162358,0.0,D:\MSC Bioinformatics\INTERNSHIP\BrainTumor\data\processed\classification_224_rgb\test\pituitary\brisc2025_test_00961_pi_sa_t1.png,D:\MSC Bioinformatics\INTERNSHIP\brisc2025\segmentation_task\test\masks\brisc2025_test_00961_pi_sa_t1.png
brisc2025_test_00962_pi_sa_t1.jpg,pituitary,pituitary,True,sagittal,pituitary,3,752,175,79,False,17626.072265625,238.27169799804688,0.013518139175154348,0.015040577096483319,0.0002456801244779297,0.0,D:\MSC Bioinformatics\INTERNSHIP\BrainTumor\data\processed\classification_224_rgb\test\pituitary\brisc2025_test_00962_pi_sa_t1.png,D:\MSC Bioinformatics\INTERNSHIP\brisc2025\segmentation_task\test\masks\brisc2025_test_00962_pi_sa_t1.png
brisc2025_test_00963_pi_sa_t1.jpg,pituitary,pituitary,True,sagittal,pituitary,3,697,175,176,False,14123.458984375,243.59280395507812,0.017247389908135718,0.026479617943032576,0.0,0.0,D:\MSC Bioinformatics\INTERNSHIP\BrainTumor\data\processed\classification_224_rgb\test\pituitary\brisc2025_test_00963_pi_sa_t1.png,D:\MSC Bioinformatics\INTERNSHIP\brisc2025\segmentation_task\test\masks\brisc2025_test_00963_pi_sa_t1.png
brisc2025_test_00964_pi_sa_t1.jpg,pituitary,pituitary,True,sagittal,pituitary,3,404,143,144,False,11252.6748046875,323.95355224609375,0.02878902641984688,0.02676205617382088,0.08865481676541584,0.21021726365237817,D:\MSC Bioinformatics\INTERNSHIP\BrainTumor\data\processed\classification_224_rgb\test\pituitary\brisc2025_test_00964_pi_sa_t1.png,D:\MSC Bioinformatics\INTERNSHIP\brisc2025\segmentation_task\test\masks\brisc2025_test_00964_pi_sa_t1.png
brisc2025_test_00965_pi_sa_t1.jpg,pituitary,pituitary,True,sagittal,pituitary,3,386,112,143,False,8980.4541015625,286.70135498046875,0.03192503984075659,0.028823178016726403,0.057236061684460264,0.13747553816046967,D:\MSC Bioinformatics\INTERNSHIP\BrainTumor\data\processed\classification_224_rgb\test\pituitary\brisc2025_test_00965_pi_sa_t1.png,D:\MSC Bioinformatics\INTERNSHIP\brisc2025\segmentation_task\test\masks\brisc2025_test_00965_pi_sa_t1.png
brisc2025_test_00966_pi_sa_t1.jpg,pituitary,pituitary,True,sagittal,pituitary,3,319,111,144,False,10797.08203125,200.63015747070312,0.01858188692926655,0.022725653629692956,0.038135086670651526,0.0038643194504079004,D:\MSC Bioinformatics\INTERNSHIP\BrainTumor\data\processed\classification_224_rgb\test\pituitary\brisc2025_test_00966_pi_sa_t1.png,D:\MSC Bioinformatics\INTERNSHIP\brisc2025\segmentation_task\test\masks\brisc2025_test_00966_pi_sa_t1.png
brisc2025_test_00967_pi_sa_t1.jpg,pituitary,pituitary,True,sagittal,pituitary,3,462,112,208,False,13549.970703125,155.8240203857422,0.011499952568148715,0.01616679674434162,0.0009503896597605018,0.0,D:\MSC Bioinformatics\INTERNSHIP\BrainTumor\data\processed\classification_224_rgb\test\pituitary\brisc2025_test_00967_pi_sa_t1.png,D:\MSC Bioinformatics\INTERNSHIP\brisc2025\segmentation_task\test\masks\brisc2025_test_00967_pi_sa_t1.png
brisc2025_test_00968_pi_sa_t1.jpg,pituitary,pituitary,True,sagittal,pituitary,3,879,143,143,True,18750.048828125,749.8330078125,0.0399909896067979,0.03043101956032543,0.0547561203513362,0.1250915482642449,D:\MSC Bioinformatics\INTERNSHIP\BrainTumor\data\processed\classification_224_rgb\test\pituitary\brisc2025_test_00968_pi_sa_t1.png,D:\MSC Bioinformatics\INTERNSHIP\brisc2025\segmentation_task\test\masks\brisc2025_test_00968_pi_sa_t1.png
brisc2025_test_00969_pi_sa_t1.jpg,pituitary,pituitary,True,sagittal,pituitary,3,626,112,143,False,9126.5830078125,529.0820922851562,0.057971542233523056,0.05567413731768054,0.09516570386135603,0.20818091120718324,D:\MSC Bioinformatics\INTERNSHIP\BrainTumor\data\processed\classification_224_rgb\test\pituitary\brisc2025_test_00969_pi_sa_t1.png,D:\MSC Bioinformatics\INTERNSHIP\brisc2025\segmentation_task\test\masks\brisc2025_test_00969_pi_sa_t1.png
brisc2025_test_00970_pi_sa_t1.jpg,pituitary,pituitary,True,sagittal,pituitary,3,883,175,112,False,18554.474609375,695.8668212890625,0.0375039895194587,0.034045342381246145,0.05272271315978027,0.13165349634710005,D:\MSC Bioinformatics\INTERNSHIP\BrainTumor\data\processed\classification_224_rgb\test\pituitary\brisc2025_test_00970_pi_sa_t1.png,D:\MSC Bioinformatics\INTERNSHIP\brisc2025\segmentation_task\test\masks\brisc2025_test_00970_pi_sa_t1.png
brisc2025_test_00971_pi_sa_t1.jpg,pituitary,pituitary,True,sagittal,pituitary,3,292,175,80,False,12186.310546875,198.02658081054688,0.016249920765504196,0.018161462868515985,0.029985474164764474,0.01985208252238225,D:\MSC Bioinformatics\INTERNSHIP\BrainTumor\data\processed\classification_224_rgb\test\pituitary\brisc2025_test_00971_pi_sa_t1.png,D:\MSC Bioinformatics\INTERNSHIP\brisc2025\segmentation_task\test\masks\brisc2025_test_00971_pi_sa_t1.png
brisc2025_test_00972_pi_sa_t1.jpg,pituitary,pituitary,True,sagittal,pituitary,3,710,175,80,False,12500.9541015625,449.41131591796875,0.03595016126503469,0.041365649032859476,0.06956692141877327,0.011306158881285331,D:\MSC Bioinformatics\INTERNSHIP\BrainTumor\data\processed\classification_224_rgb\test\pituitary\brisc2025_test_00972_pi_sa_t1.png,D:\MSC Bioinformatics\INTERNSHIP\brisc2025\segmentation_task\test\masks\brisc2025_test_00972_pi_sa_t1.png
brisc2025_test_00973_pi_sa_t1.jpg,pituitary,pituitary,True,sagittal,pituitary,3,2591,175,176,False,17118.3203125,1687.9052734375,0.09860227187155574,0.095215346170807,0.1486156848396146,0.11871813546977422,D:\MSC Bioinformatics\INTERNSHIP\BrainTumor\data\processed\classification_224_rgb\test\pituitary\brisc2025_test_00973_pi_sa_t1.png,D:\MSC Bioinformatics\INTERNSHIP\brisc2025\segmentation_task\test\masks\brisc2025_test_00973_pi_sa_t1.png
brisc2025_test_00974_pi_sa_t1.jpg,pituitary,pituitary,True,sagittal,pituitary,3,658,48,111,False,9189.2890625,252.58282470703125,0.02748665571287564,0.04807036166502388,0.002006688963210702,0.0,D:\MSC Bioinformatics\INTERNSHIP\BrainTumor\data\processed\classification_224_rgb\test\pituitary\brisc2025_test_00974_pi_sa_t1.png,D:\MSC Bioinformatics\INTERNSHIP\brisc2025\segmentation_task\test\masks\brisc2025_test_00974_pi_sa_t1.png
brisc2025_test_00975_pi_sa_t1.jpg,pituitary,pituitary,True,sagittal,pituitary,3,1003,111,111,False,13246.6943359375,160.52581787109375,0.012118179358573759,0.010821323492744228,0.003973340169187388,0.0,D:\MSC Bioinformatics\INTERNSHIP\BrainTumor\data\processed\classification_224_rgb\test\pituitary\brisc2025_test_00975_pi_sa_t1.png,D:\MSC Bioinformatics\INTERNSHIP\brisc2025\segmentation_task\test\masks\brisc2025_test_00975_pi_sa_t1.png
brisc2025_test_00976_pi_sa_t1.jpg,pituitary,pituitary,True,sagittal,pituitary,3,260,111,79,False,19700.712890625,140.16061401367188,0.0071144945257473535,0.008496176720475786,0.010201190138849533,0.0,D:\MSC Bioinformatics\INTERNSHIP\BrainTumor\data\processed\classification_224_rgb\test\pituitary\brisc2025_test_00976_pi_sa_t1.png,D:\MSC Bioinformatics\INTERNSHIP\brisc2025\segmentation_task\test\masks\brisc2025_test_00976_pi_sa_t1.png
brisc2025_test_00977_pi_sa_t1.jpg,pituitary,pituitary,True,sagittal,pituitary,3,399,79,144,False,9705.60546875,180.2235107421875,0.018569012651757703,0.032071376898963104,0.014483725276436692,0.0,D:\MSC Bioinformatics\INTERNSHIP\BrainTumor\data\processed\classification_224_rgb\test\pituitary\brisc2025_test_00977_pi_sa_t1.png,D:\MSC Bioinformatics\INTERNSHIP\brisc2025\segmentation_task\test\masks\brisc2025_test_00977_pi_sa_t1.png
brisc2025_test_00978_pi_sa_t1.jpg,pituitary,pituitary,True,sagittal,pituitary,3,249,208,79,False,6188.28759765625,16.472003936767578,0.002661803233418915,0.0,0.0,0.0,D:\MSC Bioinformatics\INTERNSHIP\BrainTumor\data\processed\classification_224_rgb\test\pituitary\brisc2025_test_00978_pi_sa_t1.png,D:\MSC Bioinformatics\INTERNSHIP\brisc2025\segmentation_task\test\masks\brisc2025_test_00978_pi_sa_t1.png
brisc2025_test_00979_pi_sa_t1.jpg,pituitary,pituitary,True,sagittal,pituitary,3,174,80,111,False,13516.7568359375,117.6684799194336,0.008705378172268666,0.008816376165383057,0.01660463784712282,0.0034782608695652175,D:\MSC Bioinformatics\INTERNSHIP\BrainTumor\data\processed\classification_224_rgb\test\pituitary\brisc2025_test_00979_pi_sa_t1.png,D:\MSC Bioinformatics\INTERNSHIP\brisc2025\segmentation_task\test\masks\brisc2025_test_00979_pi_sa_t1.png
brisc2025_test_00980_pi_sa_t1.jpg,pituitary,pituitary,True,sagittal,pituitary,3,122,111,80,False,12879.50390625,39.83029556274414,0.0030925333656225537,0.004247876061969015,0.0,0.0,D:\MSC Bioinformatics\INTERNSHIP\BrainTumor\data\processed\classification_224_rgb\test\pituitary\brisc2025_test_00980_pi_sa_t1.png,D:\MSC Bioinformatics\INTERNSHIP\brisc2025\segmentation_task\test\masks\brisc2025_test_00980_pi_sa_t1.png
brisc2025_test_00981_pi_sa_t1.jpg,pituitary,pituitary,True,sagittal,pituitary,3,173,48,112,False,19653.2109375,78.2266845703125,0.003980351344067107,0.005623821598075548,5.302226935312831e-05,0.0,D:\MSC Bioinformatics\INTERNSHIP\BrainTumor\data\processed\classification_224_rgb\test\pituitary\brisc2025_test_00981_pi_sa_t1.png,D:\MSC Bioinformatics\INTERNSHIP\brisc2025\segmentation_task\test\masks\brisc2025_test_00981_pi_sa_t1.png
brisc2025_test_00982_pi_sa_t1.jpg,pituitary,pituitary,True,sagittal,pituitary,3,144,144,80,False,7169.14208984375,95.81343078613281,0.013364699651003994,0.01397244323694935,0.031229668184775537,0.0,D:\MSC Bioinformatics\INTERNSHIP\BrainTumor\data\processed\classification_224_rgb\test\pituitary\brisc2025_test_00982_pi_sa_t1.png,D:\MSC Bioinformatics\INTERNSHIP\brisc2025\segmentation_task\test\masks\brisc2025_test_00982_pi_sa_t1.png
brisc2025_test_00983_pi_sa_t1.jpg,pituitary,pituitary,True,sagittal,pituitary,3,848,143,80,False,10052.5458984375,559.051513671875,0.05561292823928018,0.05991662545043454,0.12901730531520395,0.11566731141199227,D:\MSC Bioinformatics\INTERNSHIP\BrainTumor\data\processed\classification_224_rgb\test\pituitary\brisc2025_test_00983_pi_sa_t1.png,D:\MSC Bioinformatics\INTERNSHIP\brisc2025\segmentation_task\test\masks\brisc2025_test_00983_pi_sa_t1.png
brisc2025_test_00984_pi_sa_t1.jpg,pituitary,pituitary,True,sagittal,pituitary,3,746,143,175,False,14772.4765625,625.760498046875,0.04235989107170905,0.03386137715037901,0.06291111485916681,0.14682149183231646,D:\MSC Bioinformatics\INTERNSHIP\BrainTumor\data\processed\classification_224_rgb\test\pituitary\brisc2025_test_00984_pi_sa_t1.png,D:\MSC Bioinformatics\INTERNSHIP\brisc2025\segmentation_task\test\masks\brisc2025_test_00984_pi_sa_t1.png
brisc2025_test_00985_pi_sa_t1.jpg,pituitary,pituitary,True,sagittal,pituitary,3,971,79,112,False,11703.134765625,97.31739807128906,0.008315498370328463,0.0,0.0,0.0,D:\MSC Bioinformatics\INTERNSHIP\BrainTumor\data\processed\classification_224_rgb\test\pituitary\brisc2025_test_00985_pi_sa_t1.png,D:\MSC Bioinformatics\INTERNSHIP\brisc2025\segmentation_task\test\masks\brisc2025_test_00985_pi_sa_t1.png
brisc2025_test_00986_pi_sa_t1.jpg,pituitary,pituitary,True,sagittal,pituitary,3,176,144,144,False,12295.3134765625,134.5370635986328,0.010942141805094214,0.010126582278481013,0.017857142857142856,0.03255011856003449,D:\MSC Bioinformatics\INTERNSHIP\BrainTumor\data\processed\classification_224_rgb\test\pituitary\brisc2025_test_00986_pi_sa_t1.png,D:\MSC Bioinformatics\INTERNSHIP\brisc2025\segmentation_task\test\masks\brisc2025_test_00986_pi_sa_t1.png
brisc2025_test_00987_pi_sa_t1.jpg,pituitary,pituitary,True,sagittal,pituitary,3,285,111,175,False,13855.869140625,148.39639282226562,0.010710002477374138,0.01681912068456772,0.03416271721958926,0.0,D:\MSC Bioinformatics\INTERNSHIP\BrainTumor\data\processed\classification_224_rgb\test\pituitary\brisc2025_test_00987_pi_sa_t1.png,D:\MSC Bioinformatics\INTERNSHIP\brisc2025\segmentation_task\test\masks\brisc2025_test_00987_pi_sa_t1.png
brisc2025_test_00988_pi_sa_t1.jpg,pituitary,pituitary,True,sagittal,pituitary,3,122,143,175,False,9027.291015625,98.65898132324219,0.01092896874073042,0.0099090318388564,0.016958576591604116,0.038101186758276076,D:\MSC Bioinformatics\INTERNSHIP\BrainTumor\data\processed\classification_224_rgb\test\pituitary\brisc2025_test_00988_pi_sa_t1.png,D:\MSC Bioinformatics\INTERNSHIP\brisc2025\segmentation_task\test\masks\brisc2025_test_00988_pi_sa_t1.png
brisc2025_test_00989_pi_sa_t1.jpg,pituitary,pituitary,True,sagittal,pituitary,3,187,80,111,False,18923.556640625,162.90533447265625,0.008608600252392929,0.006762621148560683,0.009608467783372727,0.019207066557107643,D:\MSC Bioinformatics\INTERNSHIP\BrainTumor\data\processed\classification_224_rgb\test\pituitary\brisc2025_test_00989_pi_sa_t1.png,D:\MSC Bioinformatics\INTERNSHIP\brisc2025\segmentation_task\test\masks\brisc2025_test_00989_pi_sa_t1.png
brisc2025_test_00990_pi_sa_t1.jpg,pituitary,pituitary,True,sagittal,pituitary,3,510,176,79,False,6739.69873046875,4.612020015716553,0.0006843065543666793,0.0,0.0,0.0,D:\MSC Bioinformatics\INTERNSHIP\BrainTumor\data\processed\classification_224_rgb\test\pituitary\brisc2025_test_00990_pi_sa_t1.png,D:\MSC Bioinformatics\INTERNSHIP\brisc2025\segmentation_task\test\masks\brisc2025_test_00990_pi_sa_t1.png
brisc2025_test_00991_pi_sa_t1.jpg,pituitary,pituitary,True,sagittal,pituitary,3,143,175,80,False,18595.94921875,91.38695526123047,0.004914347430519247,0.005340005227977146,0.007466583124477861,0.0,D:\MSC Bioinformatics\INTERNSHIP\BrainTumor\data\processed\classification_224_rgb\test\pituitary\brisc2025_test_00991_pi_sa_t1.png,D:\MSC Bioinformatics\INTERNSHIP\brisc2025\segmentation_task\test\masks\brisc2025_test_00991_pi_sa_t1.png
brisc2025_test_00992_pi_sa_t1.jpg,pituitary,pituitary,True,sagittal,pituitary,3,83,79,112,False,10087.8798828125,42.34479522705078,0.00419759114094894,0.005997976586211881,0.006542929630124182,0.0,D:\MSC Bioinformatics\INTERNSHIP\BrainTumor\data\processed\classification_224_rgb\test\pituitary\brisc2025_test_00992_pi_sa_t1.png,D:\MSC Bioinformatics\INTERNSHIP\brisc2025\segmentation_task\test\masks\brisc2025_test_00992_pi_sa_t1.png
brisc2025_test_00993_pi_sa_t1.jpg,pituitary,pituitary,True,sagittal,pituitary,3,688,175,111,False,17003.359375,234.22402954101562,0.013775161976838217,0.01719733079122974,0.0034514689788702753,0.0,D:\MSC Bioinformatics\INTERNSHIP\BrainTumor\data\processed\classification_224_rgb\test\pituitary\brisc2025_test_00993_pi_sa_t1.png,D:\MSC Bioinformatics\INTERNSHIP\brisc2025\segmentation_task\test\masks\brisc2025_test_00993_pi_sa_t1.png
brisc2025_test_00994_pi_sa_t1.jpg,pituitary,pituitary,True,sagittal,pituitary,3,235,112,144,False,10919.591796875,186.00912475585938,0.01703443940176335,0.014456200787401575,0.032780025108104335,0.11048425011753643,D:\MSC Bioinformatics\INTERNSHIP\BrainTumor\data\processed\classification_224_rgb\test\pituitary\brisc2025_test_00994_pi_sa_t1.png,D:\MSC Bioinformatics\INTERNSHIP\brisc2025\segmentation_task\test\masks\brisc2025_test_00994_pi_sa_t1.png
brisc2025_test_00995_pi_sa_t1.jpg,pituitary,pituitary,True,sagittal,pituitary,3,506,79,175,False,14477.771484375,320.9407958984375,0.02216783130226982,0.02323445679125723,0.03962956782913399,0.026189100712497592,D:\MSC Bioinformatics\INTERNSHIP\BrainTumor\data\processed\classification_224_rgb\test\pituitary\brisc2025_test_00995_pi_sa_t1.png,D:\MSC Bioinformatics\INTERNSHIP\brisc2025\segmentation_task\test\masks\brisc2025_test_00995_pi_sa_t1.png
brisc2025_test_00996_pi_sa_t1.jpg,pituitary,pituitary,True,sagittal,pituitary,3,614,112,143,True,10307.4482421875,513.3067016601562,0.04979959050963128,0.0430695847362514,0.08350333197334421,0.14450533602538218,D:\MSC Bioinformatics\INTERNSHIP\BrainTumor\data\processed\classification_224_rgb\test\pituitary\brisc2025_test_00996_pi_sa_t1.png,D:\MSC Bioinformatics\INTERNSHIP\brisc2025\segmentation_task\test\masks\brisc2025_test_00996_pi_sa_t1.png
brisc2025_test_00997_pi_sa_t1.jpg,pituitary,pituitary,True,sagittal,pituitary,3,1274,111,143,False,6024.517578125,528.739990234375,0.08776470204921102,0.10616175987742148,0.07360350492880613,0.0412621359223301,D:\MSC Bioinformatics\INTERNSHIP\BrainTumor\data\processed\classification_224_rgb\test\pituitary\brisc2025_test_00997_pi_sa_t1.png,D:\MSC Bioinformatics\INTERNSHIP\brisc2025\segmentation_task\test\masks\brisc2025_test_00997_pi_sa_t1.png
brisc2025_test_00998_pi_sa_t1.jpg,pituitary,pituitary,True,sagittal,pituitary,3,828,143,144,False,9047.1943359375,586.9208984375,0.06487324983239473,0.05926562164483573,0.1321998612074948,0.22265246853823814,D:\MSC Bioinformatics\INTERNSHIP\BrainTumor\data\processed\classification_224_rgb\test\pituitary\brisc2025_test_00998_pi_sa_t1.png,D:\MSC Bioinformatics\INTERNSHIP\brisc2025\segmentation_task\test\masks\brisc2025_test_00998_pi_sa_t1.png
brisc2025_test_00999_pi_sa_t1.jpg,pituitary,pituitary,True,sagittal,pituitary,3,828,111,79,False,12731.73046875,119.28369140625,0.009369008533367206,0.0028769586437194963,0.0,0.0,D:\MSC Bioinformatics\INTERNSHIP\BrainTumor\data\processed\classification_224_rgb\test\pituitary\brisc2025_test_00999_pi_sa_t1.png,D:\MSC Bioinformatics\INTERNSHIP\brisc2025\segmentation_task\test\masks\brisc2025_test_00999_pi_sa_t1.png
brisc2025_test_01000_pi_sa_t1.jpg,pituitary,pituitary,True,sagittal,pituitary,3,772,112,79,False,15530.310546875,400.86151123046875,0.025811557986593504,0.031541101487171104,0.04125888896711962,0.0,D:\MSC Bioinformatics\INTERNSHIP\BrainTumor\data\processed\classification_224_rgb\test\pituitary\brisc2025_test_01000_pi_sa_t1.png,D:\MSC Bioinformatics\INTERNSHIP\brisc2025\segmentation_task\test\masks\brisc2025_test_01000_pi_sa_t1.png
