keras_variable,keras_shape,keras_num_values,exact_shape_matches,matching_h5_names
normalization/mean:0,"(3,)",3,2,efficientnetb0/normalization_1/mean:0 || efficientnetb0/normalization_1/variance:0
normalization/variance:0,"(3,)",3,2,efficientnetb0/normalization_1/mean:0 || efficientnetb0/normalization_1/variance:0
normalization/count:0,(),1,1,efficientnetb0/normalization_1/count:0
stem_conv/kernel:0,"(3, 3, 3, 32)",864,1,efficientnetb0/stem_conv/kernel:0
stem_bn/gamma:0,"(32,)",32,9,efficientnetb0/block1a_bn/beta:0 || efficientnetb0/block1a_bn/gamma:0 || efficientnetb0/block1a_bn/moving_mean:0 || efficientnetb0/block1a_bn/moving_variance:0 || efficientnetb0/block1a_se_expand/bias:0 || efficientnetb0/stem_bn/beta:0 || efficientnetb0/stem_bn/gamma:0 || efficientnetb0/stem_bn/moving_mean:0 || efficientnetb0/stem_bn/moving_variance:0
stem_bn/beta:0,"(32,)",32,9,efficientnetb0/block1a_bn/beta:0 || efficientnetb0/block1a_bn/gamma:0 || efficientnetb0/block1a_bn/moving_mean:0 || efficientnetb0/block1a_bn/moving_variance:0 || efficientnetb0/block1a_se_expand/bias:0 || efficientnetb0/stem_bn/beta:0 || efficientnetb0/stem_bn/gamma:0 || efficientnetb0/stem_bn/moving_mean:0 || efficientnetb0/stem_bn/moving_variance:0
stem_bn/moving_mean:0,"(32,)",32,9,efficientnetb0/block1a_bn/beta:0 || efficientnetb0/block1a_bn/gamma:0 || efficientnetb0/block1a_bn/moving_mean:0 || efficientnetb0/block1a_bn/moving_variance:0 || efficientnetb0/block1a_se_expand/bias:0 || efficientnetb0/stem_bn/beta:0 || efficientnetb0/stem_bn/gamma:0 || efficientnetb0/stem_bn/moving_mean:0 || efficientnetb0/stem_bn/moving_variance:0
stem_bn/moving_variance:0,"(32,)",32,9,efficientnetb0/block1a_bn/beta:0 || efficientnetb0/block1a_bn/gamma:0 || efficientnetb0/block1a_bn/moving_mean:0 || efficientnetb0/block1a_bn/moving_variance:0 || efficientnetb0/block1a_se_expand/bias:0 || efficientnetb0/stem_bn/beta:0 || efficientnetb0/stem_bn/gamma:0 || efficientnetb0/stem_bn/moving_mean:0 || efficientnetb0/stem_bn/moving_variance:0
block1a_dwconv/depthwise_kernel:0,"(3, 3, 32, 1)",288,1,efficientnetb0/block1a_dwconv/depthwise_kernel:0
block1a_bn/gamma:0,"(32,)",32,9,efficientnetb0/block1a_bn/beta:0 || efficientnetb0/block1a_bn/gamma:0 || efficientnetb0/block1a_bn/moving_mean:0 || efficientnetb0/block1a_bn/moving_variance:0 || efficientnetb0/block1a_se_expand/bias:0 || efficientnetb0/stem_bn/beta:0 || efficientnetb0/stem_bn/gamma:0 || efficientnetb0/stem_bn/moving_mean:0 || efficientnetb0/stem_bn/moving_variance:0
block1a_bn/beta:0,"(32,)",32,9,efficientnetb0/block1a_bn/beta:0 || efficientnetb0/block1a_bn/gamma:0 || efficientnetb0/block1a_bn/moving_mean:0 || efficientnetb0/block1a_bn/moving_variance:0 || efficientnetb0/block1a_se_expand/bias:0 || efficientnetb0/stem_bn/beta:0 || efficientnetb0/stem_bn/gamma:0 || efficientnetb0/stem_bn/moving_mean:0 || efficientnetb0/stem_bn/moving_variance:0
block1a_bn/moving_mean:0,"(32,)",32,9,efficientnetb0/block1a_bn/beta:0 || efficientnetb0/block1a_bn/gamma:0 || efficientnetb0/block1a_bn/moving_mean:0 || efficientnetb0/block1a_bn/moving_variance:0 || efficientnetb0/block1a_se_expand/bias:0 || efficientnetb0/stem_bn/beta:0 || efficientnetb0/stem_bn/gamma:0 || efficientnetb0/stem_bn/moving_mean:0 || efficientnetb0/stem_bn/moving_variance:0
block1a_bn/moving_variance:0,"(32,)",32,9,efficientnetb0/block1a_bn/beta:0 || efficientnetb0/block1a_bn/gamma:0 || efficientnetb0/block1a_bn/moving_mean:0 || efficientnetb0/block1a_bn/moving_variance:0 || efficientnetb0/block1a_se_expand/bias:0 || efficientnetb0/stem_bn/beta:0 || efficientnetb0/stem_bn/gamma:0 || efficientnetb0/stem_bn/moving_mean:0 || efficientnetb0/stem_bn/moving_variance:0
block1a_se_reduce/kernel:0,"(1, 1, 32, 8)",256,1,efficientnetb0/block1a_se_reduce/kernel:0
block1a_se_reduce/bias:0,"(8,)",8,1,efficientnetb0/block1a_se_reduce/bias:0
block1a_se_expand/kernel:0,"(1, 1, 8, 32)",256,1,efficientnetb0/block1a_se_expand/kernel:0
block1a_se_expand/bias:0,"(32,)",32,9,efficientnetb0/block1a_bn/beta:0 || efficientnetb0/block1a_bn/gamma:0 || efficientnetb0/block1a_bn/moving_mean:0 || efficientnetb0/block1a_bn/moving_variance:0 || efficientnetb0/block1a_se_expand/bias:0 || efficientnetb0/stem_bn/beta:0 || efficientnetb0/stem_bn/gamma:0 || efficientnetb0/stem_bn/moving_mean:0 || efficientnetb0/stem_bn/moving_variance:0
block1a_project_conv/kernel:0,"(1, 1, 32, 16)",512,1,efficientnetb0/block1a_project_conv/kernel:0
block1a_project_bn/gamma:0,"(16,)",16,4,efficientnetb0/block1a_project_bn/beta:0 || efficientnetb0/block1a_project_bn/gamma:0 || efficientnetb0/block1a_project_bn/moving_mean:0 || efficientnetb0/block1a_project_bn/moving_variance:0
block1a_project_bn/beta:0,"(16,)",16,4,efficientnetb0/block1a_project_bn/beta:0 || efficientnetb0/block1a_project_bn/gamma:0 || efficientnetb0/block1a_project_bn/moving_mean:0 || efficientnetb0/block1a_project_bn/moving_variance:0
block1a_project_bn/moving_mean:0,"(16,)",16,4,efficientnetb0/block1a_project_bn/beta:0 || efficientnetb0/block1a_project_bn/gamma:0 || efficientnetb0/block1a_project_bn/moving_mean:0 || efficientnetb0/block1a_project_bn/moving_variance:0
block1a_project_bn/moving_variance:0,"(16,)",16,4,efficientnetb0/block1a_project_bn/beta:0 || efficientnetb0/block1a_project_bn/gamma:0 || efficientnetb0/block1a_project_bn/moving_mean:0 || efficientnetb0/block1a_project_bn/moving_variance:0
block2a_expand_conv/kernel:0,"(1, 1, 16, 96)",1536,1,efficientnetb0/block2a_expand_conv/kernel:0
block2a_expand_bn/gamma:0,"(96,)",96,9,efficientnetb0/block2a_bn/beta:0 || efficientnetb0/block2a_bn/gamma:0 || efficientnetb0/block2a_bn/moving_mean:0 || efficientnetb0/block2a_bn/moving_variance:0 || efficientnetb0/block2a_expand_bn/beta:0 || efficientnetb0/block2a_expand_bn/gamma:0 || efficientnetb0/block2a_expand_bn/moving_mean:0 || efficientnetb0/block2a_expand_bn/moving_variance:0 || efficientnetb0/block2a_se_expand/bias:0
block2a_expand_bn/beta:0,"(96,)",96,9,efficientnetb0/block2a_bn/beta:0 || efficientnetb0/block2a_bn/gamma:0 || efficientnetb0/block2a_bn/moving_mean:0 || efficientnetb0/block2a_bn/moving_variance:0 || efficientnetb0/block2a_expand_bn/beta:0 || efficientnetb0/block2a_expand_bn/gamma:0 || efficientnetb0/block2a_expand_bn/moving_mean:0 || efficientnetb0/block2a_expand_bn/moving_variance:0 || efficientnetb0/block2a_se_expand/bias:0
block2a_expand_bn/moving_mean:0,"(96,)",96,9,efficientnetb0/block2a_bn/beta:0 || efficientnetb0/block2a_bn/gamma:0 || efficientnetb0/block2a_bn/moving_mean:0 || efficientnetb0/block2a_bn/moving_variance:0 || efficientnetb0/block2a_expand_bn/beta:0 || efficientnetb0/block2a_expand_bn/gamma:0 || efficientnetb0/block2a_expand_bn/moving_mean:0 || efficientnetb0/block2a_expand_bn/moving_variance:0 || efficientnetb0/block2a_se_expand/bias:0
block2a_expand_bn/moving_variance:0,"(96,)",96,9,efficientnetb0/block2a_bn/beta:0 || efficientnetb0/block2a_bn/gamma:0 || efficientnetb0/block2a_bn/moving_mean:0 || efficientnetb0/block2a_bn/moving_variance:0 || efficientnetb0/block2a_expand_bn/beta:0 || efficientnetb0/block2a_expand_bn/gamma:0 || efficientnetb0/block2a_expand_bn/moving_mean:0 || efficientnetb0/block2a_expand_bn/moving_variance:0 || efficientnetb0/block2a_se_expand/bias:0
block2a_dwconv/depthwise_kernel:0,"(3, 3, 96, 1)",864,1,efficientnetb0/block2a_dwconv/depthwise_kernel:0
block2a_bn/gamma:0,"(96,)",96,9,efficientnetb0/block2a_bn/beta:0 || efficientnetb0/block2a_bn/gamma:0 || efficientnetb0/block2a_bn/moving_mean:0 || efficientnetb0/block2a_bn/moving_variance:0 || efficientnetb0/block2a_expand_bn/beta:0 || efficientnetb0/block2a_expand_bn/gamma:0 || efficientnetb0/block2a_expand_bn/moving_mean:0 || efficientnetb0/block2a_expand_bn/moving_variance:0 || efficientnetb0/block2a_se_expand/bias:0
block2a_bn/beta:0,"(96,)",96,9,efficientnetb0/block2a_bn/beta:0 || efficientnetb0/block2a_bn/gamma:0 || efficientnetb0/block2a_bn/moving_mean:0 || efficientnetb0/block2a_bn/moving_variance:0 || efficientnetb0/block2a_expand_bn/beta:0 || efficientnetb0/block2a_expand_bn/gamma:0 || efficientnetb0/block2a_expand_bn/moving_mean:0 || efficientnetb0/block2a_expand_bn/moving_variance:0 || efficientnetb0/block2a_se_expand/bias:0
block2a_bn/moving_mean:0,"(96,)",96,9,efficientnetb0/block2a_bn/beta:0 || efficientnetb0/block2a_bn/gamma:0 || efficientnetb0/block2a_bn/moving_mean:0 || efficientnetb0/block2a_bn/moving_variance:0 || efficientnetb0/block2a_expand_bn/beta:0 || efficientnetb0/block2a_expand_bn/gamma:0 || efficientnetb0/block2a_expand_bn/moving_mean:0 || efficientnetb0/block2a_expand_bn/moving_variance:0 || efficientnetb0/block2a_se_expand/bias:0
block2a_bn/moving_variance:0,"(96,)",96,9,efficientnetb0/block2a_bn/beta:0 || efficientnetb0/block2a_bn/gamma:0 || efficientnetb0/block2a_bn/moving_mean:0 || efficientnetb0/block2a_bn/moving_variance:0 || efficientnetb0/block2a_expand_bn/beta:0 || efficientnetb0/block2a_expand_bn/gamma:0 || efficientnetb0/block2a_expand_bn/moving_mean:0 || efficientnetb0/block2a_expand_bn/moving_variance:0 || efficientnetb0/block2a_se_expand/bias:0
block2a_se_reduce/kernel:0,"(1, 1, 96, 4)",384,1,efficientnetb0/block2a_se_reduce/kernel:0
block2a_se_reduce/bias:0,"(4,)",4,2,efficientnetb0/block2a_se_reduce/bias:0 || predictions/predictions/bias:0
block2a_se_expand/kernel:0,"(1, 1, 4, 96)",384,1,efficientnetb0/block2a_se_expand/kernel:0
block2a_se_expand/bias:0,"(96,)",96,9,efficientnetb0/block2a_bn/beta:0 || efficientnetb0/block2a_bn/gamma:0 || efficientnetb0/block2a_bn/moving_mean:0 || efficientnetb0/block2a_bn/moving_variance:0 || efficientnetb0/block2a_expand_bn/beta:0 || efficientnetb0/block2a_expand_bn/gamma:0 || efficientnetb0/block2a_expand_bn/moving_mean:0 || efficientnetb0/block2a_expand_bn/moving_variance:0 || efficientnetb0/block2a_se_expand/bias:0
block2a_project_conv/kernel:0,"(1, 1, 96, 24)",2304,1,efficientnetb0/block2a_project_conv/kernel:0
block2a_project_bn/gamma:0,"(24,)",24,8,efficientnetb0/block2a_project_bn/beta:0 || efficientnetb0/block2a_project_bn/gamma:0 || efficientnetb0/block2a_project_bn/moving_mean:0 || efficientnetb0/block2a_project_bn/moving_variance:0 || efficientnetb0/block2b_project_bn/beta:0 || efficientnetb0/block2b_project_bn/gamma:0 || efficientnetb0/block2b_project_bn/moving_mean:0 || efficientnetb0/block2b_project_bn/moving_variance:0
block2a_project_bn/beta:0,"(24,)",24,8,efficientnetb0/block2a_project_bn/beta:0 || efficientnetb0/block2a_project_bn/gamma:0 || efficientnetb0/block2a_project_bn/moving_mean:0 || efficientnetb0/block2a_project_bn/moving_variance:0 || efficientnetb0/block2b_project_bn/beta:0 || efficientnetb0/block2b_project_bn/gamma:0 || efficientnetb0/block2b_project_bn/moving_mean:0 || efficientnetb0/block2b_project_bn/moving_variance:0
block2a_project_bn/moving_mean:0,"(24,)",24,8,efficientnetb0/block2a_project_bn/beta:0 || efficientnetb0/block2a_project_bn/gamma:0 || efficientnetb0/block2a_project_bn/moving_mean:0 || efficientnetb0/block2a_project_bn/moving_variance:0 || efficientnetb0/block2b_project_bn/beta:0 || efficientnetb0/block2b_project_bn/gamma:0 || efficientnetb0/block2b_project_bn/moving_mean:0 || efficientnetb0/block2b_project_bn/moving_variance:0
block2a_project_bn/moving_variance:0,"(24,)",24,8,efficientnetb0/block2a_project_bn/beta:0 || efficientnetb0/block2a_project_bn/gamma:0 || efficientnetb0/block2a_project_bn/moving_mean:0 || efficientnetb0/block2a_project_bn/moving_variance:0 || efficientnetb0/block2b_project_bn/beta:0 || efficientnetb0/block2b_project_bn/gamma:0 || efficientnetb0/block2b_project_bn/moving_mean:0 || efficientnetb0/block2b_project_bn/moving_variance:0
block2b_expand_conv/kernel:0,"(1, 1, 24, 144)",3456,2,efficientnetb0/block2b_expand_conv/kernel:0 || efficientnetb0/block3a_expand_conv/kernel:0
block2b_expand_bn/gamma:0,"(144,)",144,18,efficientnetb0/block2b_bn/beta:0 || efficientnetb0/block2b_bn/gamma:0 || efficientnetb0/block2b_bn/moving_mean:0 || efficientnetb0/block2b_bn/moving_variance:0 || efficientnetb0/block2b_expand_bn/beta:0 || efficientnetb0/block2b_expand_bn/gamma:0 || efficientnetb0/block2b_expand_bn/moving_mean:0 || efficientnetb0/block2b_expand_bn/moving_variance:0 || efficientnetb0/block2b_se_expand/bias:0 || efficientnetb0/block3a_bn/beta:0 || efficientnetb0/block3a_bn/gamma:0 || efficientnetb0/block3a_bn/moving_mean:0 || efficientnetb0/block3a_bn/moving_variance:0 || efficientnetb0/block3a_expand_bn/beta:0 || efficientnetb0/block3a_expand_bn/gamma:0 || efficientnetb0/block3a_expand_bn/moving_mean:0 || efficientnetb0/block3a_expand_bn/moving_variance:0 || efficientnetb0/block3a_se_expand/bias:0
block2b_expand_bn/beta:0,"(144,)",144,18,efficientnetb0/block2b_bn/beta:0 || efficientnetb0/block2b_bn/gamma:0 || efficientnetb0/block2b_bn/moving_mean:0 || efficientnetb0/block2b_bn/moving_variance:0 || efficientnetb0/block2b_expand_bn/beta:0 || efficientnetb0/block2b_expand_bn/gamma:0 || efficientnetb0/block2b_expand_bn/moving_mean:0 || efficientnetb0/block2b_expand_bn/moving_variance:0 || efficientnetb0/block2b_se_expand/bias:0 || efficientnetb0/block3a_bn/beta:0 || efficientnetb0/block3a_bn/gamma:0 || efficientnetb0/block3a_bn/moving_mean:0 || efficientnetb0/block3a_bn/moving_variance:0 || efficientnetb0/block3a_expand_bn/beta:0 || efficientnetb0/block3a_expand_bn/gamma:0 || efficientnetb0/block3a_expand_bn/moving_mean:0 || efficientnetb0/block3a_expand_bn/moving_variance:0 || efficientnetb0/block3a_se_expand/bias:0
block2b_expand_bn/moving_mean:0,"(144,)",144,18,efficientnetb0/block2b_bn/beta:0 || efficientnetb0/block2b_bn/gamma:0 || efficientnetb0/block2b_bn/moving_mean:0 || efficientnetb0/block2b_bn/moving_variance:0 || efficientnetb0/block2b_expand_bn/beta:0 || efficientnetb0/block2b_expand_bn/gamma:0 || efficientnetb0/block2b_expand_bn/moving_mean:0 || efficientnetb0/block2b_expand_bn/moving_variance:0 || efficientnetb0/block2b_se_expand/bias:0 || efficientnetb0/block3a_bn/beta:0 || efficientnetb0/block3a_bn/gamma:0 || efficientnetb0/block3a_bn/moving_mean:0 || efficientnetb0/block3a_bn/moving_variance:0 || efficientnetb0/block3a_expand_bn/beta:0 || efficientnetb0/block3a_expand_bn/gamma:0 || efficientnetb0/block3a_expand_bn/moving_mean:0 || efficientnetb0/block3a_expand_bn/moving_variance:0 || efficientnetb0/block3a_se_expand/bias:0
block2b_expand_bn/moving_variance:0,"(144,)",144,18,efficientnetb0/block2b_bn/beta:0 || efficientnetb0/block2b_bn/gamma:0 || efficientnetb0/block2b_bn/moving_mean:0 || efficientnetb0/block2b_bn/moving_variance:0 || efficientnetb0/block2b_expand_bn/beta:0 || efficientnetb0/block2b_expand_bn/gamma:0 || efficientnetb0/block2b_expand_bn/moving_mean:0 || efficientnetb0/block2b_expand_bn/moving_variance:0 || efficientnetb0/block2b_se_expand/bias:0 || efficientnetb0/block3a_bn/beta:0 || efficientnetb0/block3a_bn/gamma:0 || efficientnetb0/block3a_bn/moving_mean:0 || efficientnetb0/block3a_bn/moving_variance:0 || efficientnetb0/block3a_expand_bn/beta:0 || efficientnetb0/block3a_expand_bn/gamma:0 || efficientnetb0/block3a_expand_bn/moving_mean:0 || efficientnetb0/block3a_expand_bn/moving_variance:0 || efficientnetb0/block3a_se_expand/bias:0
block2b_dwconv/depthwise_kernel:0,"(3, 3, 144, 1)",1296,1,efficientnetb0/block2b_dwconv/depthwise_kernel:0
block2b_bn/gamma:0,"(144,)",144,18,efficientnetb0/block2b_bn/beta:0 || efficientnetb0/block2b_bn/gamma:0 || efficientnetb0/block2b_bn/moving_mean:0 || efficientnetb0/block2b_bn/moving_variance:0 || efficientnetb0/block2b_expand_bn/beta:0 || efficientnetb0/block2b_expand_bn/gamma:0 || efficientnetb0/block2b_expand_bn/moving_mean:0 || efficientnetb0/block2b_expand_bn/moving_variance:0 || efficientnetb0/block2b_se_expand/bias:0 || efficientnetb0/block3a_bn/beta:0 || efficientnetb0/block3a_bn/gamma:0 || efficientnetb0/block3a_bn/moving_mean:0 || efficientnetb0/block3a_bn/moving_variance:0 || efficientnetb0/block3a_expand_bn/beta:0 || efficientnetb0/block3a_expand_bn/gamma:0 || efficientnetb0/block3a_expand_bn/moving_mean:0 || efficientnetb0/block3a_expand_bn/moving_variance:0 || efficientnetb0/block3a_se_expand/bias:0
block2b_bn/beta:0,"(144,)",144,18,efficientnetb0/block2b_bn/beta:0 || efficientnetb0/block2b_bn/gamma:0 || efficientnetb0/block2b_bn/moving_mean:0 || efficientnetb0/block2b_bn/moving_variance:0 || efficientnetb0/block2b_expand_bn/beta:0 || efficientnetb0/block2b_expand_bn/gamma:0 || efficientnetb0/block2b_expand_bn/moving_mean:0 || efficientnetb0/block2b_expand_bn/moving_variance:0 || efficientnetb0/block2b_se_expand/bias:0 || efficientnetb0/block3a_bn/beta:0 || efficientnetb0/block3a_bn/gamma:0 || efficientnetb0/block3a_bn/moving_mean:0 || efficientnetb0/block3a_bn/moving_variance:0 || efficientnetb0/block3a_expand_bn/beta:0 || efficientnetb0/block3a_expand_bn/gamma:0 || efficientnetb0/block3a_expand_bn/moving_mean:0 || efficientnetb0/block3a_expand_bn/moving_variance:0 || efficientnetb0/block3a_se_expand/bias:0
block2b_bn/moving_mean:0,"(144,)",144,18,efficientnetb0/block2b_bn/beta:0 || efficientnetb0/block2b_bn/gamma:0 || efficientnetb0/block2b_bn/moving_mean:0 || efficientnetb0/block2b_bn/moving_variance:0 || efficientnetb0/block2b_expand_bn/beta:0 || efficientnetb0/block2b_expand_bn/gamma:0 || efficientnetb0/block2b_expand_bn/moving_mean:0 || efficientnetb0/block2b_expand_bn/moving_variance:0 || efficientnetb0/block2b_se_expand/bias:0 || efficientnetb0/block3a_bn/beta:0 || efficientnetb0/block3a_bn/gamma:0 || efficientnetb0/block3a_bn/moving_mean:0 || efficientnetb0/block3a_bn/moving_variance:0 || efficientnetb0/block3a_expand_bn/beta:0 || efficientnetb0/block3a_expand_bn/gamma:0 || efficientnetb0/block3a_expand_bn/moving_mean:0 || efficientnetb0/block3a_expand_bn/moving_variance:0 || efficientnetb0/block3a_se_expand/bias:0
block2b_bn/moving_variance:0,"(144,)",144,18,efficientnetb0/block2b_bn/beta:0 || efficientnetb0/block2b_bn/gamma:0 || efficientnetb0/block2b_bn/moving_mean:0 || efficientnetb0/block2b_bn/moving_variance:0 || efficientnetb0/block2b_expand_bn/beta:0 || efficientnetb0/block2b_expand_bn/gamma:0 || efficientnetb0/block2b_expand_bn/moving_mean:0 || efficientnetb0/block2b_expand_bn/moving_variance:0 || efficientnetb0/block2b_se_expand/bias:0 || efficientnetb0/block3a_bn/beta:0 || efficientnetb0/block3a_bn/gamma:0 || efficientnetb0/block3a_bn/moving_mean:0 || efficientnetb0/block3a_bn/moving_variance:0 || efficientnetb0/block3a_expand_bn/beta:0 || efficientnetb0/block3a_expand_bn/gamma:0 || efficientnetb0/block3a_expand_bn/moving_mean:0 || efficientnetb0/block3a_expand_bn/moving_variance:0 || efficientnetb0/block3a_se_expand/bias:0
block2b_se_reduce/kernel:0,"(1, 1, 144, 6)",864,2,efficientnetb0/block2b_se_reduce/kernel:0 || efficientnetb0/block3a_se_reduce/kernel:0
block2b_se_reduce/bias:0,"(6,)",6,2,efficientnetb0/block2b_se_reduce/bias:0 || efficientnetb0/block3a_se_reduce/bias:0
block2b_se_expand/kernel:0,"(1, 1, 6, 144)",864,2,efficientnetb0/block2b_se_expand/kernel:0 || efficientnetb0/block3a_se_expand/kernel:0
block2b_se_expand/bias:0,"(144,)",144,18,efficientnetb0/block2b_bn/beta:0 || efficientnetb0/block2b_bn/gamma:0 || efficientnetb0/block2b_bn/moving_mean:0 || efficientnetb0/block2b_bn/moving_variance:0 || efficientnetb0/block2b_expand_bn/beta:0 || efficientnetb0/block2b_expand_bn/gamma:0 || efficientnetb0/block2b_expand_bn/moving_mean:0 || efficientnetb0/block2b_expand_bn/moving_variance:0 || efficientnetb0/block2b_se_expand/bias:0 || efficientnetb0/block3a_bn/beta:0 || efficientnetb0/block3a_bn/gamma:0 || efficientnetb0/block3a_bn/moving_mean:0 || efficientnetb0/block3a_bn/moving_variance:0 || efficientnetb0/block3a_expand_bn/beta:0 || efficientnetb0/block3a_expand_bn/gamma:0 || efficientnetb0/block3a_expand_bn/moving_mean:0 || efficientnetb0/block3a_expand_bn/moving_variance:0 || efficientnetb0/block3a_se_expand/bias:0
block2b_project_conv/kernel:0,"(1, 1, 144, 24)",3456,1,efficientnetb0/block2b_project_conv/kernel:0
block2b_project_bn/gamma:0,"(24,)",24,8,efficientnetb0/block2a_project_bn/beta:0 || efficientnetb0/block2a_project_bn/gamma:0 || efficientnetb0/block2a_project_bn/moving_mean:0 || efficientnetb0/block2a_project_bn/moving_variance:0 || efficientnetb0/block2b_project_bn/beta:0 || efficientnetb0/block2b_project_bn/gamma:0 || efficientnetb0/block2b_project_bn/moving_mean:0 || efficientnetb0/block2b_project_bn/moving_variance:0
block2b_project_bn/beta:0,"(24,)",24,8,efficientnetb0/block2a_project_bn/beta:0 || efficientnetb0/block2a_project_bn/gamma:0 || efficientnetb0/block2a_project_bn/moving_mean:0 || efficientnetb0/block2a_project_bn/moving_variance:0 || efficientnetb0/block2b_project_bn/beta:0 || efficientnetb0/block2b_project_bn/gamma:0 || efficientnetb0/block2b_project_bn/moving_mean:0 || efficientnetb0/block2b_project_bn/moving_variance:0
block2b_project_bn/moving_mean:0,"(24,)",24,8,efficientnetb0/block2a_project_bn/beta:0 || efficientnetb0/block2a_project_bn/gamma:0 || efficientnetb0/block2a_project_bn/moving_mean:0 || efficientnetb0/block2a_project_bn/moving_variance:0 || efficientnetb0/block2b_project_bn/beta:0 || efficientnetb0/block2b_project_bn/gamma:0 || efficientnetb0/block2b_project_bn/moving_mean:0 || efficientnetb0/block2b_project_bn/moving_variance:0
block2b_project_bn/moving_variance:0,"(24,)",24,8,efficientnetb0/block2a_project_bn/beta:0 || efficientnetb0/block2a_project_bn/gamma:0 || efficientnetb0/block2a_project_bn/moving_mean:0 || efficientnetb0/block2a_project_bn/moving_variance:0 || efficientnetb0/block2b_project_bn/beta:0 || efficientnetb0/block2b_project_bn/gamma:0 || efficientnetb0/block2b_project_bn/moving_mean:0 || efficientnetb0/block2b_project_bn/moving_variance:0
block3a_expand_conv/kernel:0,"(1, 1, 24, 144)",3456,2,efficientnetb0/block2b_expand_conv/kernel:0 || efficientnetb0/block3a_expand_conv/kernel:0
block3a_expand_bn/gamma:0,"(144,)",144,18,efficientnetb0/block2b_bn/beta:0 || efficientnetb0/block2b_bn/gamma:0 || efficientnetb0/block2b_bn/moving_mean:0 || efficientnetb0/block2b_bn/moving_variance:0 || efficientnetb0/block2b_expand_bn/beta:0 || efficientnetb0/block2b_expand_bn/gamma:0 || efficientnetb0/block2b_expand_bn/moving_mean:0 || efficientnetb0/block2b_expand_bn/moving_variance:0 || efficientnetb0/block2b_se_expand/bias:0 || efficientnetb0/block3a_bn/beta:0 || efficientnetb0/block3a_bn/gamma:0 || efficientnetb0/block3a_bn/moving_mean:0 || efficientnetb0/block3a_bn/moving_variance:0 || efficientnetb0/block3a_expand_bn/beta:0 || efficientnetb0/block3a_expand_bn/gamma:0 || efficientnetb0/block3a_expand_bn/moving_mean:0 || efficientnetb0/block3a_expand_bn/moving_variance:0 || efficientnetb0/block3a_se_expand/bias:0
block3a_expand_bn/beta:0,"(144,)",144,18,efficientnetb0/block2b_bn/beta:0 || efficientnetb0/block2b_bn/gamma:0 || efficientnetb0/block2b_bn/moving_mean:0 || efficientnetb0/block2b_bn/moving_variance:0 || efficientnetb0/block2b_expand_bn/beta:0 || efficientnetb0/block2b_expand_bn/gamma:0 || efficientnetb0/block2b_expand_bn/moving_mean:0 || efficientnetb0/block2b_expand_bn/moving_variance:0 || efficientnetb0/block2b_se_expand/bias:0 || efficientnetb0/block3a_bn/beta:0 || efficientnetb0/block3a_bn/gamma:0 || efficientnetb0/block3a_bn/moving_mean:0 || efficientnetb0/block3a_bn/moving_variance:0 || efficientnetb0/block3a_expand_bn/beta:0 || efficientnetb0/block3a_expand_bn/gamma:0 || efficientnetb0/block3a_expand_bn/moving_mean:0 || efficientnetb0/block3a_expand_bn/moving_variance:0 || efficientnetb0/block3a_se_expand/bias:0
block3a_expand_bn/moving_mean:0,"(144,)",144,18,efficientnetb0/block2b_bn/beta:0 || efficientnetb0/block2b_bn/gamma:0 || efficientnetb0/block2b_bn/moving_mean:0 || efficientnetb0/block2b_bn/moving_variance:0 || efficientnetb0/block2b_expand_bn/beta:0 || efficientnetb0/block2b_expand_bn/gamma:0 || efficientnetb0/block2b_expand_bn/moving_mean:0 || efficientnetb0/block2b_expand_bn/moving_variance:0 || efficientnetb0/block2b_se_expand/bias:0 || efficientnetb0/block3a_bn/beta:0 || efficientnetb0/block3a_bn/gamma:0 || efficientnetb0/block3a_bn/moving_mean:0 || efficientnetb0/block3a_bn/moving_variance:0 || efficientnetb0/block3a_expand_bn/beta:0 || efficientnetb0/block3a_expand_bn/gamma:0 || efficientnetb0/block3a_expand_bn/moving_mean:0 || efficientnetb0/block3a_expand_bn/moving_variance:0 || efficientnetb0/block3a_se_expand/bias:0
block3a_expand_bn/moving_variance:0,"(144,)",144,18,efficientnetb0/block2b_bn/beta:0 || efficientnetb0/block2b_bn/gamma:0 || efficientnetb0/block2b_bn/moving_mean:0 || efficientnetb0/block2b_bn/moving_variance:0 || efficientnetb0/block2b_expand_bn/beta:0 || efficientnetb0/block2b_expand_bn/gamma:0 || efficientnetb0/block2b_expand_bn/moving_mean:0 || efficientnetb0/block2b_expand_bn/moving_variance:0 || efficientnetb0/block2b_se_expand/bias:0 || efficientnetb0/block3a_bn/beta:0 || efficientnetb0/block3a_bn/gamma:0 || efficientnetb0/block3a_bn/moving_mean:0 || efficientnetb0/block3a_bn/moving_variance:0 || efficientnetb0/block3a_expand_bn/beta:0 || efficientnetb0/block3a_expand_bn/gamma:0 || efficientnetb0/block3a_expand_bn/moving_mean:0 || efficientnetb0/block3a_expand_bn/moving_variance:0 || efficientnetb0/block3a_se_expand/bias:0
block3a_dwconv/depthwise_kernel:0,"(5, 5, 144, 1)",3600,1,efficientnetb0/block3a_dwconv/depthwise_kernel:0
block3a_bn/gamma:0,"(144,)",144,18,efficientnetb0/block2b_bn/beta:0 || efficientnetb0/block2b_bn/gamma:0 || efficientnetb0/block2b_bn/moving_mean:0 || efficientnetb0/block2b_bn/moving_variance:0 || efficientnetb0/block2b_expand_bn/beta:0 || efficientnetb0/block2b_expand_bn/gamma:0 || efficientnetb0/block2b_expand_bn/moving_mean:0 || efficientnetb0/block2b_expand_bn/moving_variance:0 || efficientnetb0/block2b_se_expand/bias:0 || efficientnetb0/block3a_bn/beta:0 || efficientnetb0/block3a_bn/gamma:0 || efficientnetb0/block3a_bn/moving_mean:0 || efficientnetb0/block3a_bn/moving_variance:0 || efficientnetb0/block3a_expand_bn/beta:0 || efficientnetb0/block3a_expand_bn/gamma:0 || efficientnetb0/block3a_expand_bn/moving_mean:0 || efficientnetb0/block3a_expand_bn/moving_variance:0 || efficientnetb0/block3a_se_expand/bias:0
block3a_bn/beta:0,"(144,)",144,18,efficientnetb0/block2b_bn/beta:0 || efficientnetb0/block2b_bn/gamma:0 || efficientnetb0/block2b_bn/moving_mean:0 || efficientnetb0/block2b_bn/moving_variance:0 || efficientnetb0/block2b_expand_bn/beta:0 || efficientnetb0/block2b_expand_bn/gamma:0 || efficientnetb0/block2b_expand_bn/moving_mean:0 || efficientnetb0/block2b_expand_bn/moving_variance:0 || efficientnetb0/block2b_se_expand/bias:0 || efficientnetb0/block3a_bn/beta:0 || efficientnetb0/block3a_bn/gamma:0 || efficientnetb0/block3a_bn/moving_mean:0 || efficientnetb0/block3a_bn/moving_variance:0 || efficientnetb0/block3a_expand_bn/beta:0 || efficientnetb0/block3a_expand_bn/gamma:0 || efficientnetb0/block3a_expand_bn/moving_mean:0 || efficientnetb0/block3a_expand_bn/moving_variance:0 || efficientnetb0/block3a_se_expand/bias:0
block3a_bn/moving_mean:0,"(144,)",144,18,efficientnetb0/block2b_bn/beta:0 || efficientnetb0/block2b_bn/gamma:0 || efficientnetb0/block2b_bn/moving_mean:0 || efficientnetb0/block2b_bn/moving_variance:0 || efficientnetb0/block2b_expand_bn/beta:0 || efficientnetb0/block2b_expand_bn/gamma:0 || efficientnetb0/block2b_expand_bn/moving_mean:0 || efficientnetb0/block2b_expand_bn/moving_variance:0 || efficientnetb0/block2b_se_expand/bias:0 || efficientnetb0/block3a_bn/beta:0 || efficientnetb0/block3a_bn/gamma:0 || efficientnetb0/block3a_bn/moving_mean:0 || efficientnetb0/block3a_bn/moving_variance:0 || efficientnetb0/block3a_expand_bn/beta:0 || efficientnetb0/block3a_expand_bn/gamma:0 || efficientnetb0/block3a_expand_bn/moving_mean:0 || efficientnetb0/block3a_expand_bn/moving_variance:0 || efficientnetb0/block3a_se_expand/bias:0
block3a_bn/moving_variance:0,"(144,)",144,18,efficientnetb0/block2b_bn/beta:0 || efficientnetb0/block2b_bn/gamma:0 || efficientnetb0/block2b_bn/moving_mean:0 || efficientnetb0/block2b_bn/moving_variance:0 || efficientnetb0/block2b_expand_bn/beta:0 || efficientnetb0/block2b_expand_bn/gamma:0 || efficientnetb0/block2b_expand_bn/moving_mean:0 || efficientnetb0/block2b_expand_bn/moving_variance:0 || efficientnetb0/block2b_se_expand/bias:0 || efficientnetb0/block3a_bn/beta:0 || efficientnetb0/block3a_bn/gamma:0 || efficientnetb0/block3a_bn/moving_mean:0 || efficientnetb0/block3a_bn/moving_variance:0 || efficientnetb0/block3a_expand_bn/beta:0 || efficientnetb0/block3a_expand_bn/gamma:0 || efficientnetb0/block3a_expand_bn/moving_mean:0 || efficientnetb0/block3a_expand_bn/moving_variance:0 || efficientnetb0/block3a_se_expand/bias:0
block3a_se_reduce/kernel:0,"(1, 1, 144, 6)",864,2,efficientnetb0/block2b_se_reduce/kernel:0 || efficientnetb0/block3a_se_reduce/kernel:0
block3a_se_reduce/bias:0,"(6,)",6,2,efficientnetb0/block2b_se_reduce/bias:0 || efficientnetb0/block3a_se_reduce/bias:0
block3a_se_expand/kernel:0,"(1, 1, 6, 144)",864,2,efficientnetb0/block2b_se_expand/kernel:0 || efficientnetb0/block3a_se_expand/kernel:0
block3a_se_expand/bias:0,"(144,)",144,18,efficientnetb0/block2b_bn/beta:0 || efficientnetb0/block2b_bn/gamma:0 || efficientnetb0/block2b_bn/moving_mean:0 || efficientnetb0/block2b_bn/moving_variance:0 || efficientnetb0/block2b_expand_bn/beta:0 || efficientnetb0/block2b_expand_bn/gamma:0 || efficientnetb0/block2b_expand_bn/moving_mean:0 || efficientnetb0/block2b_expand_bn/moving_variance:0 || efficientnetb0/block2b_se_expand/bias:0 || efficientnetb0/block3a_bn/beta:0 || efficientnetb0/block3a_bn/gamma:0 || efficientnetb0/block3a_bn/moving_mean:0 || efficientnetb0/block3a_bn/moving_variance:0 || efficientnetb0/block3a_expand_bn/beta:0 || efficientnetb0/block3a_expand_bn/gamma:0 || efficientnetb0/block3a_expand_bn/moving_mean:0 || efficientnetb0/block3a_expand_bn/moving_variance:0 || efficientnetb0/block3a_se_expand/bias:0
block3a_project_conv/kernel:0,"(1, 1, 144, 40)",5760,1,efficientnetb0/block3a_project_conv/kernel:0
block3a_project_bn/gamma:0,"(40,)",40,8,efficientnetb0/block3a_project_bn/beta:0 || efficientnetb0/block3a_project_bn/gamma:0 || efficientnetb0/block3a_project_bn/moving_mean:0 || efficientnetb0/block3a_project_bn/moving_variance:0 || efficientnetb0/block3b_project_bn/beta:0 || efficientnetb0/block3b_project_bn/gamma:0 || efficientnetb0/block3b_project_bn/moving_mean:0 || efficientnetb0/block3b_project_bn/moving_variance:0
block3a_project_bn/beta:0,"(40,)",40,8,efficientnetb0/block3a_project_bn/beta:0 || efficientnetb0/block3a_project_bn/gamma:0 || efficientnetb0/block3a_project_bn/moving_mean:0 || efficientnetb0/block3a_project_bn/moving_variance:0 || efficientnetb0/block3b_project_bn/beta:0 || efficientnetb0/block3b_project_bn/gamma:0 || efficientnetb0/block3b_project_bn/moving_mean:0 || efficientnetb0/block3b_project_bn/moving_variance:0
block3a_project_bn/moving_mean:0,"(40,)",40,8,efficientnetb0/block3a_project_bn/beta:0 || efficientnetb0/block3a_project_bn/gamma:0 || efficientnetb0/block3a_project_bn/moving_mean:0 || efficientnetb0/block3a_project_bn/moving_variance:0 || efficientnetb0/block3b_project_bn/beta:0 || efficientnetb0/block3b_project_bn/gamma:0 || efficientnetb0/block3b_project_bn/moving_mean:0 || efficientnetb0/block3b_project_bn/moving_variance:0
block3a_project_bn/moving_variance:0,"(40,)",40,8,efficientnetb0/block3a_project_bn/beta:0 || efficientnetb0/block3a_project_bn/gamma:0 || efficientnetb0/block3a_project_bn/moving_mean:0 || efficientnetb0/block3a_project_bn/moving_variance:0 || efficientnetb0/block3b_project_bn/beta:0 || efficientnetb0/block3b_project_bn/gamma:0 || efficientnetb0/block3b_project_bn/moving_mean:0 || efficientnetb0/block3b_project_bn/moving_variance:0
block3b_expand_conv/kernel:0,"(1, 1, 40, 240)",9600,2,efficientnetb0/block3b_expand_conv/kernel:0 || efficientnetb0/block4a_expand_conv/kernel:0
block3b_expand_bn/gamma:0,"(240,)",240,18,efficientnetb0/block3b_bn/beta:0 || efficientnetb0/block3b_bn/gamma:0 || efficientnetb0/block3b_bn/moving_mean:0 || efficientnetb0/block3b_bn/moving_variance:0 || efficientnetb0/block3b_expand_bn/beta:0 || efficientnetb0/block3b_expand_bn/gamma:0 || efficientnetb0/block3b_expand_bn/moving_mean:0 || efficientnetb0/block3b_expand_bn/moving_variance:0 || efficientnetb0/block3b_se_expand/bias:0 || efficientnetb0/block4a_bn/beta:0 || efficientnetb0/block4a_bn/gamma:0 || efficientnetb0/block4a_bn/moving_mean:0 || efficientnetb0/block4a_bn/moving_variance:0 || efficientnetb0/block4a_expand_bn/beta:0 || efficientnetb0/block4a_expand_bn/gamma:0 || efficientnetb0/block4a_expand_bn/moving_mean:0 || efficientnetb0/block4a_expand_bn/moving_variance:0 || efficientnetb0/block4a_se_expand/bias:0
block3b_expand_bn/beta:0,"(240,)",240,18,efficientnetb0/block3b_bn/beta:0 || efficientnetb0/block3b_bn/gamma:0 || efficientnetb0/block3b_bn/moving_mean:0 || efficientnetb0/block3b_bn/moving_variance:0 || efficientnetb0/block3b_expand_bn/beta:0 || efficientnetb0/block3b_expand_bn/gamma:0 || efficientnetb0/block3b_expand_bn/moving_mean:0 || efficientnetb0/block3b_expand_bn/moving_variance:0 || efficientnetb0/block3b_se_expand/bias:0 || efficientnetb0/block4a_bn/beta:0 || efficientnetb0/block4a_bn/gamma:0 || efficientnetb0/block4a_bn/moving_mean:0 || efficientnetb0/block4a_bn/moving_variance:0 || efficientnetb0/block4a_expand_bn/beta:0 || efficientnetb0/block4a_expand_bn/gamma:0 || efficientnetb0/block4a_expand_bn/moving_mean:0 || efficientnetb0/block4a_expand_bn/moving_variance:0 || efficientnetb0/block4a_se_expand/bias:0
block3b_expand_bn/moving_mean:0,"(240,)",240,18,efficientnetb0/block3b_bn/beta:0 || efficientnetb0/block3b_bn/gamma:0 || efficientnetb0/block3b_bn/moving_mean:0 || efficientnetb0/block3b_bn/moving_variance:0 || efficientnetb0/block3b_expand_bn/beta:0 || efficientnetb0/block3b_expand_bn/gamma:0 || efficientnetb0/block3b_expand_bn/moving_mean:0 || efficientnetb0/block3b_expand_bn/moving_variance:0 || efficientnetb0/block3b_se_expand/bias:0 || efficientnetb0/block4a_bn/beta:0 || efficientnetb0/block4a_bn/gamma:0 || efficientnetb0/block4a_bn/moving_mean:0 || efficientnetb0/block4a_bn/moving_variance:0 || efficientnetb0/block4a_expand_bn/beta:0 || efficientnetb0/block4a_expand_bn/gamma:0 || efficientnetb0/block4a_expand_bn/moving_mean:0 || efficientnetb0/block4a_expand_bn/moving_variance:0 || efficientnetb0/block4a_se_expand/bias:0
block3b_expand_bn/moving_variance:0,"(240,)",240,18,efficientnetb0/block3b_bn/beta:0 || efficientnetb0/block3b_bn/gamma:0 || efficientnetb0/block3b_bn/moving_mean:0 || efficientnetb0/block3b_bn/moving_variance:0 || efficientnetb0/block3b_expand_bn/beta:0 || efficientnetb0/block3b_expand_bn/gamma:0 || efficientnetb0/block3b_expand_bn/moving_mean:0 || efficientnetb0/block3b_expand_bn/moving_variance:0 || efficientnetb0/block3b_se_expand/bias:0 || efficientnetb0/block4a_bn/beta:0 || efficientnetb0/block4a_bn/gamma:0 || efficientnetb0/block4a_bn/moving_mean:0 || efficientnetb0/block4a_bn/moving_variance:0 || efficientnetb0/block4a_expand_bn/beta:0 || efficientnetb0/block4a_expand_bn/gamma:0 || efficientnetb0/block4a_expand_bn/moving_mean:0 || efficientnetb0/block4a_expand_bn/moving_variance:0 || efficientnetb0/block4a_se_expand/bias:0
block3b_dwconv/depthwise_kernel:0,"(5, 5, 240, 1)",6000,1,efficientnetb0/block3b_dwconv/depthwise_kernel:0
block3b_bn/gamma:0,"(240,)",240,18,efficientnetb0/block3b_bn/beta:0 || efficientnetb0/block3b_bn/gamma:0 || efficientnetb0/block3b_bn/moving_mean:0 || efficientnetb0/block3b_bn/moving_variance:0 || efficientnetb0/block3b_expand_bn/beta:0 || efficientnetb0/block3b_expand_bn/gamma:0 || efficientnetb0/block3b_expand_bn/moving_mean:0 || efficientnetb0/block3b_expand_bn/moving_variance:0 || efficientnetb0/block3b_se_expand/bias:0 || efficientnetb0/block4a_bn/beta:0 || efficientnetb0/block4a_bn/gamma:0 || efficientnetb0/block4a_bn/moving_mean:0 || efficientnetb0/block4a_bn/moving_variance:0 || efficientnetb0/block4a_expand_bn/beta:0 || efficientnetb0/block4a_expand_bn/gamma:0 || efficientnetb0/block4a_expand_bn/moving_mean:0 || efficientnetb0/block4a_expand_bn/moving_variance:0 || efficientnetb0/block4a_se_expand/bias:0
block3b_bn/beta:0,"(240,)",240,18,efficientnetb0/block3b_bn/beta:0 || efficientnetb0/block3b_bn/gamma:0 || efficientnetb0/block3b_bn/moving_mean:0 || efficientnetb0/block3b_bn/moving_variance:0 || efficientnetb0/block3b_expand_bn/beta:0 || efficientnetb0/block3b_expand_bn/gamma:0 || efficientnetb0/block3b_expand_bn/moving_mean:0 || efficientnetb0/block3b_expand_bn/moving_variance:0 || efficientnetb0/block3b_se_expand/bias:0 || efficientnetb0/block4a_bn/beta:0 || efficientnetb0/block4a_bn/gamma:0 || efficientnetb0/block4a_bn/moving_mean:0 || efficientnetb0/block4a_bn/moving_variance:0 || efficientnetb0/block4a_expand_bn/beta:0 || efficientnetb0/block4a_expand_bn/gamma:0 || efficientnetb0/block4a_expand_bn/moving_mean:0 || efficientnetb0/block4a_expand_bn/moving_variance:0 || efficientnetb0/block4a_se_expand/bias:0
block3b_bn/moving_mean:0,"(240,)",240,18,efficientnetb0/block3b_bn/beta:0 || efficientnetb0/block3b_bn/gamma:0 || efficientnetb0/block3b_bn/moving_mean:0 || efficientnetb0/block3b_bn/moving_variance:0 || efficientnetb0/block3b_expand_bn/beta:0 || efficientnetb0/block3b_expand_bn/gamma:0 || efficientnetb0/block3b_expand_bn/moving_mean:0 || efficientnetb0/block3b_expand_bn/moving_variance:0 || efficientnetb0/block3b_se_expand/bias:0 || efficientnetb0/block4a_bn/beta:0 || efficientnetb0/block4a_bn/gamma:0 || efficientnetb0/block4a_bn/moving_mean:0 || efficientnetb0/block4a_bn/moving_variance:0 || efficientnetb0/block4a_expand_bn/beta:0 || efficientnetb0/block4a_expand_bn/gamma:0 || efficientnetb0/block4a_expand_bn/moving_mean:0 || efficientnetb0/block4a_expand_bn/moving_variance:0 || efficientnetb0/block4a_se_expand/bias:0
block3b_bn/moving_variance:0,"(240,)",240,18,efficientnetb0/block3b_bn/beta:0 || efficientnetb0/block3b_bn/gamma:0 || efficientnetb0/block3b_bn/moving_mean:0 || efficientnetb0/block3b_bn/moving_variance:0 || efficientnetb0/block3b_expand_bn/beta:0 || efficientnetb0/block3b_expand_bn/gamma:0 || efficientnetb0/block3b_expand_bn/moving_mean:0 || efficientnetb0/block3b_expand_bn/moving_variance:0 || efficientnetb0/block3b_se_expand/bias:0 || efficientnetb0/block4a_bn/beta:0 || efficientnetb0/block4a_bn/gamma:0 || efficientnetb0/block4a_bn/moving_mean:0 || efficientnetb0/block4a_bn/moving_variance:0 || efficientnetb0/block4a_expand_bn/beta:0 || efficientnetb0/block4a_expand_bn/gamma:0 || efficientnetb0/block4a_expand_bn/moving_mean:0 || efficientnetb0/block4a_expand_bn/moving_variance:0 || efficientnetb0/block4a_se_expand/bias:0
block3b_se_reduce/kernel:0,"(1, 1, 240, 10)",2400,2,efficientnetb0/block3b_se_reduce/kernel:0 || efficientnetb0/block4a_se_reduce/kernel:0
block3b_se_reduce/bias:0,"(10,)",10,2,efficientnetb0/block3b_se_reduce/bias:0 || efficientnetb0/block4a_se_reduce/bias:0
block3b_se_expand/kernel:0,"(1, 1, 10, 240)",2400,2,efficientnetb0/block3b_se_expand/kernel:0 || efficientnetb0/block4a_se_expand/kernel:0
block3b_se_expand/bias:0,"(240,)",240,18,efficientnetb0/block3b_bn/beta:0 || efficientnetb0/block3b_bn/gamma:0 || efficientnetb0/block3b_bn/moving_mean:0 || efficientnetb0/block3b_bn/moving_variance:0 || efficientnetb0/block3b_expand_bn/beta:0 || efficientnetb0/block3b_expand_bn/gamma:0 || efficientnetb0/block3b_expand_bn/moving_mean:0 || efficientnetb0/block3b_expand_bn/moving_variance:0 || efficientnetb0/block3b_se_expand/bias:0 || efficientnetb0/block4a_bn/beta:0 || efficientnetb0/block4a_bn/gamma:0 || efficientnetb0/block4a_bn/moving_mean:0 || efficientnetb0/block4a_bn/moving_variance:0 || efficientnetb0/block4a_expand_bn/beta:0 || efficientnetb0/block4a_expand_bn/gamma:0 || efficientnetb0/block4a_expand_bn/moving_mean:0 || efficientnetb0/block4a_expand_bn/moving_variance:0 || efficientnetb0/block4a_se_expand/bias:0
block3b_project_conv/kernel:0,"(1, 1, 240, 40)",9600,1,efficientnetb0/block3b_project_conv/kernel:0
block3b_project_bn/gamma:0,"(40,)",40,8,efficientnetb0/block3a_project_bn/beta:0 || efficientnetb0/block3a_project_bn/gamma:0 || efficientnetb0/block3a_project_bn/moving_mean:0 || efficientnetb0/block3a_project_bn/moving_variance:0 || efficientnetb0/block3b_project_bn/beta:0 || efficientnetb0/block3b_project_bn/gamma:0 || efficientnetb0/block3b_project_bn/moving_mean:0 || efficientnetb0/block3b_project_bn/moving_variance:0
block3b_project_bn/beta:0,"(40,)",40,8,efficientnetb0/block3a_project_bn/beta:0 || efficientnetb0/block3a_project_bn/gamma:0 || efficientnetb0/block3a_project_bn/moving_mean:0 || efficientnetb0/block3a_project_bn/moving_variance:0 || efficientnetb0/block3b_project_bn/beta:0 || efficientnetb0/block3b_project_bn/gamma:0 || efficientnetb0/block3b_project_bn/moving_mean:0 || efficientnetb0/block3b_project_bn/moving_variance:0
block3b_project_bn/moving_mean:0,"(40,)",40,8,efficientnetb0/block3a_project_bn/beta:0 || efficientnetb0/block3a_project_bn/gamma:0 || efficientnetb0/block3a_project_bn/moving_mean:0 || efficientnetb0/block3a_project_bn/moving_variance:0 || efficientnetb0/block3b_project_bn/beta:0 || efficientnetb0/block3b_project_bn/gamma:0 || efficientnetb0/block3b_project_bn/moving_mean:0 || efficientnetb0/block3b_project_bn/moving_variance:0
block3b_project_bn/moving_variance:0,"(40,)",40,8,efficientnetb0/block3a_project_bn/beta:0 || efficientnetb0/block3a_project_bn/gamma:0 || efficientnetb0/block3a_project_bn/moving_mean:0 || efficientnetb0/block3a_project_bn/moving_variance:0 || efficientnetb0/block3b_project_bn/beta:0 || efficientnetb0/block3b_project_bn/gamma:0 || efficientnetb0/block3b_project_bn/moving_mean:0 || efficientnetb0/block3b_project_bn/moving_variance:0
block4a_expand_conv/kernel:0,"(1, 1, 40, 240)",9600,2,efficientnetb0/block3b_expand_conv/kernel:0 || efficientnetb0/block4a_expand_conv/kernel:0
block4a_expand_bn/gamma:0,"(240,)",240,18,efficientnetb0/block3b_bn/beta:0 || efficientnetb0/block3b_bn/gamma:0 || efficientnetb0/block3b_bn/moving_mean:0 || efficientnetb0/block3b_bn/moving_variance:0 || efficientnetb0/block3b_expand_bn/beta:0 || efficientnetb0/block3b_expand_bn/gamma:0 || efficientnetb0/block3b_expand_bn/moving_mean:0 || efficientnetb0/block3b_expand_bn/moving_variance:0 || efficientnetb0/block3b_se_expand/bias:0 || efficientnetb0/block4a_bn/beta:0 || efficientnetb0/block4a_bn/gamma:0 || efficientnetb0/block4a_bn/moving_mean:0 || efficientnetb0/block4a_bn/moving_variance:0 || efficientnetb0/block4a_expand_bn/beta:0 || efficientnetb0/block4a_expand_bn/gamma:0 || efficientnetb0/block4a_expand_bn/moving_mean:0 || efficientnetb0/block4a_expand_bn/moving_variance:0 || efficientnetb0/block4a_se_expand/bias:0
block4a_expand_bn/beta:0,"(240,)",240,18,efficientnetb0/block3b_bn/beta:0 || efficientnetb0/block3b_bn/gamma:0 || efficientnetb0/block3b_bn/moving_mean:0 || efficientnetb0/block3b_bn/moving_variance:0 || efficientnetb0/block3b_expand_bn/beta:0 || efficientnetb0/block3b_expand_bn/gamma:0 || efficientnetb0/block3b_expand_bn/moving_mean:0 || efficientnetb0/block3b_expand_bn/moving_variance:0 || efficientnetb0/block3b_se_expand/bias:0 || efficientnetb0/block4a_bn/beta:0 || efficientnetb0/block4a_bn/gamma:0 || efficientnetb0/block4a_bn/moving_mean:0 || efficientnetb0/block4a_bn/moving_variance:0 || efficientnetb0/block4a_expand_bn/beta:0 || efficientnetb0/block4a_expand_bn/gamma:0 || efficientnetb0/block4a_expand_bn/moving_mean:0 || efficientnetb0/block4a_expand_bn/moving_variance:0 || efficientnetb0/block4a_se_expand/bias:0
block4a_expand_bn/moving_mean:0,"(240,)",240,18,efficientnetb0/block3b_bn/beta:0 || efficientnetb0/block3b_bn/gamma:0 || efficientnetb0/block3b_bn/moving_mean:0 || efficientnetb0/block3b_bn/moving_variance:0 || efficientnetb0/block3b_expand_bn/beta:0 || efficientnetb0/block3b_expand_bn/gamma:0 || efficientnetb0/block3b_expand_bn/moving_mean:0 || efficientnetb0/block3b_expand_bn/moving_variance:0 || efficientnetb0/block3b_se_expand/bias:0 || efficientnetb0/block4a_bn/beta:0 || efficientnetb0/block4a_bn/gamma:0 || efficientnetb0/block4a_bn/moving_mean:0 || efficientnetb0/block4a_bn/moving_variance:0 || efficientnetb0/block4a_expand_bn/beta:0 || efficientnetb0/block4a_expand_bn/gamma:0 || efficientnetb0/block4a_expand_bn/moving_mean:0 || efficientnetb0/block4a_expand_bn/moving_variance:0 || efficientnetb0/block4a_se_expand/bias:0
block4a_expand_bn/moving_variance:0,"(240,)",240,18,efficientnetb0/block3b_bn/beta:0 || efficientnetb0/block3b_bn/gamma:0 || efficientnetb0/block3b_bn/moving_mean:0 || efficientnetb0/block3b_bn/moving_variance:0 || efficientnetb0/block3b_expand_bn/beta:0 || efficientnetb0/block3b_expand_bn/gamma:0 || efficientnetb0/block3b_expand_bn/moving_mean:0 || efficientnetb0/block3b_expand_bn/moving_variance:0 || efficientnetb0/block3b_se_expand/bias:0 || efficientnetb0/block4a_bn/beta:0 || efficientnetb0/block4a_bn/gamma:0 || efficientnetb0/block4a_bn/moving_mean:0 || efficientnetb0/block4a_bn/moving_variance:0 || efficientnetb0/block4a_expand_bn/beta:0 || efficientnetb0/block4a_expand_bn/gamma:0 || efficientnetb0/block4a_expand_bn/moving_mean:0 || efficientnetb0/block4a_expand_bn/moving_variance:0 || efficientnetb0/block4a_se_expand/bias:0
block4a_dwconv/depthwise_kernel:0,"(3, 3, 240, 1)",2160,1,efficientnetb0/block4a_dwconv/depthwise_kernel:0
block4a_bn/gamma:0,"(240,)",240,18,efficientnetb0/block3b_bn/beta:0 || efficientnetb0/block3b_bn/gamma:0 || efficientnetb0/block3b_bn/moving_mean:0 || efficientnetb0/block3b_bn/moving_variance:0 || efficientnetb0/block3b_expand_bn/beta:0 || efficientnetb0/block3b_expand_bn/gamma:0 || efficientnetb0/block3b_expand_bn/moving_mean:0 || efficientnetb0/block3b_expand_bn/moving_variance:0 || efficientnetb0/block3b_se_expand/bias:0 || efficientnetb0/block4a_bn/beta:0 || efficientnetb0/block4a_bn/gamma:0 || efficientnetb0/block4a_bn/moving_mean:0 || efficientnetb0/block4a_bn/moving_variance:0 || efficientnetb0/block4a_expand_bn/beta:0 || efficientnetb0/block4a_expand_bn/gamma:0 || efficientnetb0/block4a_expand_bn/moving_mean:0 || efficientnetb0/block4a_expand_bn/moving_variance:0 || efficientnetb0/block4a_se_expand/bias:0
block4a_bn/beta:0,"(240,)",240,18,efficientnetb0/block3b_bn/beta:0 || efficientnetb0/block3b_bn/gamma:0 || efficientnetb0/block3b_bn/moving_mean:0 || efficientnetb0/block3b_bn/moving_variance:0 || efficientnetb0/block3b_expand_bn/beta:0 || efficientnetb0/block3b_expand_bn/gamma:0 || efficientnetb0/block3b_expand_bn/moving_mean:0 || efficientnetb0/block3b_expand_bn/moving_variance:0 || efficientnetb0/block3b_se_expand/bias:0 || efficientnetb0/block4a_bn/beta:0 || efficientnetb0/block4a_bn/gamma:0 || efficientnetb0/block4a_bn/moving_mean:0 || efficientnetb0/block4a_bn/moving_variance:0 || efficientnetb0/block4a_expand_bn/beta:0 || efficientnetb0/block4a_expand_bn/gamma:0 || efficientnetb0/block4a_expand_bn/moving_mean:0 || efficientnetb0/block4a_expand_bn/moving_variance:0 || efficientnetb0/block4a_se_expand/bias:0
block4a_bn/moving_mean:0,"(240,)",240,18,efficientnetb0/block3b_bn/beta:0 || efficientnetb0/block3b_bn/gamma:0 || efficientnetb0/block3b_bn/moving_mean:0 || efficientnetb0/block3b_bn/moving_variance:0 || efficientnetb0/block3b_expand_bn/beta:0 || efficientnetb0/block3b_expand_bn/gamma:0 || efficientnetb0/block3b_expand_bn/moving_mean:0 || efficientnetb0/block3b_expand_bn/moving_variance:0 || efficientnetb0/block3b_se_expand/bias:0 || efficientnetb0/block4a_bn/beta:0 || efficientnetb0/block4a_bn/gamma:0 || efficientnetb0/block4a_bn/moving_mean:0 || efficientnetb0/block4a_bn/moving_variance:0 || efficientnetb0/block4a_expand_bn/beta:0 || efficientnetb0/block4a_expand_bn/gamma:0 || efficientnetb0/block4a_expand_bn/moving_mean:0 || efficientnetb0/block4a_expand_bn/moving_variance:0 || efficientnetb0/block4a_se_expand/bias:0
block4a_bn/moving_variance:0,"(240,)",240,18,efficientnetb0/block3b_bn/beta:0 || efficientnetb0/block3b_bn/gamma:0 || efficientnetb0/block3b_bn/moving_mean:0 || efficientnetb0/block3b_bn/moving_variance:0 || efficientnetb0/block3b_expand_bn/beta:0 || efficientnetb0/block3b_expand_bn/gamma:0 || efficientnetb0/block3b_expand_bn/moving_mean:0 || efficientnetb0/block3b_expand_bn/moving_variance:0 || efficientnetb0/block3b_se_expand/bias:0 || efficientnetb0/block4a_bn/beta:0 || efficientnetb0/block4a_bn/gamma:0 || efficientnetb0/block4a_bn/moving_mean:0 || efficientnetb0/block4a_bn/moving_variance:0 || efficientnetb0/block4a_expand_bn/beta:0 || efficientnetb0/block4a_expand_bn/gamma:0 || efficientnetb0/block4a_expand_bn/moving_mean:0 || efficientnetb0/block4a_expand_bn/moving_variance:0 || efficientnetb0/block4a_se_expand/bias:0
block4a_se_reduce/kernel:0,"(1, 1, 240, 10)",2400,2,efficientnetb0/block3b_se_reduce/kernel:0 || efficientnetb0/block4a_se_reduce/kernel:0
block4a_se_reduce/bias:0,"(10,)",10,2,efficientnetb0/block3b_se_reduce/bias:0 || efficientnetb0/block4a_se_reduce/bias:0
block4a_se_expand/kernel:0,"(1, 1, 10, 240)",2400,2,efficientnetb0/block3b_se_expand/kernel:0 || efficientnetb0/block4a_se_expand/kernel:0
block4a_se_expand/bias:0,"(240,)",240,18,efficientnetb0/block3b_bn/beta:0 || efficientnetb0/block3b_bn/gamma:0 || efficientnetb0/block3b_bn/moving_mean:0 || efficientnetb0/block3b_bn/moving_variance:0 || efficientnetb0/block3b_expand_bn/beta:0 || efficientnetb0/block3b_expand_bn/gamma:0 || efficientnetb0/block3b_expand_bn/moving_mean:0 || efficientnetb0/block3b_expand_bn/moving_variance:0 || efficientnetb0/block3b_se_expand/bias:0 || efficientnetb0/block4a_bn/beta:0 || efficientnetb0/block4a_bn/gamma:0 || efficientnetb0/block4a_bn/moving_mean:0 || efficientnetb0/block4a_bn/moving_variance:0 || efficientnetb0/block4a_expand_bn/beta:0 || efficientnetb0/block4a_expand_bn/gamma:0 || efficientnetb0/block4a_expand_bn/moving_mean:0 || efficientnetb0/block4a_expand_bn/moving_variance:0 || efficientnetb0/block4a_se_expand/bias:0
block4a_project_conv/kernel:0,"(1, 1, 240, 80)",19200,1,efficientnetb0/block4a_project_conv/kernel:0
block4a_project_bn/gamma:0,"(80,)",80,12,efficientnetb0/block4a_project_bn/beta:0 || efficientnetb0/block4a_project_bn/gamma:0 || efficientnetb0/block4a_project_bn/moving_mean:0 || efficientnetb0/block4a_project_bn/moving_variance:0 || efficientnetb0/block4b_project_bn/beta:0 || efficientnetb0/block4b_project_bn/gamma:0 || efficientnetb0/block4b_project_bn/moving_mean:0 || efficientnetb0/block4b_project_bn/moving_variance:0 || efficientnetb0/block4c_project_bn/beta:0 || efficientnetb0/block4c_project_bn/gamma:0 || efficientnetb0/block4c_project_bn/moving_mean:0 || efficientnetb0/block4c_project_bn/moving_variance:0
block4a_project_bn/beta:0,"(80,)",80,12,efficientnetb0/block4a_project_bn/beta:0 || efficientnetb0/block4a_project_bn/gamma:0 || efficientnetb0/block4a_project_bn/moving_mean:0 || efficientnetb0/block4a_project_bn/moving_variance:0 || efficientnetb0/block4b_project_bn/beta:0 || efficientnetb0/block4b_project_bn/gamma:0 || efficientnetb0/block4b_project_bn/moving_mean:0 || efficientnetb0/block4b_project_bn/moving_variance:0 || efficientnetb0/block4c_project_bn/beta:0 || efficientnetb0/block4c_project_bn/gamma:0 || efficientnetb0/block4c_project_bn/moving_mean:0 || efficientnetb0/block4c_project_bn/moving_variance:0
block4a_project_bn/moving_mean:0,"(80,)",80,12,efficientnetb0/block4a_project_bn/beta:0 || efficientnetb0/block4a_project_bn/gamma:0 || efficientnetb0/block4a_project_bn/moving_mean:0 || efficientnetb0/block4a_project_bn/moving_variance:0 || efficientnetb0/block4b_project_bn/beta:0 || efficientnetb0/block4b_project_bn/gamma:0 || efficientnetb0/block4b_project_bn/moving_mean:0 || efficientnetb0/block4b_project_bn/moving_variance:0 || efficientnetb0/block4c_project_bn/beta:0 || efficientnetb0/block4c_project_bn/gamma:0 || efficientnetb0/block4c_project_bn/moving_mean:0 || efficientnetb0/block4c_project_bn/moving_variance:0
block4a_project_bn/moving_variance:0,"(80,)",80,12,efficientnetb0/block4a_project_bn/beta:0 || efficientnetb0/block4a_project_bn/gamma:0 || efficientnetb0/block4a_project_bn/moving_mean:0 || efficientnetb0/block4a_project_bn/moving_variance:0 || efficientnetb0/block4b_project_bn/beta:0 || efficientnetb0/block4b_project_bn/gamma:0 || efficientnetb0/block4b_project_bn/moving_mean:0 || efficientnetb0/block4b_project_bn/moving_variance:0 || efficientnetb0/block4c_project_bn/beta:0 || efficientnetb0/block4c_project_bn/gamma:0 || efficientnetb0/block4c_project_bn/moving_mean:0 || efficientnetb0/block4c_project_bn/moving_variance:0
block4b_expand_conv/kernel:0,"(1, 1, 80, 480)",38400,3,efficientnetb0/block4b_expand_conv/kernel:0 || efficientnetb0/block4c_expand_conv/kernel:0 || efficientnetb0/block5a_expand_conv/kernel:0
block4b_expand_bn/gamma:0,"(480,)",480,27,efficientnetb0/block4b_bn/beta:0 || efficientnetb0/block4b_bn/gamma:0 || efficientnetb0/block4b_bn/moving_mean:0 || efficientnetb0/block4b_bn/moving_variance:0 || efficientnetb0/block4b_expand_bn/beta:0 || efficientnetb0/block4b_expand_bn/gamma:0 || efficientnetb0/block4b_expand_bn/moving_mean:0 || efficientnetb0/block4b_expand_bn/moving_variance:0 || efficientnetb0/block4b_se_expand/bias:0 || efficientnetb0/block4c_bn/beta:0 || efficientnetb0/block4c_bn/gamma:0 || efficientnetb0/block4c_bn/moving_mean:0 || efficientnetb0/block4c_bn/moving_variance:0 || efficientnetb0/block4c_expand_bn/beta:0 || efficientnetb0/block4c_expand_bn/gamma:0 || efficientnetb0/block4c_expand_bn/moving_mean:0 || efficientnetb0/block4c_expand_bn/moving_variance:0 || efficientnetb0/block4c_se_expand/bias:0 || efficientnetb0/block5a_bn/beta:0 || efficientnetb0/block5a_bn/gamma:0 || efficientnetb0/block5a_bn/moving_mean:0 || efficientnetb0/block5a_bn/moving_variance:0 || efficientnetb0/block5a_expand_bn/beta:0 || efficientnetb0/block5a_expand_bn/gamma:0 || efficientnetb0/block5a_expand_bn/moving_mean:0 || efficientnetb0/block5a_expand_bn/moving_variance:0 || efficientnetb0/block5a_se_expand/bias:0
block4b_expand_bn/beta:0,"(480,)",480,27,efficientnetb0/block4b_bn/beta:0 || efficientnetb0/block4b_bn/gamma:0 || efficientnetb0/block4b_bn/moving_mean:0 || efficientnetb0/block4b_bn/moving_variance:0 || efficientnetb0/block4b_expand_bn/beta:0 || efficientnetb0/block4b_expand_bn/gamma:0 || efficientnetb0/block4b_expand_bn/moving_mean:0 || efficientnetb0/block4b_expand_bn/moving_variance:0 || efficientnetb0/block4b_se_expand/bias:0 || efficientnetb0/block4c_bn/beta:0 || efficientnetb0/block4c_bn/gamma:0 || efficientnetb0/block4c_bn/moving_mean:0 || efficientnetb0/block4c_bn/moving_variance:0 || efficientnetb0/block4c_expand_bn/beta:0 || efficientnetb0/block4c_expand_bn/gamma:0 || efficientnetb0/block4c_expand_bn/moving_mean:0 || efficientnetb0/block4c_expand_bn/moving_variance:0 || efficientnetb0/block4c_se_expand/bias:0 || efficientnetb0/block5a_bn/beta:0 || efficientnetb0/block5a_bn/gamma:0 || efficientnetb0/block5a_bn/moving_mean:0 || efficientnetb0/block5a_bn/moving_variance:0 || efficientnetb0/block5a_expand_bn/beta:0 || efficientnetb0/block5a_expand_bn/gamma:0 || efficientnetb0/block5a_expand_bn/moving_mean:0 || efficientnetb0/block5a_expand_bn/moving_variance:0 || efficientnetb0/block5a_se_expand/bias:0
block4b_expand_bn/moving_mean:0,"(480,)",480,27,efficientnetb0/block4b_bn/beta:0 || efficientnetb0/block4b_bn/gamma:0 || efficientnetb0/block4b_bn/moving_mean:0 || efficientnetb0/block4b_bn/moving_variance:0 || efficientnetb0/block4b_expand_bn/beta:0 || efficientnetb0/block4b_expand_bn/gamma:0 || efficientnetb0/block4b_expand_bn/moving_mean:0 || efficientnetb0/block4b_expand_bn/moving_variance:0 || efficientnetb0/block4b_se_expand/bias:0 || efficientnetb0/block4c_bn/beta:0 || efficientnetb0/block4c_bn/gamma:0 || efficientnetb0/block4c_bn/moving_mean:0 || efficientnetb0/block4c_bn/moving_variance:0 || efficientnetb0/block4c_expand_bn/beta:0 || efficientnetb0/block4c_expand_bn/gamma:0 || efficientnetb0/block4c_expand_bn/moving_mean:0 || efficientnetb0/block4c_expand_bn/moving_variance:0 || efficientnetb0/block4c_se_expand/bias:0 || efficientnetb0/block5a_bn/beta:0 || efficientnetb0/block5a_bn/gamma:0 || efficientnetb0/block5a_bn/moving_mean:0 || efficientnetb0/block5a_bn/moving_variance:0 || efficientnetb0/block5a_expand_bn/beta:0 || efficientnetb0/block5a_expand_bn/gamma:0 || efficientnetb0/block5a_expand_bn/moving_mean:0 || efficientnetb0/block5a_expand_bn/moving_variance:0 || efficientnetb0/block5a_se_expand/bias:0
block4b_expand_bn/moving_variance:0,"(480,)",480,27,efficientnetb0/block4b_bn/beta:0 || efficientnetb0/block4b_bn/gamma:0 || efficientnetb0/block4b_bn/moving_mean:0 || efficientnetb0/block4b_bn/moving_variance:0 || efficientnetb0/block4b_expand_bn/beta:0 || efficientnetb0/block4b_expand_bn/gamma:0 || efficientnetb0/block4b_expand_bn/moving_mean:0 || efficientnetb0/block4b_expand_bn/moving_variance:0 || efficientnetb0/block4b_se_expand/bias:0 || efficientnetb0/block4c_bn/beta:0 || efficientnetb0/block4c_bn/gamma:0 || efficientnetb0/block4c_bn/moving_mean:0 || efficientnetb0/block4c_bn/moving_variance:0 || efficientnetb0/block4c_expand_bn/beta:0 || efficientnetb0/block4c_expand_bn/gamma:0 || efficientnetb0/block4c_expand_bn/moving_mean:0 || efficientnetb0/block4c_expand_bn/moving_variance:0 || efficientnetb0/block4c_se_expand/bias:0 || efficientnetb0/block5a_bn/beta:0 || efficientnetb0/block5a_bn/gamma:0 || efficientnetb0/block5a_bn/moving_mean:0 || efficientnetb0/block5a_bn/moving_variance:0 || efficientnetb0/block5a_expand_bn/beta:0 || efficientnetb0/block5a_expand_bn/gamma:0 || efficientnetb0/block5a_expand_bn/moving_mean:0 || efficientnetb0/block5a_expand_bn/moving_variance:0 || efficientnetb0/block5a_se_expand/bias:0
block4b_dwconv/depthwise_kernel:0,"(3, 3, 480, 1)",4320,2,efficientnetb0/block4b_dwconv/depthwise_kernel:0 || efficientnetb0/block4c_dwconv/depthwise_kernel:0
block4b_bn/gamma:0,"(480,)",480,27,efficientnetb0/block4b_bn/beta:0 || efficientnetb0/block4b_bn/gamma:0 || efficientnetb0/block4b_bn/moving_mean:0 || efficientnetb0/block4b_bn/moving_variance:0 || efficientnetb0/block4b_expand_bn/beta:0 || efficientnetb0/block4b_expand_bn/gamma:0 || efficientnetb0/block4b_expand_bn/moving_mean:0 || efficientnetb0/block4b_expand_bn/moving_variance:0 || efficientnetb0/block4b_se_expand/bias:0 || efficientnetb0/block4c_bn/beta:0 || efficientnetb0/block4c_bn/gamma:0 || efficientnetb0/block4c_bn/moving_mean:0 || efficientnetb0/block4c_bn/moving_variance:0 || efficientnetb0/block4c_expand_bn/beta:0 || efficientnetb0/block4c_expand_bn/gamma:0 || efficientnetb0/block4c_expand_bn/moving_mean:0 || efficientnetb0/block4c_expand_bn/moving_variance:0 || efficientnetb0/block4c_se_expand/bias:0 || efficientnetb0/block5a_bn/beta:0 || efficientnetb0/block5a_bn/gamma:0 || efficientnetb0/block5a_bn/moving_mean:0 || efficientnetb0/block5a_bn/moving_variance:0 || efficientnetb0/block5a_expand_bn/beta:0 || efficientnetb0/block5a_expand_bn/gamma:0 || efficientnetb0/block5a_expand_bn/moving_mean:0 || efficientnetb0/block5a_expand_bn/moving_variance:0 || efficientnetb0/block5a_se_expand/bias:0
block4b_bn/beta:0,"(480,)",480,27,efficientnetb0/block4b_bn/beta:0 || efficientnetb0/block4b_bn/gamma:0 || efficientnetb0/block4b_bn/moving_mean:0 || efficientnetb0/block4b_bn/moving_variance:0 || efficientnetb0/block4b_expand_bn/beta:0 || efficientnetb0/block4b_expand_bn/gamma:0 || efficientnetb0/block4b_expand_bn/moving_mean:0 || efficientnetb0/block4b_expand_bn/moving_variance:0 || efficientnetb0/block4b_se_expand/bias:0 || efficientnetb0/block4c_bn/beta:0 || efficientnetb0/block4c_bn/gamma:0 || efficientnetb0/block4c_bn/moving_mean:0 || efficientnetb0/block4c_bn/moving_variance:0 || efficientnetb0/block4c_expand_bn/beta:0 || efficientnetb0/block4c_expand_bn/gamma:0 || efficientnetb0/block4c_expand_bn/moving_mean:0 || efficientnetb0/block4c_expand_bn/moving_variance:0 || efficientnetb0/block4c_se_expand/bias:0 || efficientnetb0/block5a_bn/beta:0 || efficientnetb0/block5a_bn/gamma:0 || efficientnetb0/block5a_bn/moving_mean:0 || efficientnetb0/block5a_bn/moving_variance:0 || efficientnetb0/block5a_expand_bn/beta:0 || efficientnetb0/block5a_expand_bn/gamma:0 || efficientnetb0/block5a_expand_bn/moving_mean:0 || efficientnetb0/block5a_expand_bn/moving_variance:0 || efficientnetb0/block5a_se_expand/bias:0
block4b_bn/moving_mean:0,"(480,)",480,27,efficientnetb0/block4b_bn/beta:0 || efficientnetb0/block4b_bn/gamma:0 || efficientnetb0/block4b_bn/moving_mean:0 || efficientnetb0/block4b_bn/moving_variance:0 || efficientnetb0/block4b_expand_bn/beta:0 || efficientnetb0/block4b_expand_bn/gamma:0 || efficientnetb0/block4b_expand_bn/moving_mean:0 || efficientnetb0/block4b_expand_bn/moving_variance:0 || efficientnetb0/block4b_se_expand/bias:0 || efficientnetb0/block4c_bn/beta:0 || efficientnetb0/block4c_bn/gamma:0 || efficientnetb0/block4c_bn/moving_mean:0 || efficientnetb0/block4c_bn/moving_variance:0 || efficientnetb0/block4c_expand_bn/beta:0 || efficientnetb0/block4c_expand_bn/gamma:0 || efficientnetb0/block4c_expand_bn/moving_mean:0 || efficientnetb0/block4c_expand_bn/moving_variance:0 || efficientnetb0/block4c_se_expand/bias:0 || efficientnetb0/block5a_bn/beta:0 || efficientnetb0/block5a_bn/gamma:0 || efficientnetb0/block5a_bn/moving_mean:0 || efficientnetb0/block5a_bn/moving_variance:0 || efficientnetb0/block5a_expand_bn/beta:0 || efficientnetb0/block5a_expand_bn/gamma:0 || efficientnetb0/block5a_expand_bn/moving_mean:0 || efficientnetb0/block5a_expand_bn/moving_variance:0 || efficientnetb0/block5a_se_expand/bias:0
block4b_bn/moving_variance:0,"(480,)",480,27,efficientnetb0/block4b_bn/beta:0 || efficientnetb0/block4b_bn/gamma:0 || efficientnetb0/block4b_bn/moving_mean:0 || efficientnetb0/block4b_bn/moving_variance:0 || efficientnetb0/block4b_expand_bn/beta:0 || efficientnetb0/block4b_expand_bn/gamma:0 || efficientnetb0/block4b_expand_bn/moving_mean:0 || efficientnetb0/block4b_expand_bn/moving_variance:0 || efficientnetb0/block4b_se_expand/bias:0 || efficientnetb0/block4c_bn/beta:0 || efficientnetb0/block4c_bn/gamma:0 || efficientnetb0/block4c_bn/moving_mean:0 || efficientnetb0/block4c_bn/moving_variance:0 || efficientnetb0/block4c_expand_bn/beta:0 || efficientnetb0/block4c_expand_bn/gamma:0 || efficientnetb0/block4c_expand_bn/moving_mean:0 || efficientnetb0/block4c_expand_bn/moving_variance:0 || efficientnetb0/block4c_se_expand/bias:0 || efficientnetb0/block5a_bn/beta:0 || efficientnetb0/block5a_bn/gamma:0 || efficientnetb0/block5a_bn/moving_mean:0 || efficientnetb0/block5a_bn/moving_variance:0 || efficientnetb0/block5a_expand_bn/beta:0 || efficientnetb0/block5a_expand_bn/gamma:0 || efficientnetb0/block5a_expand_bn/moving_mean:0 || efficientnetb0/block5a_expand_bn/moving_variance:0 || efficientnetb0/block5a_se_expand/bias:0
block4b_se_reduce/kernel:0,"(1, 1, 480, 20)",9600,3,efficientnetb0/block4b_se_reduce/kernel:0 || efficientnetb0/block4c_se_reduce/kernel:0 || efficientnetb0/block5a_se_reduce/kernel:0
block4b_se_reduce/bias:0,"(20,)",20,3,efficientnetb0/block4b_se_reduce/bias:0 || efficientnetb0/block4c_se_reduce/bias:0 || efficientnetb0/block5a_se_reduce/bias:0
block4b_se_expand/kernel:0,"(1, 1, 20, 480)",9600,3,efficientnetb0/block4b_se_expand/kernel:0 || efficientnetb0/block4c_se_expand/kernel:0 || efficientnetb0/block5a_se_expand/kernel:0
block4b_se_expand/bias:0,"(480,)",480,27,efficientnetb0/block4b_bn/beta:0 || efficientnetb0/block4b_bn/gamma:0 || efficientnetb0/block4b_bn/moving_mean:0 || efficientnetb0/block4b_bn/moving_variance:0 || efficientnetb0/block4b_expand_bn/beta:0 || efficientnetb0/block4b_expand_bn/gamma:0 || efficientnetb0/block4b_expand_bn/moving_mean:0 || efficientnetb0/block4b_expand_bn/moving_variance:0 || efficientnetb0/block4b_se_expand/bias:0 || efficientnetb0/block4c_bn/beta:0 || efficientnetb0/block4c_bn/gamma:0 || efficientnetb0/block4c_bn/moving_mean:0 || efficientnetb0/block4c_bn/moving_variance:0 || efficientnetb0/block4c_expand_bn/beta:0 || efficientnetb0/block4c_expand_bn/gamma:0 || efficientnetb0/block4c_expand_bn/moving_mean:0 || efficientnetb0/block4c_expand_bn/moving_variance:0 || efficientnetb0/block4c_se_expand/bias:0 || efficientnetb0/block5a_bn/beta:0 || efficientnetb0/block5a_bn/gamma:0 || efficientnetb0/block5a_bn/moving_mean:0 || efficientnetb0/block5a_bn/moving_variance:0 || efficientnetb0/block5a_expand_bn/beta:0 || efficientnetb0/block5a_expand_bn/gamma:0 || efficientnetb0/block5a_expand_bn/moving_mean:0 || efficientnetb0/block5a_expand_bn/moving_variance:0 || efficientnetb0/block5a_se_expand/bias:0
block4b_project_conv/kernel:0,"(1, 1, 480, 80)",38400,2,efficientnetb0/block4b_project_conv/kernel:0 || efficientnetb0/block4c_project_conv/kernel:0
block4b_project_bn/gamma:0,"(80,)",80,12,efficientnetb0/block4a_project_bn/beta:0 || efficientnetb0/block4a_project_bn/gamma:0 || efficientnetb0/block4a_project_bn/moving_mean:0 || efficientnetb0/block4a_project_bn/moving_variance:0 || efficientnetb0/block4b_project_bn/beta:0 || efficientnetb0/block4b_project_bn/gamma:0 || efficientnetb0/block4b_project_bn/moving_mean:0 || efficientnetb0/block4b_project_bn/moving_variance:0 || efficientnetb0/block4c_project_bn/beta:0 || efficientnetb0/block4c_project_bn/gamma:0 || efficientnetb0/block4c_project_bn/moving_mean:0 || efficientnetb0/block4c_project_bn/moving_variance:0
block4b_project_bn/beta:0,"(80,)",80,12,efficientnetb0/block4a_project_bn/beta:0 || efficientnetb0/block4a_project_bn/gamma:0 || efficientnetb0/block4a_project_bn/moving_mean:0 || efficientnetb0/block4a_project_bn/moving_variance:0 || efficientnetb0/block4b_project_bn/beta:0 || efficientnetb0/block4b_project_bn/gamma:0 || efficientnetb0/block4b_project_bn/moving_mean:0 || efficientnetb0/block4b_project_bn/moving_variance:0 || efficientnetb0/block4c_project_bn/beta:0 || efficientnetb0/block4c_project_bn/gamma:0 || efficientnetb0/block4c_project_bn/moving_mean:0 || efficientnetb0/block4c_project_bn/moving_variance:0
block4b_project_bn/moving_mean:0,"(80,)",80,12,efficientnetb0/block4a_project_bn/beta:0 || efficientnetb0/block4a_project_bn/gamma:0 || efficientnetb0/block4a_project_bn/moving_mean:0 || efficientnetb0/block4a_project_bn/moving_variance:0 || efficientnetb0/block4b_project_bn/beta:0 || efficientnetb0/block4b_project_bn/gamma:0 || efficientnetb0/block4b_project_bn/moving_mean:0 || efficientnetb0/block4b_project_bn/moving_variance:0 || efficientnetb0/block4c_project_bn/beta:0 || efficientnetb0/block4c_project_bn/gamma:0 || efficientnetb0/block4c_project_bn/moving_mean:0 || efficientnetb0/block4c_project_bn/moving_variance:0
block4b_project_bn/moving_variance:0,"(80,)",80,12,efficientnetb0/block4a_project_bn/beta:0 || efficientnetb0/block4a_project_bn/gamma:0 || efficientnetb0/block4a_project_bn/moving_mean:0 || efficientnetb0/block4a_project_bn/moving_variance:0 || efficientnetb0/block4b_project_bn/beta:0 || efficientnetb0/block4b_project_bn/gamma:0 || efficientnetb0/block4b_project_bn/moving_mean:0 || efficientnetb0/block4b_project_bn/moving_variance:0 || efficientnetb0/block4c_project_bn/beta:0 || efficientnetb0/block4c_project_bn/gamma:0 || efficientnetb0/block4c_project_bn/moving_mean:0 || efficientnetb0/block4c_project_bn/moving_variance:0
block4c_expand_conv/kernel:0,"(1, 1, 80, 480)",38400,3,efficientnetb0/block4b_expand_conv/kernel:0 || efficientnetb0/block4c_expand_conv/kernel:0 || efficientnetb0/block5a_expand_conv/kernel:0
block4c_expand_bn/gamma:0,"(480,)",480,27,efficientnetb0/block4b_bn/beta:0 || efficientnetb0/block4b_bn/gamma:0 || efficientnetb0/block4b_bn/moving_mean:0 || efficientnetb0/block4b_bn/moving_variance:0 || efficientnetb0/block4b_expand_bn/beta:0 || efficientnetb0/block4b_expand_bn/gamma:0 || efficientnetb0/block4b_expand_bn/moving_mean:0 || efficientnetb0/block4b_expand_bn/moving_variance:0 || efficientnetb0/block4b_se_expand/bias:0 || efficientnetb0/block4c_bn/beta:0 || efficientnetb0/block4c_bn/gamma:0 || efficientnetb0/block4c_bn/moving_mean:0 || efficientnetb0/block4c_bn/moving_variance:0 || efficientnetb0/block4c_expand_bn/beta:0 || efficientnetb0/block4c_expand_bn/gamma:0 || efficientnetb0/block4c_expand_bn/moving_mean:0 || efficientnetb0/block4c_expand_bn/moving_variance:0 || efficientnetb0/block4c_se_expand/bias:0 || efficientnetb0/block5a_bn/beta:0 || efficientnetb0/block5a_bn/gamma:0 || efficientnetb0/block5a_bn/moving_mean:0 || efficientnetb0/block5a_bn/moving_variance:0 || efficientnetb0/block5a_expand_bn/beta:0 || efficientnetb0/block5a_expand_bn/gamma:0 || efficientnetb0/block5a_expand_bn/moving_mean:0 || efficientnetb0/block5a_expand_bn/moving_variance:0 || efficientnetb0/block5a_se_expand/bias:0
block4c_expand_bn/beta:0,"(480,)",480,27,efficientnetb0/block4b_bn/beta:0 || efficientnetb0/block4b_bn/gamma:0 || efficientnetb0/block4b_bn/moving_mean:0 || efficientnetb0/block4b_bn/moving_variance:0 || efficientnetb0/block4b_expand_bn/beta:0 || efficientnetb0/block4b_expand_bn/gamma:0 || efficientnetb0/block4b_expand_bn/moving_mean:0 || efficientnetb0/block4b_expand_bn/moving_variance:0 || efficientnetb0/block4b_se_expand/bias:0 || efficientnetb0/block4c_bn/beta:0 || efficientnetb0/block4c_bn/gamma:0 || efficientnetb0/block4c_bn/moving_mean:0 || efficientnetb0/block4c_bn/moving_variance:0 || efficientnetb0/block4c_expand_bn/beta:0 || efficientnetb0/block4c_expand_bn/gamma:0 || efficientnetb0/block4c_expand_bn/moving_mean:0 || efficientnetb0/block4c_expand_bn/moving_variance:0 || efficientnetb0/block4c_se_expand/bias:0 || efficientnetb0/block5a_bn/beta:0 || efficientnetb0/block5a_bn/gamma:0 || efficientnetb0/block5a_bn/moving_mean:0 || efficientnetb0/block5a_bn/moving_variance:0 || efficientnetb0/block5a_expand_bn/beta:0 || efficientnetb0/block5a_expand_bn/gamma:0 || efficientnetb0/block5a_expand_bn/moving_mean:0 || efficientnetb0/block5a_expand_bn/moving_variance:0 || efficientnetb0/block5a_se_expand/bias:0
block4c_expand_bn/moving_mean:0,"(480,)",480,27,efficientnetb0/block4b_bn/beta:0 || efficientnetb0/block4b_bn/gamma:0 || efficientnetb0/block4b_bn/moving_mean:0 || efficientnetb0/block4b_bn/moving_variance:0 || efficientnetb0/block4b_expand_bn/beta:0 || efficientnetb0/block4b_expand_bn/gamma:0 || efficientnetb0/block4b_expand_bn/moving_mean:0 || efficientnetb0/block4b_expand_bn/moving_variance:0 || efficientnetb0/block4b_se_expand/bias:0 || efficientnetb0/block4c_bn/beta:0 || efficientnetb0/block4c_bn/gamma:0 || efficientnetb0/block4c_bn/moving_mean:0 || efficientnetb0/block4c_bn/moving_variance:0 || efficientnetb0/block4c_expand_bn/beta:0 || efficientnetb0/block4c_expand_bn/gamma:0 || efficientnetb0/block4c_expand_bn/moving_mean:0 || efficientnetb0/block4c_expand_bn/moving_variance:0 || efficientnetb0/block4c_se_expand/bias:0 || efficientnetb0/block5a_bn/beta:0 || efficientnetb0/block5a_bn/gamma:0 || efficientnetb0/block5a_bn/moving_mean:0 || efficientnetb0/block5a_bn/moving_variance:0 || efficientnetb0/block5a_expand_bn/beta:0 || efficientnetb0/block5a_expand_bn/gamma:0 || efficientnetb0/block5a_expand_bn/moving_mean:0 || efficientnetb0/block5a_expand_bn/moving_variance:0 || efficientnetb0/block5a_se_expand/bias:0
block4c_expand_bn/moving_variance:0,"(480,)",480,27,efficientnetb0/block4b_bn/beta:0 || efficientnetb0/block4b_bn/gamma:0 || efficientnetb0/block4b_bn/moving_mean:0 || efficientnetb0/block4b_bn/moving_variance:0 || efficientnetb0/block4b_expand_bn/beta:0 || efficientnetb0/block4b_expand_bn/gamma:0 || efficientnetb0/block4b_expand_bn/moving_mean:0 || efficientnetb0/block4b_expand_bn/moving_variance:0 || efficientnetb0/block4b_se_expand/bias:0 || efficientnetb0/block4c_bn/beta:0 || efficientnetb0/block4c_bn/gamma:0 || efficientnetb0/block4c_bn/moving_mean:0 || efficientnetb0/block4c_bn/moving_variance:0 || efficientnetb0/block4c_expand_bn/beta:0 || efficientnetb0/block4c_expand_bn/gamma:0 || efficientnetb0/block4c_expand_bn/moving_mean:0 || efficientnetb0/block4c_expand_bn/moving_variance:0 || efficientnetb0/block4c_se_expand/bias:0 || efficientnetb0/block5a_bn/beta:0 || efficientnetb0/block5a_bn/gamma:0 || efficientnetb0/block5a_bn/moving_mean:0 || efficientnetb0/block5a_bn/moving_variance:0 || efficientnetb0/block5a_expand_bn/beta:0 || efficientnetb0/block5a_expand_bn/gamma:0 || efficientnetb0/block5a_expand_bn/moving_mean:0 || efficientnetb0/block5a_expand_bn/moving_variance:0 || efficientnetb0/block5a_se_expand/bias:0
block4c_dwconv/depthwise_kernel:0,"(3, 3, 480, 1)",4320,2,efficientnetb0/block4b_dwconv/depthwise_kernel:0 || efficientnetb0/block4c_dwconv/depthwise_kernel:0
block4c_bn/gamma:0,"(480,)",480,27,efficientnetb0/block4b_bn/beta:0 || efficientnetb0/block4b_bn/gamma:0 || efficientnetb0/block4b_bn/moving_mean:0 || efficientnetb0/block4b_bn/moving_variance:0 || efficientnetb0/block4b_expand_bn/beta:0 || efficientnetb0/block4b_expand_bn/gamma:0 || efficientnetb0/block4b_expand_bn/moving_mean:0 || efficientnetb0/block4b_expand_bn/moving_variance:0 || efficientnetb0/block4b_se_expand/bias:0 || efficientnetb0/block4c_bn/beta:0 || efficientnetb0/block4c_bn/gamma:0 || efficientnetb0/block4c_bn/moving_mean:0 || efficientnetb0/block4c_bn/moving_variance:0 || efficientnetb0/block4c_expand_bn/beta:0 || efficientnetb0/block4c_expand_bn/gamma:0 || efficientnetb0/block4c_expand_bn/moving_mean:0 || efficientnetb0/block4c_expand_bn/moving_variance:0 || efficientnetb0/block4c_se_expand/bias:0 || efficientnetb0/block5a_bn/beta:0 || efficientnetb0/block5a_bn/gamma:0 || efficientnetb0/block5a_bn/moving_mean:0 || efficientnetb0/block5a_bn/moving_variance:0 || efficientnetb0/block5a_expand_bn/beta:0 || efficientnetb0/block5a_expand_bn/gamma:0 || efficientnetb0/block5a_expand_bn/moving_mean:0 || efficientnetb0/block5a_expand_bn/moving_variance:0 || efficientnetb0/block5a_se_expand/bias:0
block4c_bn/beta:0,"(480,)",480,27,efficientnetb0/block4b_bn/beta:0 || efficientnetb0/block4b_bn/gamma:0 || efficientnetb0/block4b_bn/moving_mean:0 || efficientnetb0/block4b_bn/moving_variance:0 || efficientnetb0/block4b_expand_bn/beta:0 || efficientnetb0/block4b_expand_bn/gamma:0 || efficientnetb0/block4b_expand_bn/moving_mean:0 || efficientnetb0/block4b_expand_bn/moving_variance:0 || efficientnetb0/block4b_se_expand/bias:0 || efficientnetb0/block4c_bn/beta:0 || efficientnetb0/block4c_bn/gamma:0 || efficientnetb0/block4c_bn/moving_mean:0 || efficientnetb0/block4c_bn/moving_variance:0 || efficientnetb0/block4c_expand_bn/beta:0 || efficientnetb0/block4c_expand_bn/gamma:0 || efficientnetb0/block4c_expand_bn/moving_mean:0 || efficientnetb0/block4c_expand_bn/moving_variance:0 || efficientnetb0/block4c_se_expand/bias:0 || efficientnetb0/block5a_bn/beta:0 || efficientnetb0/block5a_bn/gamma:0 || efficientnetb0/block5a_bn/moving_mean:0 || efficientnetb0/block5a_bn/moving_variance:0 || efficientnetb0/block5a_expand_bn/beta:0 || efficientnetb0/block5a_expand_bn/gamma:0 || efficientnetb0/block5a_expand_bn/moving_mean:0 || efficientnetb0/block5a_expand_bn/moving_variance:0 || efficientnetb0/block5a_se_expand/bias:0
block4c_bn/moving_mean:0,"(480,)",480,27,efficientnetb0/block4b_bn/beta:0 || efficientnetb0/block4b_bn/gamma:0 || efficientnetb0/block4b_bn/moving_mean:0 || efficientnetb0/block4b_bn/moving_variance:0 || efficientnetb0/block4b_expand_bn/beta:0 || efficientnetb0/block4b_expand_bn/gamma:0 || efficientnetb0/block4b_expand_bn/moving_mean:0 || efficientnetb0/block4b_expand_bn/moving_variance:0 || efficientnetb0/block4b_se_expand/bias:0 || efficientnetb0/block4c_bn/beta:0 || efficientnetb0/block4c_bn/gamma:0 || efficientnetb0/block4c_bn/moving_mean:0 || efficientnetb0/block4c_bn/moving_variance:0 || efficientnetb0/block4c_expand_bn/beta:0 || efficientnetb0/block4c_expand_bn/gamma:0 || efficientnetb0/block4c_expand_bn/moving_mean:0 || efficientnetb0/block4c_expand_bn/moving_variance:0 || efficientnetb0/block4c_se_expand/bias:0 || efficientnetb0/block5a_bn/beta:0 || efficientnetb0/block5a_bn/gamma:0 || efficientnetb0/block5a_bn/moving_mean:0 || efficientnetb0/block5a_bn/moving_variance:0 || efficientnetb0/block5a_expand_bn/beta:0 || efficientnetb0/block5a_expand_bn/gamma:0 || efficientnetb0/block5a_expand_bn/moving_mean:0 || efficientnetb0/block5a_expand_bn/moving_variance:0 || efficientnetb0/block5a_se_expand/bias:0
block4c_bn/moving_variance:0,"(480,)",480,27,efficientnetb0/block4b_bn/beta:0 || efficientnetb0/block4b_bn/gamma:0 || efficientnetb0/block4b_bn/moving_mean:0 || efficientnetb0/block4b_bn/moving_variance:0 || efficientnetb0/block4b_expand_bn/beta:0 || efficientnetb0/block4b_expand_bn/gamma:0 || efficientnetb0/block4b_expand_bn/moving_mean:0 || efficientnetb0/block4b_expand_bn/moving_variance:0 || efficientnetb0/block4b_se_expand/bias:0 || efficientnetb0/block4c_bn/beta:0 || efficientnetb0/block4c_bn/gamma:0 || efficientnetb0/block4c_bn/moving_mean:0 || efficientnetb0/block4c_bn/moving_variance:0 || efficientnetb0/block4c_expand_bn/beta:0 || efficientnetb0/block4c_expand_bn/gamma:0 || efficientnetb0/block4c_expand_bn/moving_mean:0 || efficientnetb0/block4c_expand_bn/moving_variance:0 || efficientnetb0/block4c_se_expand/bias:0 || efficientnetb0/block5a_bn/beta:0 || efficientnetb0/block5a_bn/gamma:0 || efficientnetb0/block5a_bn/moving_mean:0 || efficientnetb0/block5a_bn/moving_variance:0 || efficientnetb0/block5a_expand_bn/beta:0 || efficientnetb0/block5a_expand_bn/gamma:0 || efficientnetb0/block5a_expand_bn/moving_mean:0 || efficientnetb0/block5a_expand_bn/moving_variance:0 || efficientnetb0/block5a_se_expand/bias:0
block4c_se_reduce/kernel:0,"(1, 1, 480, 20)",9600,3,efficientnetb0/block4b_se_reduce/kernel:0 || efficientnetb0/block4c_se_reduce/kernel:0 || efficientnetb0/block5a_se_reduce/kernel:0
block4c_se_reduce/bias:0,"(20,)",20,3,efficientnetb0/block4b_se_reduce/bias:0 || efficientnetb0/block4c_se_reduce/bias:0 || efficientnetb0/block5a_se_reduce/bias:0
block4c_se_expand/kernel:0,"(1, 1, 20, 480)",9600,3,efficientnetb0/block4b_se_expand/kernel:0 || efficientnetb0/block4c_se_expand/kernel:0 || efficientnetb0/block5a_se_expand/kernel:0
block4c_se_expand/bias:0,"(480,)",480,27,efficientnetb0/block4b_bn/beta:0 || efficientnetb0/block4b_bn/gamma:0 || efficientnetb0/block4b_bn/moving_mean:0 || efficientnetb0/block4b_bn/moving_variance:0 || efficientnetb0/block4b_expand_bn/beta:0 || efficientnetb0/block4b_expand_bn/gamma:0 || efficientnetb0/block4b_expand_bn/moving_mean:0 || efficientnetb0/block4b_expand_bn/moving_variance:0 || efficientnetb0/block4b_se_expand/bias:0 || efficientnetb0/block4c_bn/beta:0 || efficientnetb0/block4c_bn/gamma:0 || efficientnetb0/block4c_bn/moving_mean:0 || efficientnetb0/block4c_bn/moving_variance:0 || efficientnetb0/block4c_expand_bn/beta:0 || efficientnetb0/block4c_expand_bn/gamma:0 || efficientnetb0/block4c_expand_bn/moving_mean:0 || efficientnetb0/block4c_expand_bn/moving_variance:0 || efficientnetb0/block4c_se_expand/bias:0 || efficientnetb0/block5a_bn/beta:0 || efficientnetb0/block5a_bn/gamma:0 || efficientnetb0/block5a_bn/moving_mean:0 || efficientnetb0/block5a_bn/moving_variance:0 || efficientnetb0/block5a_expand_bn/beta:0 || efficientnetb0/block5a_expand_bn/gamma:0 || efficientnetb0/block5a_expand_bn/moving_mean:0 || efficientnetb0/block5a_expand_bn/moving_variance:0 || efficientnetb0/block5a_se_expand/bias:0
block4c_project_conv/kernel:0,"(1, 1, 480, 80)",38400,2,efficientnetb0/block4b_project_conv/kernel:0 || efficientnetb0/block4c_project_conv/kernel:0
block4c_project_bn/gamma:0,"(80,)",80,12,efficientnetb0/block4a_project_bn/beta:0 || efficientnetb0/block4a_project_bn/gamma:0 || efficientnetb0/block4a_project_bn/moving_mean:0 || efficientnetb0/block4a_project_bn/moving_variance:0 || efficientnetb0/block4b_project_bn/beta:0 || efficientnetb0/block4b_project_bn/gamma:0 || efficientnetb0/block4b_project_bn/moving_mean:0 || efficientnetb0/block4b_project_bn/moving_variance:0 || efficientnetb0/block4c_project_bn/beta:0 || efficientnetb0/block4c_project_bn/gamma:0 || efficientnetb0/block4c_project_bn/moving_mean:0 || efficientnetb0/block4c_project_bn/moving_variance:0
block4c_project_bn/beta:0,"(80,)",80,12,efficientnetb0/block4a_project_bn/beta:0 || efficientnetb0/block4a_project_bn/gamma:0 || efficientnetb0/block4a_project_bn/moving_mean:0 || efficientnetb0/block4a_project_bn/moving_variance:0 || efficientnetb0/block4b_project_bn/beta:0 || efficientnetb0/block4b_project_bn/gamma:0 || efficientnetb0/block4b_project_bn/moving_mean:0 || efficientnetb0/block4b_project_bn/moving_variance:0 || efficientnetb0/block4c_project_bn/beta:0 || efficientnetb0/block4c_project_bn/gamma:0 || efficientnetb0/block4c_project_bn/moving_mean:0 || efficientnetb0/block4c_project_bn/moving_variance:0
block4c_project_bn/moving_mean:0,"(80,)",80,12,efficientnetb0/block4a_project_bn/beta:0 || efficientnetb0/block4a_project_bn/gamma:0 || efficientnetb0/block4a_project_bn/moving_mean:0 || efficientnetb0/block4a_project_bn/moving_variance:0 || efficientnetb0/block4b_project_bn/beta:0 || efficientnetb0/block4b_project_bn/gamma:0 || efficientnetb0/block4b_project_bn/moving_mean:0 || efficientnetb0/block4b_project_bn/moving_variance:0 || efficientnetb0/block4c_project_bn/beta:0 || efficientnetb0/block4c_project_bn/gamma:0 || efficientnetb0/block4c_project_bn/moving_mean:0 || efficientnetb0/block4c_project_bn/moving_variance:0
block4c_project_bn/moving_variance:0,"(80,)",80,12,efficientnetb0/block4a_project_bn/beta:0 || efficientnetb0/block4a_project_bn/gamma:0 || efficientnetb0/block4a_project_bn/moving_mean:0 || efficientnetb0/block4a_project_bn/moving_variance:0 || efficientnetb0/block4b_project_bn/beta:0 || efficientnetb0/block4b_project_bn/gamma:0 || efficientnetb0/block4b_project_bn/moving_mean:0 || efficientnetb0/block4b_project_bn/moving_variance:0 || efficientnetb0/block4c_project_bn/beta:0 || efficientnetb0/block4c_project_bn/gamma:0 || efficientnetb0/block4c_project_bn/moving_mean:0 || efficientnetb0/block4c_project_bn/moving_variance:0
block5a_expand_conv/kernel:0,"(1, 1, 80, 480)",38400,3,efficientnetb0/block4b_expand_conv/kernel:0 || efficientnetb0/block4c_expand_conv/kernel:0 || efficientnetb0/block5a_expand_conv/kernel:0
block5a_expand_bn/gamma:0,"(480,)",480,27,efficientnetb0/block4b_bn/beta:0 || efficientnetb0/block4b_bn/gamma:0 || efficientnetb0/block4b_bn/moving_mean:0 || efficientnetb0/block4b_bn/moving_variance:0 || efficientnetb0/block4b_expand_bn/beta:0 || efficientnetb0/block4b_expand_bn/gamma:0 || efficientnetb0/block4b_expand_bn/moving_mean:0 || efficientnetb0/block4b_expand_bn/moving_variance:0 || efficientnetb0/block4b_se_expand/bias:0 || efficientnetb0/block4c_bn/beta:0 || efficientnetb0/block4c_bn/gamma:0 || efficientnetb0/block4c_bn/moving_mean:0 || efficientnetb0/block4c_bn/moving_variance:0 || efficientnetb0/block4c_expand_bn/beta:0 || efficientnetb0/block4c_expand_bn/gamma:0 || efficientnetb0/block4c_expand_bn/moving_mean:0 || efficientnetb0/block4c_expand_bn/moving_variance:0 || efficientnetb0/block4c_se_expand/bias:0 || efficientnetb0/block5a_bn/beta:0 || efficientnetb0/block5a_bn/gamma:0 || efficientnetb0/block5a_bn/moving_mean:0 || efficientnetb0/block5a_bn/moving_variance:0 || efficientnetb0/block5a_expand_bn/beta:0 || efficientnetb0/block5a_expand_bn/gamma:0 || efficientnetb0/block5a_expand_bn/moving_mean:0 || efficientnetb0/block5a_expand_bn/moving_variance:0 || efficientnetb0/block5a_se_expand/bias:0
block5a_expand_bn/beta:0,"(480,)",480,27,efficientnetb0/block4b_bn/beta:0 || efficientnetb0/block4b_bn/gamma:0 || efficientnetb0/block4b_bn/moving_mean:0 || efficientnetb0/block4b_bn/moving_variance:0 || efficientnetb0/block4b_expand_bn/beta:0 || efficientnetb0/block4b_expand_bn/gamma:0 || efficientnetb0/block4b_expand_bn/moving_mean:0 || efficientnetb0/block4b_expand_bn/moving_variance:0 || efficientnetb0/block4b_se_expand/bias:0 || efficientnetb0/block4c_bn/beta:0 || efficientnetb0/block4c_bn/gamma:0 || efficientnetb0/block4c_bn/moving_mean:0 || efficientnetb0/block4c_bn/moving_variance:0 || efficientnetb0/block4c_expand_bn/beta:0 || efficientnetb0/block4c_expand_bn/gamma:0 || efficientnetb0/block4c_expand_bn/moving_mean:0 || efficientnetb0/block4c_expand_bn/moving_variance:0 || efficientnetb0/block4c_se_expand/bias:0 || efficientnetb0/block5a_bn/beta:0 || efficientnetb0/block5a_bn/gamma:0 || efficientnetb0/block5a_bn/moving_mean:0 || efficientnetb0/block5a_bn/moving_variance:0 || efficientnetb0/block5a_expand_bn/beta:0 || efficientnetb0/block5a_expand_bn/gamma:0 || efficientnetb0/block5a_expand_bn/moving_mean:0 || efficientnetb0/block5a_expand_bn/moving_variance:0 || efficientnetb0/block5a_se_expand/bias:0
block5a_expand_bn/moving_mean:0,"(480,)",480,27,efficientnetb0/block4b_bn/beta:0 || efficientnetb0/block4b_bn/gamma:0 || efficientnetb0/block4b_bn/moving_mean:0 || efficientnetb0/block4b_bn/moving_variance:0 || efficientnetb0/block4b_expand_bn/beta:0 || efficientnetb0/block4b_expand_bn/gamma:0 || efficientnetb0/block4b_expand_bn/moving_mean:0 || efficientnetb0/block4b_expand_bn/moving_variance:0 || efficientnetb0/block4b_se_expand/bias:0 || efficientnetb0/block4c_bn/beta:0 || efficientnetb0/block4c_bn/gamma:0 || efficientnetb0/block4c_bn/moving_mean:0 || efficientnetb0/block4c_bn/moving_variance:0 || efficientnetb0/block4c_expand_bn/beta:0 || efficientnetb0/block4c_expand_bn/gamma:0 || efficientnetb0/block4c_expand_bn/moving_mean:0 || efficientnetb0/block4c_expand_bn/moving_variance:0 || efficientnetb0/block4c_se_expand/bias:0 || efficientnetb0/block5a_bn/beta:0 || efficientnetb0/block5a_bn/gamma:0 || efficientnetb0/block5a_bn/moving_mean:0 || efficientnetb0/block5a_bn/moving_variance:0 || efficientnetb0/block5a_expand_bn/beta:0 || efficientnetb0/block5a_expand_bn/gamma:0 || efficientnetb0/block5a_expand_bn/moving_mean:0 || efficientnetb0/block5a_expand_bn/moving_variance:0 || efficientnetb0/block5a_se_expand/bias:0
block5a_expand_bn/moving_variance:0,"(480,)",480,27,efficientnetb0/block4b_bn/beta:0 || efficientnetb0/block4b_bn/gamma:0 || efficientnetb0/block4b_bn/moving_mean:0 || efficientnetb0/block4b_bn/moving_variance:0 || efficientnetb0/block4b_expand_bn/beta:0 || efficientnetb0/block4b_expand_bn/gamma:0 || efficientnetb0/block4b_expand_bn/moving_mean:0 || efficientnetb0/block4b_expand_bn/moving_variance:0 || efficientnetb0/block4b_se_expand/bias:0 || efficientnetb0/block4c_bn/beta:0 || efficientnetb0/block4c_bn/gamma:0 || efficientnetb0/block4c_bn/moving_mean:0 || efficientnetb0/block4c_bn/moving_variance:0 || efficientnetb0/block4c_expand_bn/beta:0 || efficientnetb0/block4c_expand_bn/gamma:0 || efficientnetb0/block4c_expand_bn/moving_mean:0 || efficientnetb0/block4c_expand_bn/moving_variance:0 || efficientnetb0/block4c_se_expand/bias:0 || efficientnetb0/block5a_bn/beta:0 || efficientnetb0/block5a_bn/gamma:0 || efficientnetb0/block5a_bn/moving_mean:0 || efficientnetb0/block5a_bn/moving_variance:0 || efficientnetb0/block5a_expand_bn/beta:0 || efficientnetb0/block5a_expand_bn/gamma:0 || efficientnetb0/block5a_expand_bn/moving_mean:0 || efficientnetb0/block5a_expand_bn/moving_variance:0 || efficientnetb0/block5a_se_expand/bias:0
block5a_dwconv/depthwise_kernel:0,"(5, 5, 480, 1)",12000,1,efficientnetb0/block5a_dwconv/depthwise_kernel:0
block5a_bn/gamma:0,"(480,)",480,27,efficientnetb0/block4b_bn/beta:0 || efficientnetb0/block4b_bn/gamma:0 || efficientnetb0/block4b_bn/moving_mean:0 || efficientnetb0/block4b_bn/moving_variance:0 || efficientnetb0/block4b_expand_bn/beta:0 || efficientnetb0/block4b_expand_bn/gamma:0 || efficientnetb0/block4b_expand_bn/moving_mean:0 || efficientnetb0/block4b_expand_bn/moving_variance:0 || efficientnetb0/block4b_se_expand/bias:0 || efficientnetb0/block4c_bn/beta:0 || efficientnetb0/block4c_bn/gamma:0 || efficientnetb0/block4c_bn/moving_mean:0 || efficientnetb0/block4c_bn/moving_variance:0 || efficientnetb0/block4c_expand_bn/beta:0 || efficientnetb0/block4c_expand_bn/gamma:0 || efficientnetb0/block4c_expand_bn/moving_mean:0 || efficientnetb0/block4c_expand_bn/moving_variance:0 || efficientnetb0/block4c_se_expand/bias:0 || efficientnetb0/block5a_bn/beta:0 || efficientnetb0/block5a_bn/gamma:0 || efficientnetb0/block5a_bn/moving_mean:0 || efficientnetb0/block5a_bn/moving_variance:0 || efficientnetb0/block5a_expand_bn/beta:0 || efficientnetb0/block5a_expand_bn/gamma:0 || efficientnetb0/block5a_expand_bn/moving_mean:0 || efficientnetb0/block5a_expand_bn/moving_variance:0 || efficientnetb0/block5a_se_expand/bias:0
block5a_bn/beta:0,"(480,)",480,27,efficientnetb0/block4b_bn/beta:0 || efficientnetb0/block4b_bn/gamma:0 || efficientnetb0/block4b_bn/moving_mean:0 || efficientnetb0/block4b_bn/moving_variance:0 || efficientnetb0/block4b_expand_bn/beta:0 || efficientnetb0/block4b_expand_bn/gamma:0 || efficientnetb0/block4b_expand_bn/moving_mean:0 || efficientnetb0/block4b_expand_bn/moving_variance:0 || efficientnetb0/block4b_se_expand/bias:0 || efficientnetb0/block4c_bn/beta:0 || efficientnetb0/block4c_bn/gamma:0 || efficientnetb0/block4c_bn/moving_mean:0 || efficientnetb0/block4c_bn/moving_variance:0 || efficientnetb0/block4c_expand_bn/beta:0 || efficientnetb0/block4c_expand_bn/gamma:0 || efficientnetb0/block4c_expand_bn/moving_mean:0 || efficientnetb0/block4c_expand_bn/moving_variance:0 || efficientnetb0/block4c_se_expand/bias:0 || efficientnetb0/block5a_bn/beta:0 || efficientnetb0/block5a_bn/gamma:0 || efficientnetb0/block5a_bn/moving_mean:0 || efficientnetb0/block5a_bn/moving_variance:0 || efficientnetb0/block5a_expand_bn/beta:0 || efficientnetb0/block5a_expand_bn/gamma:0 || efficientnetb0/block5a_expand_bn/moving_mean:0 || efficientnetb0/block5a_expand_bn/moving_variance:0 || efficientnetb0/block5a_se_expand/bias:0
block5a_bn/moving_mean:0,"(480,)",480,27,efficientnetb0/block4b_bn/beta:0 || efficientnetb0/block4b_bn/gamma:0 || efficientnetb0/block4b_bn/moving_mean:0 || efficientnetb0/block4b_bn/moving_variance:0 || efficientnetb0/block4b_expand_bn/beta:0 || efficientnetb0/block4b_expand_bn/gamma:0 || efficientnetb0/block4b_expand_bn/moving_mean:0 || efficientnetb0/block4b_expand_bn/moving_variance:0 || efficientnetb0/block4b_se_expand/bias:0 || efficientnetb0/block4c_bn/beta:0 || efficientnetb0/block4c_bn/gamma:0 || efficientnetb0/block4c_bn/moving_mean:0 || efficientnetb0/block4c_bn/moving_variance:0 || efficientnetb0/block4c_expand_bn/beta:0 || efficientnetb0/block4c_expand_bn/gamma:0 || efficientnetb0/block4c_expand_bn/moving_mean:0 || efficientnetb0/block4c_expand_bn/moving_variance:0 || efficientnetb0/block4c_se_expand/bias:0 || efficientnetb0/block5a_bn/beta:0 || efficientnetb0/block5a_bn/gamma:0 || efficientnetb0/block5a_bn/moving_mean:0 || efficientnetb0/block5a_bn/moving_variance:0 || efficientnetb0/block5a_expand_bn/beta:0 || efficientnetb0/block5a_expand_bn/gamma:0 || efficientnetb0/block5a_expand_bn/moving_mean:0 || efficientnetb0/block5a_expand_bn/moving_variance:0 || efficientnetb0/block5a_se_expand/bias:0
block5a_bn/moving_variance:0,"(480,)",480,27,efficientnetb0/block4b_bn/beta:0 || efficientnetb0/block4b_bn/gamma:0 || efficientnetb0/block4b_bn/moving_mean:0 || efficientnetb0/block4b_bn/moving_variance:0 || efficientnetb0/block4b_expand_bn/beta:0 || efficientnetb0/block4b_expand_bn/gamma:0 || efficientnetb0/block4b_expand_bn/moving_mean:0 || efficientnetb0/block4b_expand_bn/moving_variance:0 || efficientnetb0/block4b_se_expand/bias:0 || efficientnetb0/block4c_bn/beta:0 || efficientnetb0/block4c_bn/gamma:0 || efficientnetb0/block4c_bn/moving_mean:0 || efficientnetb0/block4c_bn/moving_variance:0 || efficientnetb0/block4c_expand_bn/beta:0 || efficientnetb0/block4c_expand_bn/gamma:0 || efficientnetb0/block4c_expand_bn/moving_mean:0 || efficientnetb0/block4c_expand_bn/moving_variance:0 || efficientnetb0/block4c_se_expand/bias:0 || efficientnetb0/block5a_bn/beta:0 || efficientnetb0/block5a_bn/gamma:0 || efficientnetb0/block5a_bn/moving_mean:0 || efficientnetb0/block5a_bn/moving_variance:0 || efficientnetb0/block5a_expand_bn/beta:0 || efficientnetb0/block5a_expand_bn/gamma:0 || efficientnetb0/block5a_expand_bn/moving_mean:0 || efficientnetb0/block5a_expand_bn/moving_variance:0 || efficientnetb0/block5a_se_expand/bias:0
block5a_se_reduce/kernel:0,"(1, 1, 480, 20)",9600,3,efficientnetb0/block4b_se_reduce/kernel:0 || efficientnetb0/block4c_se_reduce/kernel:0 || efficientnetb0/block5a_se_reduce/kernel:0
block5a_se_reduce/bias:0,"(20,)",20,3,efficientnetb0/block4b_se_reduce/bias:0 || efficientnetb0/block4c_se_reduce/bias:0 || efficientnetb0/block5a_se_reduce/bias:0
block5a_se_expand/kernel:0,"(1, 1, 20, 480)",9600,3,efficientnetb0/block4b_se_expand/kernel:0 || efficientnetb0/block4c_se_expand/kernel:0 || efficientnetb0/block5a_se_expand/kernel:0
block5a_se_expand/bias:0,"(480,)",480,27,efficientnetb0/block4b_bn/beta:0 || efficientnetb0/block4b_bn/gamma:0 || efficientnetb0/block4b_bn/moving_mean:0 || efficientnetb0/block4b_bn/moving_variance:0 || efficientnetb0/block4b_expand_bn/beta:0 || efficientnetb0/block4b_expand_bn/gamma:0 || efficientnetb0/block4b_expand_bn/moving_mean:0 || efficientnetb0/block4b_expand_bn/moving_variance:0 || efficientnetb0/block4b_se_expand/bias:0 || efficientnetb0/block4c_bn/beta:0 || efficientnetb0/block4c_bn/gamma:0 || efficientnetb0/block4c_bn/moving_mean:0 || efficientnetb0/block4c_bn/moving_variance:0 || efficientnetb0/block4c_expand_bn/beta:0 || efficientnetb0/block4c_expand_bn/gamma:0 || efficientnetb0/block4c_expand_bn/moving_mean:0 || efficientnetb0/block4c_expand_bn/moving_variance:0 || efficientnetb0/block4c_se_expand/bias:0 || efficientnetb0/block5a_bn/beta:0 || efficientnetb0/block5a_bn/gamma:0 || efficientnetb0/block5a_bn/moving_mean:0 || efficientnetb0/block5a_bn/moving_variance:0 || efficientnetb0/block5a_expand_bn/beta:0 || efficientnetb0/block5a_expand_bn/gamma:0 || efficientnetb0/block5a_expand_bn/moving_mean:0 || efficientnetb0/block5a_expand_bn/moving_variance:0 || efficientnetb0/block5a_se_expand/bias:0
block5a_project_conv/kernel:0,"(1, 1, 480, 112)",53760,1,efficientnetb0/block5a_project_conv/kernel:0
block5a_project_bn/gamma:0,"(112,)",112,12,efficientnetb0/block5a_project_bn/beta:0 || efficientnetb0/block5a_project_bn/gamma:0 || efficientnetb0/block5a_project_bn/moving_mean:0 || efficientnetb0/block5a_project_bn/moving_variance:0 || efficientnetb0/block5b_project_bn/beta:0 || efficientnetb0/block5b_project_bn/gamma:0 || efficientnetb0/block5b_project_bn/moving_mean:0 || efficientnetb0/block5b_project_bn/moving_variance:0 || efficientnetb0/block5c_project_bn/beta:0 || efficientnetb0/block5c_project_bn/gamma:0 || efficientnetb0/block5c_project_bn/moving_mean:0 || efficientnetb0/block5c_project_bn/moving_variance:0
block5a_project_bn/beta:0,"(112,)",112,12,efficientnetb0/block5a_project_bn/beta:0 || efficientnetb0/block5a_project_bn/gamma:0 || efficientnetb0/block5a_project_bn/moving_mean:0 || efficientnetb0/block5a_project_bn/moving_variance:0 || efficientnetb0/block5b_project_bn/beta:0 || efficientnetb0/block5b_project_bn/gamma:0 || efficientnetb0/block5b_project_bn/moving_mean:0 || efficientnetb0/block5b_project_bn/moving_variance:0 || efficientnetb0/block5c_project_bn/beta:0 || efficientnetb0/block5c_project_bn/gamma:0 || efficientnetb0/block5c_project_bn/moving_mean:0 || efficientnetb0/block5c_project_bn/moving_variance:0
block5a_project_bn/moving_mean:0,"(112,)",112,12,efficientnetb0/block5a_project_bn/beta:0 || efficientnetb0/block5a_project_bn/gamma:0 || efficientnetb0/block5a_project_bn/moving_mean:0 || efficientnetb0/block5a_project_bn/moving_variance:0 || efficientnetb0/block5b_project_bn/beta:0 || efficientnetb0/block5b_project_bn/gamma:0 || efficientnetb0/block5b_project_bn/moving_mean:0 || efficientnetb0/block5b_project_bn/moving_variance:0 || efficientnetb0/block5c_project_bn/beta:0 || efficientnetb0/block5c_project_bn/gamma:0 || efficientnetb0/block5c_project_bn/moving_mean:0 || efficientnetb0/block5c_project_bn/moving_variance:0
block5a_project_bn/moving_variance:0,"(112,)",112,12,efficientnetb0/block5a_project_bn/beta:0 || efficientnetb0/block5a_project_bn/gamma:0 || efficientnetb0/block5a_project_bn/moving_mean:0 || efficientnetb0/block5a_project_bn/moving_variance:0 || efficientnetb0/block5b_project_bn/beta:0 || efficientnetb0/block5b_project_bn/gamma:0 || efficientnetb0/block5b_project_bn/moving_mean:0 || efficientnetb0/block5b_project_bn/moving_variance:0 || efficientnetb0/block5c_project_bn/beta:0 || efficientnetb0/block5c_project_bn/gamma:0 || efficientnetb0/block5c_project_bn/moving_mean:0 || efficientnetb0/block5c_project_bn/moving_variance:0
block5b_expand_conv/kernel:0,"(1, 1, 112, 672)",75264,3,efficientnetb0/block5b_expand_conv/kernel:0 || efficientnetb0/block5c_expand_conv/kernel:0 || efficientnetb0/block6a_expand_conv/kernel:0
block5b_expand_bn/gamma:0,"(672,)",672,27,efficientnetb0/block5b_bn/beta:0 || efficientnetb0/block5b_bn/gamma:0 || efficientnetb0/block5b_bn/moving_mean:0 || efficientnetb0/block5b_bn/moving_variance:0 || efficientnetb0/block5b_expand_bn/beta:0 || efficientnetb0/block5b_expand_bn/gamma:0 || efficientnetb0/block5b_expand_bn/moving_mean:0 || efficientnetb0/block5b_expand_bn/moving_variance:0 || efficientnetb0/block5b_se_expand/bias:0 || efficientnetb0/block5c_bn/beta:0 || efficientnetb0/block5c_bn/gamma:0 || efficientnetb0/block5c_bn/moving_mean:0 || efficientnetb0/block5c_bn/moving_variance:0 || efficientnetb0/block5c_expand_bn/beta:0 || efficientnetb0/block5c_expand_bn/gamma:0 || efficientnetb0/block5c_expand_bn/moving_mean:0 || efficientnetb0/block5c_expand_bn/moving_variance:0 || efficientnetb0/block5c_se_expand/bias:0 || efficientnetb0/block6a_bn/beta:0 || efficientnetb0/block6a_bn/gamma:0 || efficientnetb0/block6a_bn/moving_mean:0 || efficientnetb0/block6a_bn/moving_variance:0 || efficientnetb0/block6a_expand_bn/beta:0 || efficientnetb0/block6a_expand_bn/gamma:0 || efficientnetb0/block6a_expand_bn/moving_mean:0 || efficientnetb0/block6a_expand_bn/moving_variance:0 || efficientnetb0/block6a_se_expand/bias:0
block5b_expand_bn/beta:0,"(672,)",672,27,efficientnetb0/block5b_bn/beta:0 || efficientnetb0/block5b_bn/gamma:0 || efficientnetb0/block5b_bn/moving_mean:0 || efficientnetb0/block5b_bn/moving_variance:0 || efficientnetb0/block5b_expand_bn/beta:0 || efficientnetb0/block5b_expand_bn/gamma:0 || efficientnetb0/block5b_expand_bn/moving_mean:0 || efficientnetb0/block5b_expand_bn/moving_variance:0 || efficientnetb0/block5b_se_expand/bias:0 || efficientnetb0/block5c_bn/beta:0 || efficientnetb0/block5c_bn/gamma:0 || efficientnetb0/block5c_bn/moving_mean:0 || efficientnetb0/block5c_bn/moving_variance:0 || efficientnetb0/block5c_expand_bn/beta:0 || efficientnetb0/block5c_expand_bn/gamma:0 || efficientnetb0/block5c_expand_bn/moving_mean:0 || efficientnetb0/block5c_expand_bn/moving_variance:0 || efficientnetb0/block5c_se_expand/bias:0 || efficientnetb0/block6a_bn/beta:0 || efficientnetb0/block6a_bn/gamma:0 || efficientnetb0/block6a_bn/moving_mean:0 || efficientnetb0/block6a_bn/moving_variance:0 || efficientnetb0/block6a_expand_bn/beta:0 || efficientnetb0/block6a_expand_bn/gamma:0 || efficientnetb0/block6a_expand_bn/moving_mean:0 || efficientnetb0/block6a_expand_bn/moving_variance:0 || efficientnetb0/block6a_se_expand/bias:0
block5b_expand_bn/moving_mean:0,"(672,)",672,27,efficientnetb0/block5b_bn/beta:0 || efficientnetb0/block5b_bn/gamma:0 || efficientnetb0/block5b_bn/moving_mean:0 || efficientnetb0/block5b_bn/moving_variance:0 || efficientnetb0/block5b_expand_bn/beta:0 || efficientnetb0/block5b_expand_bn/gamma:0 || efficientnetb0/block5b_expand_bn/moving_mean:0 || efficientnetb0/block5b_expand_bn/moving_variance:0 || efficientnetb0/block5b_se_expand/bias:0 || efficientnetb0/block5c_bn/beta:0 || efficientnetb0/block5c_bn/gamma:0 || efficientnetb0/block5c_bn/moving_mean:0 || efficientnetb0/block5c_bn/moving_variance:0 || efficientnetb0/block5c_expand_bn/beta:0 || efficientnetb0/block5c_expand_bn/gamma:0 || efficientnetb0/block5c_expand_bn/moving_mean:0 || efficientnetb0/block5c_expand_bn/moving_variance:0 || efficientnetb0/block5c_se_expand/bias:0 || efficientnetb0/block6a_bn/beta:0 || efficientnetb0/block6a_bn/gamma:0 || efficientnetb0/block6a_bn/moving_mean:0 || efficientnetb0/block6a_bn/moving_variance:0 || efficientnetb0/block6a_expand_bn/beta:0 || efficientnetb0/block6a_expand_bn/gamma:0 || efficientnetb0/block6a_expand_bn/moving_mean:0 || efficientnetb0/block6a_expand_bn/moving_variance:0 || efficientnetb0/block6a_se_expand/bias:0
block5b_expand_bn/moving_variance:0,"(672,)",672,27,efficientnetb0/block5b_bn/beta:0 || efficientnetb0/block5b_bn/gamma:0 || efficientnetb0/block5b_bn/moving_mean:0 || efficientnetb0/block5b_bn/moving_variance:0 || efficientnetb0/block5b_expand_bn/beta:0 || efficientnetb0/block5b_expand_bn/gamma:0 || efficientnetb0/block5b_expand_bn/moving_mean:0 || efficientnetb0/block5b_expand_bn/moving_variance:0 || efficientnetb0/block5b_se_expand/bias:0 || efficientnetb0/block5c_bn/beta:0 || efficientnetb0/block5c_bn/gamma:0 || efficientnetb0/block5c_bn/moving_mean:0 || efficientnetb0/block5c_bn/moving_variance:0 || efficientnetb0/block5c_expand_bn/beta:0 || efficientnetb0/block5c_expand_bn/gamma:0 || efficientnetb0/block5c_expand_bn/moving_mean:0 || efficientnetb0/block5c_expand_bn/moving_variance:0 || efficientnetb0/block5c_se_expand/bias:0 || efficientnetb0/block6a_bn/beta:0 || efficientnetb0/block6a_bn/gamma:0 || efficientnetb0/block6a_bn/moving_mean:0 || efficientnetb0/block6a_bn/moving_variance:0 || efficientnetb0/block6a_expand_bn/beta:0 || efficientnetb0/block6a_expand_bn/gamma:0 || efficientnetb0/block6a_expand_bn/moving_mean:0 || efficientnetb0/block6a_expand_bn/moving_variance:0 || efficientnetb0/block6a_se_expand/bias:0
block5b_dwconv/depthwise_kernel:0,"(5, 5, 672, 1)",16800,3,efficientnetb0/block5b_dwconv/depthwise_kernel:0 || efficientnetb0/block5c_dwconv/depthwise_kernel:0 || efficientnetb0/block6a_dwconv/depthwise_kernel:0
block5b_bn/gamma:0,"(672,)",672,27,efficientnetb0/block5b_bn/beta:0 || efficientnetb0/block5b_bn/gamma:0 || efficientnetb0/block5b_bn/moving_mean:0 || efficientnetb0/block5b_bn/moving_variance:0 || efficientnetb0/block5b_expand_bn/beta:0 || efficientnetb0/block5b_expand_bn/gamma:0 || efficientnetb0/block5b_expand_bn/moving_mean:0 || efficientnetb0/block5b_expand_bn/moving_variance:0 || efficientnetb0/block5b_se_expand/bias:0 || efficientnetb0/block5c_bn/beta:0 || efficientnetb0/block5c_bn/gamma:0 || efficientnetb0/block5c_bn/moving_mean:0 || efficientnetb0/block5c_bn/moving_variance:0 || efficientnetb0/block5c_expand_bn/beta:0 || efficientnetb0/block5c_expand_bn/gamma:0 || efficientnetb0/block5c_expand_bn/moving_mean:0 || efficientnetb0/block5c_expand_bn/moving_variance:0 || efficientnetb0/block5c_se_expand/bias:0 || efficientnetb0/block6a_bn/beta:0 || efficientnetb0/block6a_bn/gamma:0 || efficientnetb0/block6a_bn/moving_mean:0 || efficientnetb0/block6a_bn/moving_variance:0 || efficientnetb0/block6a_expand_bn/beta:0 || efficientnetb0/block6a_expand_bn/gamma:0 || efficientnetb0/block6a_expand_bn/moving_mean:0 || efficientnetb0/block6a_expand_bn/moving_variance:0 || efficientnetb0/block6a_se_expand/bias:0
block5b_bn/beta:0,"(672,)",672,27,efficientnetb0/block5b_bn/beta:0 || efficientnetb0/block5b_bn/gamma:0 || efficientnetb0/block5b_bn/moving_mean:0 || efficientnetb0/block5b_bn/moving_variance:0 || efficientnetb0/block5b_expand_bn/beta:0 || efficientnetb0/block5b_expand_bn/gamma:0 || efficientnetb0/block5b_expand_bn/moving_mean:0 || efficientnetb0/block5b_expand_bn/moving_variance:0 || efficientnetb0/block5b_se_expand/bias:0 || efficientnetb0/block5c_bn/beta:0 || efficientnetb0/block5c_bn/gamma:0 || efficientnetb0/block5c_bn/moving_mean:0 || efficientnetb0/block5c_bn/moving_variance:0 || efficientnetb0/block5c_expand_bn/beta:0 || efficientnetb0/block5c_expand_bn/gamma:0 || efficientnetb0/block5c_expand_bn/moving_mean:0 || efficientnetb0/block5c_expand_bn/moving_variance:0 || efficientnetb0/block5c_se_expand/bias:0 || efficientnetb0/block6a_bn/beta:0 || efficientnetb0/block6a_bn/gamma:0 || efficientnetb0/block6a_bn/moving_mean:0 || efficientnetb0/block6a_bn/moving_variance:0 || efficientnetb0/block6a_expand_bn/beta:0 || efficientnetb0/block6a_expand_bn/gamma:0 || efficientnetb0/block6a_expand_bn/moving_mean:0 || efficientnetb0/block6a_expand_bn/moving_variance:0 || efficientnetb0/block6a_se_expand/bias:0
block5b_bn/moving_mean:0,"(672,)",672,27,efficientnetb0/block5b_bn/beta:0 || efficientnetb0/block5b_bn/gamma:0 || efficientnetb0/block5b_bn/moving_mean:0 || efficientnetb0/block5b_bn/moving_variance:0 || efficientnetb0/block5b_expand_bn/beta:0 || efficientnetb0/block5b_expand_bn/gamma:0 || efficientnetb0/block5b_expand_bn/moving_mean:0 || efficientnetb0/block5b_expand_bn/moving_variance:0 || efficientnetb0/block5b_se_expand/bias:0 || efficientnetb0/block5c_bn/beta:0 || efficientnetb0/block5c_bn/gamma:0 || efficientnetb0/block5c_bn/moving_mean:0 || efficientnetb0/block5c_bn/moving_variance:0 || efficientnetb0/block5c_expand_bn/beta:0 || efficientnetb0/block5c_expand_bn/gamma:0 || efficientnetb0/block5c_expand_bn/moving_mean:0 || efficientnetb0/block5c_expand_bn/moving_variance:0 || efficientnetb0/block5c_se_expand/bias:0 || efficientnetb0/block6a_bn/beta:0 || efficientnetb0/block6a_bn/gamma:0 || efficientnetb0/block6a_bn/moving_mean:0 || efficientnetb0/block6a_bn/moving_variance:0 || efficientnetb0/block6a_expand_bn/beta:0 || efficientnetb0/block6a_expand_bn/gamma:0 || efficientnetb0/block6a_expand_bn/moving_mean:0 || efficientnetb0/block6a_expand_bn/moving_variance:0 || efficientnetb0/block6a_se_expand/bias:0
block5b_bn/moving_variance:0,"(672,)",672,27,efficientnetb0/block5b_bn/beta:0 || efficientnetb0/block5b_bn/gamma:0 || efficientnetb0/block5b_bn/moving_mean:0 || efficientnetb0/block5b_bn/moving_variance:0 || efficientnetb0/block5b_expand_bn/beta:0 || efficientnetb0/block5b_expand_bn/gamma:0 || efficientnetb0/block5b_expand_bn/moving_mean:0 || efficientnetb0/block5b_expand_bn/moving_variance:0 || efficientnetb0/block5b_se_expand/bias:0 || efficientnetb0/block5c_bn/beta:0 || efficientnetb0/block5c_bn/gamma:0 || efficientnetb0/block5c_bn/moving_mean:0 || efficientnetb0/block5c_bn/moving_variance:0 || efficientnetb0/block5c_expand_bn/beta:0 || efficientnetb0/block5c_expand_bn/gamma:0 || efficientnetb0/block5c_expand_bn/moving_mean:0 || efficientnetb0/block5c_expand_bn/moving_variance:0 || efficientnetb0/block5c_se_expand/bias:0 || efficientnetb0/block6a_bn/beta:0 || efficientnetb0/block6a_bn/gamma:0 || efficientnetb0/block6a_bn/moving_mean:0 || efficientnetb0/block6a_bn/moving_variance:0 || efficientnetb0/block6a_expand_bn/beta:0 || efficientnetb0/block6a_expand_bn/gamma:0 || efficientnetb0/block6a_expand_bn/moving_mean:0 || efficientnetb0/block6a_expand_bn/moving_variance:0 || efficientnetb0/block6a_se_expand/bias:0
block5b_se_reduce/kernel:0,"(1, 1, 672, 28)",18816,3,efficientnetb0/block5b_se_reduce/kernel:0 || efficientnetb0/block5c_se_reduce/kernel:0 || efficientnetb0/block6a_se_reduce/kernel:0
block5b_se_reduce/bias:0,"(28,)",28,3,efficientnetb0/block5b_se_reduce/bias:0 || efficientnetb0/block5c_se_reduce/bias:0 || efficientnetb0/block6a_se_reduce/bias:0
block5b_se_expand/kernel:0,"(1, 1, 28, 672)",18816,3,efficientnetb0/block5b_se_expand/kernel:0 || efficientnetb0/block5c_se_expand/kernel:0 || efficientnetb0/block6a_se_expand/kernel:0
block5b_se_expand/bias:0,"(672,)",672,27,efficientnetb0/block5b_bn/beta:0 || efficientnetb0/block5b_bn/gamma:0 || efficientnetb0/block5b_bn/moving_mean:0 || efficientnetb0/block5b_bn/moving_variance:0 || efficientnetb0/block5b_expand_bn/beta:0 || efficientnetb0/block5b_expand_bn/gamma:0 || efficientnetb0/block5b_expand_bn/moving_mean:0 || efficientnetb0/block5b_expand_bn/moving_variance:0 || efficientnetb0/block5b_se_expand/bias:0 || efficientnetb0/block5c_bn/beta:0 || efficientnetb0/block5c_bn/gamma:0 || efficientnetb0/block5c_bn/moving_mean:0 || efficientnetb0/block5c_bn/moving_variance:0 || efficientnetb0/block5c_expand_bn/beta:0 || efficientnetb0/block5c_expand_bn/gamma:0 || efficientnetb0/block5c_expand_bn/moving_mean:0 || efficientnetb0/block5c_expand_bn/moving_variance:0 || efficientnetb0/block5c_se_expand/bias:0 || efficientnetb0/block6a_bn/beta:0 || efficientnetb0/block6a_bn/gamma:0 || efficientnetb0/block6a_bn/moving_mean:0 || efficientnetb0/block6a_bn/moving_variance:0 || efficientnetb0/block6a_expand_bn/beta:0 || efficientnetb0/block6a_expand_bn/gamma:0 || efficientnetb0/block6a_expand_bn/moving_mean:0 || efficientnetb0/block6a_expand_bn/moving_variance:0 || efficientnetb0/block6a_se_expand/bias:0
block5b_project_conv/kernel:0,"(1, 1, 672, 112)",75264,2,efficientnetb0/block5b_project_conv/kernel:0 || efficientnetb0/block5c_project_conv/kernel:0
block5b_project_bn/gamma:0,"(112,)",112,12,efficientnetb0/block5a_project_bn/beta:0 || efficientnetb0/block5a_project_bn/gamma:0 || efficientnetb0/block5a_project_bn/moving_mean:0 || efficientnetb0/block5a_project_bn/moving_variance:0 || efficientnetb0/block5b_project_bn/beta:0 || efficientnetb0/block5b_project_bn/gamma:0 || efficientnetb0/block5b_project_bn/moving_mean:0 || efficientnetb0/block5b_project_bn/moving_variance:0 || efficientnetb0/block5c_project_bn/beta:0 || efficientnetb0/block5c_project_bn/gamma:0 || efficientnetb0/block5c_project_bn/moving_mean:0 || efficientnetb0/block5c_project_bn/moving_variance:0
block5b_project_bn/beta:0,"(112,)",112,12,efficientnetb0/block5a_project_bn/beta:0 || efficientnetb0/block5a_project_bn/gamma:0 || efficientnetb0/block5a_project_bn/moving_mean:0 || efficientnetb0/block5a_project_bn/moving_variance:0 || efficientnetb0/block5b_project_bn/beta:0 || efficientnetb0/block5b_project_bn/gamma:0 || efficientnetb0/block5b_project_bn/moving_mean:0 || efficientnetb0/block5b_project_bn/moving_variance:0 || efficientnetb0/block5c_project_bn/beta:0 || efficientnetb0/block5c_project_bn/gamma:0 || efficientnetb0/block5c_project_bn/moving_mean:0 || efficientnetb0/block5c_project_bn/moving_variance:0
block5b_project_bn/moving_mean:0,"(112,)",112,12,efficientnetb0/block5a_project_bn/beta:0 || efficientnetb0/block5a_project_bn/gamma:0 || efficientnetb0/block5a_project_bn/moving_mean:0 || efficientnetb0/block5a_project_bn/moving_variance:0 || efficientnetb0/block5b_project_bn/beta:0 || efficientnetb0/block5b_project_bn/gamma:0 || efficientnetb0/block5b_project_bn/moving_mean:0 || efficientnetb0/block5b_project_bn/moving_variance:0 || efficientnetb0/block5c_project_bn/beta:0 || efficientnetb0/block5c_project_bn/gamma:0 || efficientnetb0/block5c_project_bn/moving_mean:0 || efficientnetb0/block5c_project_bn/moving_variance:0
block5b_project_bn/moving_variance:0,"(112,)",112,12,efficientnetb0/block5a_project_bn/beta:0 || efficientnetb0/block5a_project_bn/gamma:0 || efficientnetb0/block5a_project_bn/moving_mean:0 || efficientnetb0/block5a_project_bn/moving_variance:0 || efficientnetb0/block5b_project_bn/beta:0 || efficientnetb0/block5b_project_bn/gamma:0 || efficientnetb0/block5b_project_bn/moving_mean:0 || efficientnetb0/block5b_project_bn/moving_variance:0 || efficientnetb0/block5c_project_bn/beta:0 || efficientnetb0/block5c_project_bn/gamma:0 || efficientnetb0/block5c_project_bn/moving_mean:0 || efficientnetb0/block5c_project_bn/moving_variance:0
block5c_expand_conv/kernel:0,"(1, 1, 112, 672)",75264,3,efficientnetb0/block5b_expand_conv/kernel:0 || efficientnetb0/block5c_expand_conv/kernel:0 || efficientnetb0/block6a_expand_conv/kernel:0
block5c_expand_bn/gamma:0,"(672,)",672,27,efficientnetb0/block5b_bn/beta:0 || efficientnetb0/block5b_bn/gamma:0 || efficientnetb0/block5b_bn/moving_mean:0 || efficientnetb0/block5b_bn/moving_variance:0 || efficientnetb0/block5b_expand_bn/beta:0 || efficientnetb0/block5b_expand_bn/gamma:0 || efficientnetb0/block5b_expand_bn/moving_mean:0 || efficientnetb0/block5b_expand_bn/moving_variance:0 || efficientnetb0/block5b_se_expand/bias:0 || efficientnetb0/block5c_bn/beta:0 || efficientnetb0/block5c_bn/gamma:0 || efficientnetb0/block5c_bn/moving_mean:0 || efficientnetb0/block5c_bn/moving_variance:0 || efficientnetb0/block5c_expand_bn/beta:0 || efficientnetb0/block5c_expand_bn/gamma:0 || efficientnetb0/block5c_expand_bn/moving_mean:0 || efficientnetb0/block5c_expand_bn/moving_variance:0 || efficientnetb0/block5c_se_expand/bias:0 || efficientnetb0/block6a_bn/beta:0 || efficientnetb0/block6a_bn/gamma:0 || efficientnetb0/block6a_bn/moving_mean:0 || efficientnetb0/block6a_bn/moving_variance:0 || efficientnetb0/block6a_expand_bn/beta:0 || efficientnetb0/block6a_expand_bn/gamma:0 || efficientnetb0/block6a_expand_bn/moving_mean:0 || efficientnetb0/block6a_expand_bn/moving_variance:0 || efficientnetb0/block6a_se_expand/bias:0
block5c_expand_bn/beta:0,"(672,)",672,27,efficientnetb0/block5b_bn/beta:0 || efficientnetb0/block5b_bn/gamma:0 || efficientnetb0/block5b_bn/moving_mean:0 || efficientnetb0/block5b_bn/moving_variance:0 || efficientnetb0/block5b_expand_bn/beta:0 || efficientnetb0/block5b_expand_bn/gamma:0 || efficientnetb0/block5b_expand_bn/moving_mean:0 || efficientnetb0/block5b_expand_bn/moving_variance:0 || efficientnetb0/block5b_se_expand/bias:0 || efficientnetb0/block5c_bn/beta:0 || efficientnetb0/block5c_bn/gamma:0 || efficientnetb0/block5c_bn/moving_mean:0 || efficientnetb0/block5c_bn/moving_variance:0 || efficientnetb0/block5c_expand_bn/beta:0 || efficientnetb0/block5c_expand_bn/gamma:0 || efficientnetb0/block5c_expand_bn/moving_mean:0 || efficientnetb0/block5c_expand_bn/moving_variance:0 || efficientnetb0/block5c_se_expand/bias:0 || efficientnetb0/block6a_bn/beta:0 || efficientnetb0/block6a_bn/gamma:0 || efficientnetb0/block6a_bn/moving_mean:0 || efficientnetb0/block6a_bn/moving_variance:0 || efficientnetb0/block6a_expand_bn/beta:0 || efficientnetb0/block6a_expand_bn/gamma:0 || efficientnetb0/block6a_expand_bn/moving_mean:0 || efficientnetb0/block6a_expand_bn/moving_variance:0 || efficientnetb0/block6a_se_expand/bias:0
block5c_expand_bn/moving_mean:0,"(672,)",672,27,efficientnetb0/block5b_bn/beta:0 || efficientnetb0/block5b_bn/gamma:0 || efficientnetb0/block5b_bn/moving_mean:0 || efficientnetb0/block5b_bn/moving_variance:0 || efficientnetb0/block5b_expand_bn/beta:0 || efficientnetb0/block5b_expand_bn/gamma:0 || efficientnetb0/block5b_expand_bn/moving_mean:0 || efficientnetb0/block5b_expand_bn/moving_variance:0 || efficientnetb0/block5b_se_expand/bias:0 || efficientnetb0/block5c_bn/beta:0 || efficientnetb0/block5c_bn/gamma:0 || efficientnetb0/block5c_bn/moving_mean:0 || efficientnetb0/block5c_bn/moving_variance:0 || efficientnetb0/block5c_expand_bn/beta:0 || efficientnetb0/block5c_expand_bn/gamma:0 || efficientnetb0/block5c_expand_bn/moving_mean:0 || efficientnetb0/block5c_expand_bn/moving_variance:0 || efficientnetb0/block5c_se_expand/bias:0 || efficientnetb0/block6a_bn/beta:0 || efficientnetb0/block6a_bn/gamma:0 || efficientnetb0/block6a_bn/moving_mean:0 || efficientnetb0/block6a_bn/moving_variance:0 || efficientnetb0/block6a_expand_bn/beta:0 || efficientnetb0/block6a_expand_bn/gamma:0 || efficientnetb0/block6a_expand_bn/moving_mean:0 || efficientnetb0/block6a_expand_bn/moving_variance:0 || efficientnetb0/block6a_se_expand/bias:0
block5c_expand_bn/moving_variance:0,"(672,)",672,27,efficientnetb0/block5b_bn/beta:0 || efficientnetb0/block5b_bn/gamma:0 || efficientnetb0/block5b_bn/moving_mean:0 || efficientnetb0/block5b_bn/moving_variance:0 || efficientnetb0/block5b_expand_bn/beta:0 || efficientnetb0/block5b_expand_bn/gamma:0 || efficientnetb0/block5b_expand_bn/moving_mean:0 || efficientnetb0/block5b_expand_bn/moving_variance:0 || efficientnetb0/block5b_se_expand/bias:0 || efficientnetb0/block5c_bn/beta:0 || efficientnetb0/block5c_bn/gamma:0 || efficientnetb0/block5c_bn/moving_mean:0 || efficientnetb0/block5c_bn/moving_variance:0 || efficientnetb0/block5c_expand_bn/beta:0 || efficientnetb0/block5c_expand_bn/gamma:0 || efficientnetb0/block5c_expand_bn/moving_mean:0 || efficientnetb0/block5c_expand_bn/moving_variance:0 || efficientnetb0/block5c_se_expand/bias:0 || efficientnetb0/block6a_bn/beta:0 || efficientnetb0/block6a_bn/gamma:0 || efficientnetb0/block6a_bn/moving_mean:0 || efficientnetb0/block6a_bn/moving_variance:0 || efficientnetb0/block6a_expand_bn/beta:0 || efficientnetb0/block6a_expand_bn/gamma:0 || efficientnetb0/block6a_expand_bn/moving_mean:0 || efficientnetb0/block6a_expand_bn/moving_variance:0 || efficientnetb0/block6a_se_expand/bias:0
block5c_dwconv/depthwise_kernel:0,"(5, 5, 672, 1)",16800,3,efficientnetb0/block5b_dwconv/depthwise_kernel:0 || efficientnetb0/block5c_dwconv/depthwise_kernel:0 || efficientnetb0/block6a_dwconv/depthwise_kernel:0
block5c_bn/gamma:0,"(672,)",672,27,efficientnetb0/block5b_bn/beta:0 || efficientnetb0/block5b_bn/gamma:0 || efficientnetb0/block5b_bn/moving_mean:0 || efficientnetb0/block5b_bn/moving_variance:0 || efficientnetb0/block5b_expand_bn/beta:0 || efficientnetb0/block5b_expand_bn/gamma:0 || efficientnetb0/block5b_expand_bn/moving_mean:0 || efficientnetb0/block5b_expand_bn/moving_variance:0 || efficientnetb0/block5b_se_expand/bias:0 || efficientnetb0/block5c_bn/beta:0 || efficientnetb0/block5c_bn/gamma:0 || efficientnetb0/block5c_bn/moving_mean:0 || efficientnetb0/block5c_bn/moving_variance:0 || efficientnetb0/block5c_expand_bn/beta:0 || efficientnetb0/block5c_expand_bn/gamma:0 || efficientnetb0/block5c_expand_bn/moving_mean:0 || efficientnetb0/block5c_expand_bn/moving_variance:0 || efficientnetb0/block5c_se_expand/bias:0 || efficientnetb0/block6a_bn/beta:0 || efficientnetb0/block6a_bn/gamma:0 || efficientnetb0/block6a_bn/moving_mean:0 || efficientnetb0/block6a_bn/moving_variance:0 || efficientnetb0/block6a_expand_bn/beta:0 || efficientnetb0/block6a_expand_bn/gamma:0 || efficientnetb0/block6a_expand_bn/moving_mean:0 || efficientnetb0/block6a_expand_bn/moving_variance:0 || efficientnetb0/block6a_se_expand/bias:0
block5c_bn/beta:0,"(672,)",672,27,efficientnetb0/block5b_bn/beta:0 || efficientnetb0/block5b_bn/gamma:0 || efficientnetb0/block5b_bn/moving_mean:0 || efficientnetb0/block5b_bn/moving_variance:0 || efficientnetb0/block5b_expand_bn/beta:0 || efficientnetb0/block5b_expand_bn/gamma:0 || efficientnetb0/block5b_expand_bn/moving_mean:0 || efficientnetb0/block5b_expand_bn/moving_variance:0 || efficientnetb0/block5b_se_expand/bias:0 || efficientnetb0/block5c_bn/beta:0 || efficientnetb0/block5c_bn/gamma:0 || efficientnetb0/block5c_bn/moving_mean:0 || efficientnetb0/block5c_bn/moving_variance:0 || efficientnetb0/block5c_expand_bn/beta:0 || efficientnetb0/block5c_expand_bn/gamma:0 || efficientnetb0/block5c_expand_bn/moving_mean:0 || efficientnetb0/block5c_expand_bn/moving_variance:0 || efficientnetb0/block5c_se_expand/bias:0 || efficientnetb0/block6a_bn/beta:0 || efficientnetb0/block6a_bn/gamma:0 || efficientnetb0/block6a_bn/moving_mean:0 || efficientnetb0/block6a_bn/moving_variance:0 || efficientnetb0/block6a_expand_bn/beta:0 || efficientnetb0/block6a_expand_bn/gamma:0 || efficientnetb0/block6a_expand_bn/moving_mean:0 || efficientnetb0/block6a_expand_bn/moving_variance:0 || efficientnetb0/block6a_se_expand/bias:0
block5c_bn/moving_mean:0,"(672,)",672,27,efficientnetb0/block5b_bn/beta:0 || efficientnetb0/block5b_bn/gamma:0 || efficientnetb0/block5b_bn/moving_mean:0 || efficientnetb0/block5b_bn/moving_variance:0 || efficientnetb0/block5b_expand_bn/beta:0 || efficientnetb0/block5b_expand_bn/gamma:0 || efficientnetb0/block5b_expand_bn/moving_mean:0 || efficientnetb0/block5b_expand_bn/moving_variance:0 || efficientnetb0/block5b_se_expand/bias:0 || efficientnetb0/block5c_bn/beta:0 || efficientnetb0/block5c_bn/gamma:0 || efficientnetb0/block5c_bn/moving_mean:0 || efficientnetb0/block5c_bn/moving_variance:0 || efficientnetb0/block5c_expand_bn/beta:0 || efficientnetb0/block5c_expand_bn/gamma:0 || efficientnetb0/block5c_expand_bn/moving_mean:0 || efficientnetb0/block5c_expand_bn/moving_variance:0 || efficientnetb0/block5c_se_expand/bias:0 || efficientnetb0/block6a_bn/beta:0 || efficientnetb0/block6a_bn/gamma:0 || efficientnetb0/block6a_bn/moving_mean:0 || efficientnetb0/block6a_bn/moving_variance:0 || efficientnetb0/block6a_expand_bn/beta:0 || efficientnetb0/block6a_expand_bn/gamma:0 || efficientnetb0/block6a_expand_bn/moving_mean:0 || efficientnetb0/block6a_expand_bn/moving_variance:0 || efficientnetb0/block6a_se_expand/bias:0
block5c_bn/moving_variance:0,"(672,)",672,27,efficientnetb0/block5b_bn/beta:0 || efficientnetb0/block5b_bn/gamma:0 || efficientnetb0/block5b_bn/moving_mean:0 || efficientnetb0/block5b_bn/moving_variance:0 || efficientnetb0/block5b_expand_bn/beta:0 || efficientnetb0/block5b_expand_bn/gamma:0 || efficientnetb0/block5b_expand_bn/moving_mean:0 || efficientnetb0/block5b_expand_bn/moving_variance:0 || efficientnetb0/block5b_se_expand/bias:0 || efficientnetb0/block5c_bn/beta:0 || efficientnetb0/block5c_bn/gamma:0 || efficientnetb0/block5c_bn/moving_mean:0 || efficientnetb0/block5c_bn/moving_variance:0 || efficientnetb0/block5c_expand_bn/beta:0 || efficientnetb0/block5c_expand_bn/gamma:0 || efficientnetb0/block5c_expand_bn/moving_mean:0 || efficientnetb0/block5c_expand_bn/moving_variance:0 || efficientnetb0/block5c_se_expand/bias:0 || efficientnetb0/block6a_bn/beta:0 || efficientnetb0/block6a_bn/gamma:0 || efficientnetb0/block6a_bn/moving_mean:0 || efficientnetb0/block6a_bn/moving_variance:0 || efficientnetb0/block6a_expand_bn/beta:0 || efficientnetb0/block6a_expand_bn/gamma:0 || efficientnetb0/block6a_expand_bn/moving_mean:0 || efficientnetb0/block6a_expand_bn/moving_variance:0 || efficientnetb0/block6a_se_expand/bias:0
block5c_se_reduce/kernel:0,"(1, 1, 672, 28)",18816,3,efficientnetb0/block5b_se_reduce/kernel:0 || efficientnetb0/block5c_se_reduce/kernel:0 || efficientnetb0/block6a_se_reduce/kernel:0
block5c_se_reduce/bias:0,"(28,)",28,3,efficientnetb0/block5b_se_reduce/bias:0 || efficientnetb0/block5c_se_reduce/bias:0 || efficientnetb0/block6a_se_reduce/bias:0
block5c_se_expand/kernel:0,"(1, 1, 28, 672)",18816,3,efficientnetb0/block5b_se_expand/kernel:0 || efficientnetb0/block5c_se_expand/kernel:0 || efficientnetb0/block6a_se_expand/kernel:0
block5c_se_expand/bias:0,"(672,)",672,27,efficientnetb0/block5b_bn/beta:0 || efficientnetb0/block5b_bn/gamma:0 || efficientnetb0/block5b_bn/moving_mean:0 || efficientnetb0/block5b_bn/moving_variance:0 || efficientnetb0/block5b_expand_bn/beta:0 || efficientnetb0/block5b_expand_bn/gamma:0 || efficientnetb0/block5b_expand_bn/moving_mean:0 || efficientnetb0/block5b_expand_bn/moving_variance:0 || efficientnetb0/block5b_se_expand/bias:0 || efficientnetb0/block5c_bn/beta:0 || efficientnetb0/block5c_bn/gamma:0 || efficientnetb0/block5c_bn/moving_mean:0 || efficientnetb0/block5c_bn/moving_variance:0 || efficientnetb0/block5c_expand_bn/beta:0 || efficientnetb0/block5c_expand_bn/gamma:0 || efficientnetb0/block5c_expand_bn/moving_mean:0 || efficientnetb0/block5c_expand_bn/moving_variance:0 || efficientnetb0/block5c_se_expand/bias:0 || efficientnetb0/block6a_bn/beta:0 || efficientnetb0/block6a_bn/gamma:0 || efficientnetb0/block6a_bn/moving_mean:0 || efficientnetb0/block6a_bn/moving_variance:0 || efficientnetb0/block6a_expand_bn/beta:0 || efficientnetb0/block6a_expand_bn/gamma:0 || efficientnetb0/block6a_expand_bn/moving_mean:0 || efficientnetb0/block6a_expand_bn/moving_variance:0 || efficientnetb0/block6a_se_expand/bias:0
block5c_project_conv/kernel:0,"(1, 1, 672, 112)",75264,2,efficientnetb0/block5b_project_conv/kernel:0 || efficientnetb0/block5c_project_conv/kernel:0
block5c_project_bn/gamma:0,"(112,)",112,12,efficientnetb0/block5a_project_bn/beta:0 || efficientnetb0/block5a_project_bn/gamma:0 || efficientnetb0/block5a_project_bn/moving_mean:0 || efficientnetb0/block5a_project_bn/moving_variance:0 || efficientnetb0/block5b_project_bn/beta:0 || efficientnetb0/block5b_project_bn/gamma:0 || efficientnetb0/block5b_project_bn/moving_mean:0 || efficientnetb0/block5b_project_bn/moving_variance:0 || efficientnetb0/block5c_project_bn/beta:0 || efficientnetb0/block5c_project_bn/gamma:0 || efficientnetb0/block5c_project_bn/moving_mean:0 || efficientnetb0/block5c_project_bn/moving_variance:0
block5c_project_bn/beta:0,"(112,)",112,12,efficientnetb0/block5a_project_bn/beta:0 || efficientnetb0/block5a_project_bn/gamma:0 || efficientnetb0/block5a_project_bn/moving_mean:0 || efficientnetb0/block5a_project_bn/moving_variance:0 || efficientnetb0/block5b_project_bn/beta:0 || efficientnetb0/block5b_project_bn/gamma:0 || efficientnetb0/block5b_project_bn/moving_mean:0 || efficientnetb0/block5b_project_bn/moving_variance:0 || efficientnetb0/block5c_project_bn/beta:0 || efficientnetb0/block5c_project_bn/gamma:0 || efficientnetb0/block5c_project_bn/moving_mean:0 || efficientnetb0/block5c_project_bn/moving_variance:0
block5c_project_bn/moving_mean:0,"(112,)",112,12,efficientnetb0/block5a_project_bn/beta:0 || efficientnetb0/block5a_project_bn/gamma:0 || efficientnetb0/block5a_project_bn/moving_mean:0 || efficientnetb0/block5a_project_bn/moving_variance:0 || efficientnetb0/block5b_project_bn/beta:0 || efficientnetb0/block5b_project_bn/gamma:0 || efficientnetb0/block5b_project_bn/moving_mean:0 || efficientnetb0/block5b_project_bn/moving_variance:0 || efficientnetb0/block5c_project_bn/beta:0 || efficientnetb0/block5c_project_bn/gamma:0 || efficientnetb0/block5c_project_bn/moving_mean:0 || efficientnetb0/block5c_project_bn/moving_variance:0
block5c_project_bn/moving_variance:0,"(112,)",112,12,efficientnetb0/block5a_project_bn/beta:0 || efficientnetb0/block5a_project_bn/gamma:0 || efficientnetb0/block5a_project_bn/moving_mean:0 || efficientnetb0/block5a_project_bn/moving_variance:0 || efficientnetb0/block5b_project_bn/beta:0 || efficientnetb0/block5b_project_bn/gamma:0 || efficientnetb0/block5b_project_bn/moving_mean:0 || efficientnetb0/block5b_project_bn/moving_variance:0 || efficientnetb0/block5c_project_bn/beta:0 || efficientnetb0/block5c_project_bn/gamma:0 || efficientnetb0/block5c_project_bn/moving_mean:0 || efficientnetb0/block5c_project_bn/moving_variance:0
block6a_expand_conv/kernel:0,"(1, 1, 112, 672)",75264,3,efficientnetb0/block5b_expand_conv/kernel:0 || efficientnetb0/block5c_expand_conv/kernel:0 || efficientnetb0/block6a_expand_conv/kernel:0
block6a_expand_bn/gamma:0,"(672,)",672,27,efficientnetb0/block5b_bn/beta:0 || efficientnetb0/block5b_bn/gamma:0 || efficientnetb0/block5b_bn/moving_mean:0 || efficientnetb0/block5b_bn/moving_variance:0 || efficientnetb0/block5b_expand_bn/beta:0 || efficientnetb0/block5b_expand_bn/gamma:0 || efficientnetb0/block5b_expand_bn/moving_mean:0 || efficientnetb0/block5b_expand_bn/moving_variance:0 || efficientnetb0/block5b_se_expand/bias:0 || efficientnetb0/block5c_bn/beta:0 || efficientnetb0/block5c_bn/gamma:0 || efficientnetb0/block5c_bn/moving_mean:0 || efficientnetb0/block5c_bn/moving_variance:0 || efficientnetb0/block5c_expand_bn/beta:0 || efficientnetb0/block5c_expand_bn/gamma:0 || efficientnetb0/block5c_expand_bn/moving_mean:0 || efficientnetb0/block5c_expand_bn/moving_variance:0 || efficientnetb0/block5c_se_expand/bias:0 || efficientnetb0/block6a_bn/beta:0 || efficientnetb0/block6a_bn/gamma:0 || efficientnetb0/block6a_bn/moving_mean:0 || efficientnetb0/block6a_bn/moving_variance:0 || efficientnetb0/block6a_expand_bn/beta:0 || efficientnetb0/block6a_expand_bn/gamma:0 || efficientnetb0/block6a_expand_bn/moving_mean:0 || efficientnetb0/block6a_expand_bn/moving_variance:0 || efficientnetb0/block6a_se_expand/bias:0
block6a_expand_bn/beta:0,"(672,)",672,27,efficientnetb0/block5b_bn/beta:0 || efficientnetb0/block5b_bn/gamma:0 || efficientnetb0/block5b_bn/moving_mean:0 || efficientnetb0/block5b_bn/moving_variance:0 || efficientnetb0/block5b_expand_bn/beta:0 || efficientnetb0/block5b_expand_bn/gamma:0 || efficientnetb0/block5b_expand_bn/moving_mean:0 || efficientnetb0/block5b_expand_bn/moving_variance:0 || efficientnetb0/block5b_se_expand/bias:0 || efficientnetb0/block5c_bn/beta:0 || efficientnetb0/block5c_bn/gamma:0 || efficientnetb0/block5c_bn/moving_mean:0 || efficientnetb0/block5c_bn/moving_variance:0 || efficientnetb0/block5c_expand_bn/beta:0 || efficientnetb0/block5c_expand_bn/gamma:0 || efficientnetb0/block5c_expand_bn/moving_mean:0 || efficientnetb0/block5c_expand_bn/moving_variance:0 || efficientnetb0/block5c_se_expand/bias:0 || efficientnetb0/block6a_bn/beta:0 || efficientnetb0/block6a_bn/gamma:0 || efficientnetb0/block6a_bn/moving_mean:0 || efficientnetb0/block6a_bn/moving_variance:0 || efficientnetb0/block6a_expand_bn/beta:0 || efficientnetb0/block6a_expand_bn/gamma:0 || efficientnetb0/block6a_expand_bn/moving_mean:0 || efficientnetb0/block6a_expand_bn/moving_variance:0 || efficientnetb0/block6a_se_expand/bias:0
block6a_expand_bn/moving_mean:0,"(672,)",672,27,efficientnetb0/block5b_bn/beta:0 || efficientnetb0/block5b_bn/gamma:0 || efficientnetb0/block5b_bn/moving_mean:0 || efficientnetb0/block5b_bn/moving_variance:0 || efficientnetb0/block5b_expand_bn/beta:0 || efficientnetb0/block5b_expand_bn/gamma:0 || efficientnetb0/block5b_expand_bn/moving_mean:0 || efficientnetb0/block5b_expand_bn/moving_variance:0 || efficientnetb0/block5b_se_expand/bias:0 || efficientnetb0/block5c_bn/beta:0 || efficientnetb0/block5c_bn/gamma:0 || efficientnetb0/block5c_bn/moving_mean:0 || efficientnetb0/block5c_bn/moving_variance:0 || efficientnetb0/block5c_expand_bn/beta:0 || efficientnetb0/block5c_expand_bn/gamma:0 || efficientnetb0/block5c_expand_bn/moving_mean:0 || efficientnetb0/block5c_expand_bn/moving_variance:0 || efficientnetb0/block5c_se_expand/bias:0 || efficientnetb0/block6a_bn/beta:0 || efficientnetb0/block6a_bn/gamma:0 || efficientnetb0/block6a_bn/moving_mean:0 || efficientnetb0/block6a_bn/moving_variance:0 || efficientnetb0/block6a_expand_bn/beta:0 || efficientnetb0/block6a_expand_bn/gamma:0 || efficientnetb0/block6a_expand_bn/moving_mean:0 || efficientnetb0/block6a_expand_bn/moving_variance:0 || efficientnetb0/block6a_se_expand/bias:0
block6a_expand_bn/moving_variance:0,"(672,)",672,27,efficientnetb0/block5b_bn/beta:0 || efficientnetb0/block5b_bn/gamma:0 || efficientnetb0/block5b_bn/moving_mean:0 || efficientnetb0/block5b_bn/moving_variance:0 || efficientnetb0/block5b_expand_bn/beta:0 || efficientnetb0/block5b_expand_bn/gamma:0 || efficientnetb0/block5b_expand_bn/moving_mean:0 || efficientnetb0/block5b_expand_bn/moving_variance:0 || efficientnetb0/block5b_se_expand/bias:0 || efficientnetb0/block5c_bn/beta:0 || efficientnetb0/block5c_bn/gamma:0 || efficientnetb0/block5c_bn/moving_mean:0 || efficientnetb0/block5c_bn/moving_variance:0 || efficientnetb0/block5c_expand_bn/beta:0 || efficientnetb0/block5c_expand_bn/gamma:0 || efficientnetb0/block5c_expand_bn/moving_mean:0 || efficientnetb0/block5c_expand_bn/moving_variance:0 || efficientnetb0/block5c_se_expand/bias:0 || efficientnetb0/block6a_bn/beta:0 || efficientnetb0/block6a_bn/gamma:0 || efficientnetb0/block6a_bn/moving_mean:0 || efficientnetb0/block6a_bn/moving_variance:0 || efficientnetb0/block6a_expand_bn/beta:0 || efficientnetb0/block6a_expand_bn/gamma:0 || efficientnetb0/block6a_expand_bn/moving_mean:0 || efficientnetb0/block6a_expand_bn/moving_variance:0 || efficientnetb0/block6a_se_expand/bias:0
block6a_dwconv/depthwise_kernel:0,"(5, 5, 672, 1)",16800,3,efficientnetb0/block5b_dwconv/depthwise_kernel:0 || efficientnetb0/block5c_dwconv/depthwise_kernel:0 || efficientnetb0/block6a_dwconv/depthwise_kernel:0
block6a_bn/gamma:0,"(672,)",672,27,efficientnetb0/block5b_bn/beta:0 || efficientnetb0/block5b_bn/gamma:0 || efficientnetb0/block5b_bn/moving_mean:0 || efficientnetb0/block5b_bn/moving_variance:0 || efficientnetb0/block5b_expand_bn/beta:0 || efficientnetb0/block5b_expand_bn/gamma:0 || efficientnetb0/block5b_expand_bn/moving_mean:0 || efficientnetb0/block5b_expand_bn/moving_variance:0 || efficientnetb0/block5b_se_expand/bias:0 || efficientnetb0/block5c_bn/beta:0 || efficientnetb0/block5c_bn/gamma:0 || efficientnetb0/block5c_bn/moving_mean:0 || efficientnetb0/block5c_bn/moving_variance:0 || efficientnetb0/block5c_expand_bn/beta:0 || efficientnetb0/block5c_expand_bn/gamma:0 || efficientnetb0/block5c_expand_bn/moving_mean:0 || efficientnetb0/block5c_expand_bn/moving_variance:0 || efficientnetb0/block5c_se_expand/bias:0 || efficientnetb0/block6a_bn/beta:0 || efficientnetb0/block6a_bn/gamma:0 || efficientnetb0/block6a_bn/moving_mean:0 || efficientnetb0/block6a_bn/moving_variance:0 || efficientnetb0/block6a_expand_bn/beta:0 || efficientnetb0/block6a_expand_bn/gamma:0 || efficientnetb0/block6a_expand_bn/moving_mean:0 || efficientnetb0/block6a_expand_bn/moving_variance:0 || efficientnetb0/block6a_se_expand/bias:0
block6a_bn/beta:0,"(672,)",672,27,efficientnetb0/block5b_bn/beta:0 || efficientnetb0/block5b_bn/gamma:0 || efficientnetb0/block5b_bn/moving_mean:0 || efficientnetb0/block5b_bn/moving_variance:0 || efficientnetb0/block5b_expand_bn/beta:0 || efficientnetb0/block5b_expand_bn/gamma:0 || efficientnetb0/block5b_expand_bn/moving_mean:0 || efficientnetb0/block5b_expand_bn/moving_variance:0 || efficientnetb0/block5b_se_expand/bias:0 || efficientnetb0/block5c_bn/beta:0 || efficientnetb0/block5c_bn/gamma:0 || efficientnetb0/block5c_bn/moving_mean:0 || efficientnetb0/block5c_bn/moving_variance:0 || efficientnetb0/block5c_expand_bn/beta:0 || efficientnetb0/block5c_expand_bn/gamma:0 || efficientnetb0/block5c_expand_bn/moving_mean:0 || efficientnetb0/block5c_expand_bn/moving_variance:0 || efficientnetb0/block5c_se_expand/bias:0 || efficientnetb0/block6a_bn/beta:0 || efficientnetb0/block6a_bn/gamma:0 || efficientnetb0/block6a_bn/moving_mean:0 || efficientnetb0/block6a_bn/moving_variance:0 || efficientnetb0/block6a_expand_bn/beta:0 || efficientnetb0/block6a_expand_bn/gamma:0 || efficientnetb0/block6a_expand_bn/moving_mean:0 || efficientnetb0/block6a_expand_bn/moving_variance:0 || efficientnetb0/block6a_se_expand/bias:0
block6a_bn/moving_mean:0,"(672,)",672,27,efficientnetb0/block5b_bn/beta:0 || efficientnetb0/block5b_bn/gamma:0 || efficientnetb0/block5b_bn/moving_mean:0 || efficientnetb0/block5b_bn/moving_variance:0 || efficientnetb0/block5b_expand_bn/beta:0 || efficientnetb0/block5b_expand_bn/gamma:0 || efficientnetb0/block5b_expand_bn/moving_mean:0 || efficientnetb0/block5b_expand_bn/moving_variance:0 || efficientnetb0/block5b_se_expand/bias:0 || efficientnetb0/block5c_bn/beta:0 || efficientnetb0/block5c_bn/gamma:0 || efficientnetb0/block5c_bn/moving_mean:0 || efficientnetb0/block5c_bn/moving_variance:0 || efficientnetb0/block5c_expand_bn/beta:0 || efficientnetb0/block5c_expand_bn/gamma:0 || efficientnetb0/block5c_expand_bn/moving_mean:0 || efficientnetb0/block5c_expand_bn/moving_variance:0 || efficientnetb0/block5c_se_expand/bias:0 || efficientnetb0/block6a_bn/beta:0 || efficientnetb0/block6a_bn/gamma:0 || efficientnetb0/block6a_bn/moving_mean:0 || efficientnetb0/block6a_bn/moving_variance:0 || efficientnetb0/block6a_expand_bn/beta:0 || efficientnetb0/block6a_expand_bn/gamma:0 || efficientnetb0/block6a_expand_bn/moving_mean:0 || efficientnetb0/block6a_expand_bn/moving_variance:0 || efficientnetb0/block6a_se_expand/bias:0
block6a_bn/moving_variance:0,"(672,)",672,27,efficientnetb0/block5b_bn/beta:0 || efficientnetb0/block5b_bn/gamma:0 || efficientnetb0/block5b_bn/moving_mean:0 || efficientnetb0/block5b_bn/moving_variance:0 || efficientnetb0/block5b_expand_bn/beta:0 || efficientnetb0/block5b_expand_bn/gamma:0 || efficientnetb0/block5b_expand_bn/moving_mean:0 || efficientnetb0/block5b_expand_bn/moving_variance:0 || efficientnetb0/block5b_se_expand/bias:0 || efficientnetb0/block5c_bn/beta:0 || efficientnetb0/block5c_bn/gamma:0 || efficientnetb0/block5c_bn/moving_mean:0 || efficientnetb0/block5c_bn/moving_variance:0 || efficientnetb0/block5c_expand_bn/beta:0 || efficientnetb0/block5c_expand_bn/gamma:0 || efficientnetb0/block5c_expand_bn/moving_mean:0 || efficientnetb0/block5c_expand_bn/moving_variance:0 || efficientnetb0/block5c_se_expand/bias:0 || efficientnetb0/block6a_bn/beta:0 || efficientnetb0/block6a_bn/gamma:0 || efficientnetb0/block6a_bn/moving_mean:0 || efficientnetb0/block6a_bn/moving_variance:0 || efficientnetb0/block6a_expand_bn/beta:0 || efficientnetb0/block6a_expand_bn/gamma:0 || efficientnetb0/block6a_expand_bn/moving_mean:0 || efficientnetb0/block6a_expand_bn/moving_variance:0 || efficientnetb0/block6a_se_expand/bias:0
block6a_se_reduce/kernel:0,"(1, 1, 672, 28)",18816,3,efficientnetb0/block5b_se_reduce/kernel:0 || efficientnetb0/block5c_se_reduce/kernel:0 || efficientnetb0/block6a_se_reduce/kernel:0
block6a_se_reduce/bias:0,"(28,)",28,3,efficientnetb0/block5b_se_reduce/bias:0 || efficientnetb0/block5c_se_reduce/bias:0 || efficientnetb0/block6a_se_reduce/bias:0
block6a_se_expand/kernel:0,"(1, 1, 28, 672)",18816,3,efficientnetb0/block5b_se_expand/kernel:0 || efficientnetb0/block5c_se_expand/kernel:0 || efficientnetb0/block6a_se_expand/kernel:0
block6a_se_expand/bias:0,"(672,)",672,27,efficientnetb0/block5b_bn/beta:0 || efficientnetb0/block5b_bn/gamma:0 || efficientnetb0/block5b_bn/moving_mean:0 || efficientnetb0/block5b_bn/moving_variance:0 || efficientnetb0/block5b_expand_bn/beta:0 || efficientnetb0/block5b_expand_bn/gamma:0 || efficientnetb0/block5b_expand_bn/moving_mean:0 || efficientnetb0/block5b_expand_bn/moving_variance:0 || efficientnetb0/block5b_se_expand/bias:0 || efficientnetb0/block5c_bn/beta:0 || efficientnetb0/block5c_bn/gamma:0 || efficientnetb0/block5c_bn/moving_mean:0 || efficientnetb0/block5c_bn/moving_variance:0 || efficientnetb0/block5c_expand_bn/beta:0 || efficientnetb0/block5c_expand_bn/gamma:0 || efficientnetb0/block5c_expand_bn/moving_mean:0 || efficientnetb0/block5c_expand_bn/moving_variance:0 || efficientnetb0/block5c_se_expand/bias:0 || efficientnetb0/block6a_bn/beta:0 || efficientnetb0/block6a_bn/gamma:0 || efficientnetb0/block6a_bn/moving_mean:0 || efficientnetb0/block6a_bn/moving_variance:0 || efficientnetb0/block6a_expand_bn/beta:0 || efficientnetb0/block6a_expand_bn/gamma:0 || efficientnetb0/block6a_expand_bn/moving_mean:0 || efficientnetb0/block6a_expand_bn/moving_variance:0 || efficientnetb0/block6a_se_expand/bias:0
block6a_project_conv/kernel:0,"(1, 1, 672, 192)",129024,1,efficientnetb0/block6a_project_conv/kernel:0
block6a_project_bn/gamma:0,"(192,)",192,16,efficientnetb0/block6a_project_bn/beta:0 || efficientnetb0/block6a_project_bn/gamma:0 || efficientnetb0/block6a_project_bn/moving_mean:0 || efficientnetb0/block6a_project_bn/moving_variance:0 || efficientnetb0/block6b_project_bn/beta:0 || efficientnetb0/block6b_project_bn/gamma:0 || efficientnetb0/block6b_project_bn/moving_mean:0 || efficientnetb0/block6b_project_bn/moving_variance:0 || efficientnetb0/block6c_project_bn/beta:0 || efficientnetb0/block6c_project_bn/gamma:0 || efficientnetb0/block6c_project_bn/moving_mean:0 || efficientnetb0/block6c_project_bn/moving_variance:0 || efficientnetb0/block6d_project_bn/beta:0 || efficientnetb0/block6d_project_bn/gamma:0 || efficientnetb0/block6d_project_bn/moving_mean:0 || efficientnetb0/block6d_project_bn/moving_variance:0
block6a_project_bn/beta:0,"(192,)",192,16,efficientnetb0/block6a_project_bn/beta:0 || efficientnetb0/block6a_project_bn/gamma:0 || efficientnetb0/block6a_project_bn/moving_mean:0 || efficientnetb0/block6a_project_bn/moving_variance:0 || efficientnetb0/block6b_project_bn/beta:0 || efficientnetb0/block6b_project_bn/gamma:0 || efficientnetb0/block6b_project_bn/moving_mean:0 || efficientnetb0/block6b_project_bn/moving_variance:0 || efficientnetb0/block6c_project_bn/beta:0 || efficientnetb0/block6c_project_bn/gamma:0 || efficientnetb0/block6c_project_bn/moving_mean:0 || efficientnetb0/block6c_project_bn/moving_variance:0 || efficientnetb0/block6d_project_bn/beta:0 || efficientnetb0/block6d_project_bn/gamma:0 || efficientnetb0/block6d_project_bn/moving_mean:0 || efficientnetb0/block6d_project_bn/moving_variance:0
block6a_project_bn/moving_mean:0,"(192,)",192,16,efficientnetb0/block6a_project_bn/beta:0 || efficientnetb0/block6a_project_bn/gamma:0 || efficientnetb0/block6a_project_bn/moving_mean:0 || efficientnetb0/block6a_project_bn/moving_variance:0 || efficientnetb0/block6b_project_bn/beta:0 || efficientnetb0/block6b_project_bn/gamma:0 || efficientnetb0/block6b_project_bn/moving_mean:0 || efficientnetb0/block6b_project_bn/moving_variance:0 || efficientnetb0/block6c_project_bn/beta:0 || efficientnetb0/block6c_project_bn/gamma:0 || efficientnetb0/block6c_project_bn/moving_mean:0 || efficientnetb0/block6c_project_bn/moving_variance:0 || efficientnetb0/block6d_project_bn/beta:0 || efficientnetb0/block6d_project_bn/gamma:0 || efficientnetb0/block6d_project_bn/moving_mean:0 || efficientnetb0/block6d_project_bn/moving_variance:0
block6a_project_bn/moving_variance:0,"(192,)",192,16,efficientnetb0/block6a_project_bn/beta:0 || efficientnetb0/block6a_project_bn/gamma:0 || efficientnetb0/block6a_project_bn/moving_mean:0 || efficientnetb0/block6a_project_bn/moving_variance:0 || efficientnetb0/block6b_project_bn/beta:0 || efficientnetb0/block6b_project_bn/gamma:0 || efficientnetb0/block6b_project_bn/moving_mean:0 || efficientnetb0/block6b_project_bn/moving_variance:0 || efficientnetb0/block6c_project_bn/beta:0 || efficientnetb0/block6c_project_bn/gamma:0 || efficientnetb0/block6c_project_bn/moving_mean:0 || efficientnetb0/block6c_project_bn/moving_variance:0 || efficientnetb0/block6d_project_bn/beta:0 || efficientnetb0/block6d_project_bn/gamma:0 || efficientnetb0/block6d_project_bn/moving_mean:0 || efficientnetb0/block6d_project_bn/moving_variance:0
block6b_expand_conv/kernel:0,"(1, 1, 192, 1152)",221184,4,efficientnetb0/block6b_expand_conv/kernel:0 || efficientnetb0/block6c_expand_conv/kernel:0 || efficientnetb0/block6d_expand_conv/kernel:0 || efficientnetb0/block7a_expand_conv/kernel:0
block6b_expand_bn/gamma:0,"(1152,)",1152,36,efficientnetb0/block6b_bn/beta:0 || efficientnetb0/block6b_bn/gamma:0 || efficientnetb0/block6b_bn/moving_mean:0 || efficientnetb0/block6b_bn/moving_variance:0 || efficientnetb0/block6b_expand_bn/beta:0 || efficientnetb0/block6b_expand_bn/gamma:0 || efficientnetb0/block6b_expand_bn/moving_mean:0 || efficientnetb0/block6b_expand_bn/moving_variance:0 || efficientnetb0/block6b_se_expand/bias:0 || efficientnetb0/block6c_bn/beta:0 || efficientnetb0/block6c_bn/gamma:0 || efficientnetb0/block6c_bn/moving_mean:0 || efficientnetb0/block6c_bn/moving_variance:0 || efficientnetb0/block6c_expand_bn/beta:0 || efficientnetb0/block6c_expand_bn/gamma:0 || efficientnetb0/block6c_expand_bn/moving_mean:0 || efficientnetb0/block6c_expand_bn/moving_variance:0 || efficientnetb0/block6c_se_expand/bias:0 || efficientnetb0/block6d_bn/beta:0 || efficientnetb0/block6d_bn/gamma:0 || efficientnetb0/block6d_bn/moving_mean:0 || efficientnetb0/block6d_bn/moving_variance:0 || efficientnetb0/block6d_expand_bn/beta:0 || efficientnetb0/block6d_expand_bn/gamma:0 || efficientnetb0/block6d_expand_bn/moving_mean:0 || efficientnetb0/block6d_expand_bn/moving_variance:0 || efficientnetb0/block6d_se_expand/bias:0 || efficientnetb0/block7a_bn/beta:0 || efficientnetb0/block7a_bn/gamma:0 || efficientnetb0/block7a_bn/moving_mean:0 || efficientnetb0/block7a_bn/moving_variance:0 || efficientnetb0/block7a_expand_bn/beta:0 || efficientnetb0/block7a_expand_bn/gamma:0 || efficientnetb0/block7a_expand_bn/moving_mean:0 || efficientnetb0/block7a_expand_bn/moving_variance:0 || efficientnetb0/block7a_se_expand/bias:0
block6b_expand_bn/beta:0,"(1152,)",1152,36,efficientnetb0/block6b_bn/beta:0 || efficientnetb0/block6b_bn/gamma:0 || efficientnetb0/block6b_bn/moving_mean:0 || efficientnetb0/block6b_bn/moving_variance:0 || efficientnetb0/block6b_expand_bn/beta:0 || efficientnetb0/block6b_expand_bn/gamma:0 || efficientnetb0/block6b_expand_bn/moving_mean:0 || efficientnetb0/block6b_expand_bn/moving_variance:0 || efficientnetb0/block6b_se_expand/bias:0 || efficientnetb0/block6c_bn/beta:0 || efficientnetb0/block6c_bn/gamma:0 || efficientnetb0/block6c_bn/moving_mean:0 || efficientnetb0/block6c_bn/moving_variance:0 || efficientnetb0/block6c_expand_bn/beta:0 || efficientnetb0/block6c_expand_bn/gamma:0 || efficientnetb0/block6c_expand_bn/moving_mean:0 || efficientnetb0/block6c_expand_bn/moving_variance:0 || efficientnetb0/block6c_se_expand/bias:0 || efficientnetb0/block6d_bn/beta:0 || efficientnetb0/block6d_bn/gamma:0 || efficientnetb0/block6d_bn/moving_mean:0 || efficientnetb0/block6d_bn/moving_variance:0 || efficientnetb0/block6d_expand_bn/beta:0 || efficientnetb0/block6d_expand_bn/gamma:0 || efficientnetb0/block6d_expand_bn/moving_mean:0 || efficientnetb0/block6d_expand_bn/moving_variance:0 || efficientnetb0/block6d_se_expand/bias:0 || efficientnetb0/block7a_bn/beta:0 || efficientnetb0/block7a_bn/gamma:0 || efficientnetb0/block7a_bn/moving_mean:0 || efficientnetb0/block7a_bn/moving_variance:0 || efficientnetb0/block7a_expand_bn/beta:0 || efficientnetb0/block7a_expand_bn/gamma:0 || efficientnetb0/block7a_expand_bn/moving_mean:0 || efficientnetb0/block7a_expand_bn/moving_variance:0 || efficientnetb0/block7a_se_expand/bias:0
block6b_expand_bn/moving_mean:0,"(1152,)",1152,36,efficientnetb0/block6b_bn/beta:0 || efficientnetb0/block6b_bn/gamma:0 || efficientnetb0/block6b_bn/moving_mean:0 || efficientnetb0/block6b_bn/moving_variance:0 || efficientnetb0/block6b_expand_bn/beta:0 || efficientnetb0/block6b_expand_bn/gamma:0 || efficientnetb0/block6b_expand_bn/moving_mean:0 || efficientnetb0/block6b_expand_bn/moving_variance:0 || efficientnetb0/block6b_se_expand/bias:0 || efficientnetb0/block6c_bn/beta:0 || efficientnetb0/block6c_bn/gamma:0 || efficientnetb0/block6c_bn/moving_mean:0 || efficientnetb0/block6c_bn/moving_variance:0 || efficientnetb0/block6c_expand_bn/beta:0 || efficientnetb0/block6c_expand_bn/gamma:0 || efficientnetb0/block6c_expand_bn/moving_mean:0 || efficientnetb0/block6c_expand_bn/moving_variance:0 || efficientnetb0/block6c_se_expand/bias:0 || efficientnetb0/block6d_bn/beta:0 || efficientnetb0/block6d_bn/gamma:0 || efficientnetb0/block6d_bn/moving_mean:0 || efficientnetb0/block6d_bn/moving_variance:0 || efficientnetb0/block6d_expand_bn/beta:0 || efficientnetb0/block6d_expand_bn/gamma:0 || efficientnetb0/block6d_expand_bn/moving_mean:0 || efficientnetb0/block6d_expand_bn/moving_variance:0 || efficientnetb0/block6d_se_expand/bias:0 || efficientnetb0/block7a_bn/beta:0 || efficientnetb0/block7a_bn/gamma:0 || efficientnetb0/block7a_bn/moving_mean:0 || efficientnetb0/block7a_bn/moving_variance:0 || efficientnetb0/block7a_expand_bn/beta:0 || efficientnetb0/block7a_expand_bn/gamma:0 || efficientnetb0/block7a_expand_bn/moving_mean:0 || efficientnetb0/block7a_expand_bn/moving_variance:0 || efficientnetb0/block7a_se_expand/bias:0
block6b_expand_bn/moving_variance:0,"(1152,)",1152,36,efficientnetb0/block6b_bn/beta:0 || efficientnetb0/block6b_bn/gamma:0 || efficientnetb0/block6b_bn/moving_mean:0 || efficientnetb0/block6b_bn/moving_variance:0 || efficientnetb0/block6b_expand_bn/beta:0 || efficientnetb0/block6b_expand_bn/gamma:0 || efficientnetb0/block6b_expand_bn/moving_mean:0 || efficientnetb0/block6b_expand_bn/moving_variance:0 || efficientnetb0/block6b_se_expand/bias:0 || efficientnetb0/block6c_bn/beta:0 || efficientnetb0/block6c_bn/gamma:0 || efficientnetb0/block6c_bn/moving_mean:0 || efficientnetb0/block6c_bn/moving_variance:0 || efficientnetb0/block6c_expand_bn/beta:0 || efficientnetb0/block6c_expand_bn/gamma:0 || efficientnetb0/block6c_expand_bn/moving_mean:0 || efficientnetb0/block6c_expand_bn/moving_variance:0 || efficientnetb0/block6c_se_expand/bias:0 || efficientnetb0/block6d_bn/beta:0 || efficientnetb0/block6d_bn/gamma:0 || efficientnetb0/block6d_bn/moving_mean:0 || efficientnetb0/block6d_bn/moving_variance:0 || efficientnetb0/block6d_expand_bn/beta:0 || efficientnetb0/block6d_expand_bn/gamma:0 || efficientnetb0/block6d_expand_bn/moving_mean:0 || efficientnetb0/block6d_expand_bn/moving_variance:0 || efficientnetb0/block6d_se_expand/bias:0 || efficientnetb0/block7a_bn/beta:0 || efficientnetb0/block7a_bn/gamma:0 || efficientnetb0/block7a_bn/moving_mean:0 || efficientnetb0/block7a_bn/moving_variance:0 || efficientnetb0/block7a_expand_bn/beta:0 || efficientnetb0/block7a_expand_bn/gamma:0 || efficientnetb0/block7a_expand_bn/moving_mean:0 || efficientnetb0/block7a_expand_bn/moving_variance:0 || efficientnetb0/block7a_se_expand/bias:0
block6b_dwconv/depthwise_kernel:0,"(5, 5, 1152, 1)",28800,3,efficientnetb0/block6b_dwconv/depthwise_kernel:0 || efficientnetb0/block6c_dwconv/depthwise_kernel:0 || efficientnetb0/block6d_dwconv/depthwise_kernel:0
block6b_bn/gamma:0,"(1152,)",1152,36,efficientnetb0/block6b_bn/beta:0 || efficientnetb0/block6b_bn/gamma:0 || efficientnetb0/block6b_bn/moving_mean:0 || efficientnetb0/block6b_bn/moving_variance:0 || efficientnetb0/block6b_expand_bn/beta:0 || efficientnetb0/block6b_expand_bn/gamma:0 || efficientnetb0/block6b_expand_bn/moving_mean:0 || efficientnetb0/block6b_expand_bn/moving_variance:0 || efficientnetb0/block6b_se_expand/bias:0 || efficientnetb0/block6c_bn/beta:0 || efficientnetb0/block6c_bn/gamma:0 || efficientnetb0/block6c_bn/moving_mean:0 || efficientnetb0/block6c_bn/moving_variance:0 || efficientnetb0/block6c_expand_bn/beta:0 || efficientnetb0/block6c_expand_bn/gamma:0 || efficientnetb0/block6c_expand_bn/moving_mean:0 || efficientnetb0/block6c_expand_bn/moving_variance:0 || efficientnetb0/block6c_se_expand/bias:0 || efficientnetb0/block6d_bn/beta:0 || efficientnetb0/block6d_bn/gamma:0 || efficientnetb0/block6d_bn/moving_mean:0 || efficientnetb0/block6d_bn/moving_variance:0 || efficientnetb0/block6d_expand_bn/beta:0 || efficientnetb0/block6d_expand_bn/gamma:0 || efficientnetb0/block6d_expand_bn/moving_mean:0 || efficientnetb0/block6d_expand_bn/moving_variance:0 || efficientnetb0/block6d_se_expand/bias:0 || efficientnetb0/block7a_bn/beta:0 || efficientnetb0/block7a_bn/gamma:0 || efficientnetb0/block7a_bn/moving_mean:0 || efficientnetb0/block7a_bn/moving_variance:0 || efficientnetb0/block7a_expand_bn/beta:0 || efficientnetb0/block7a_expand_bn/gamma:0 || efficientnetb0/block7a_expand_bn/moving_mean:0 || efficientnetb0/block7a_expand_bn/moving_variance:0 || efficientnetb0/block7a_se_expand/bias:0
block6b_bn/beta:0,"(1152,)",1152,36,efficientnetb0/block6b_bn/beta:0 || efficientnetb0/block6b_bn/gamma:0 || efficientnetb0/block6b_bn/moving_mean:0 || efficientnetb0/block6b_bn/moving_variance:0 || efficientnetb0/block6b_expand_bn/beta:0 || efficientnetb0/block6b_expand_bn/gamma:0 || efficientnetb0/block6b_expand_bn/moving_mean:0 || efficientnetb0/block6b_expand_bn/moving_variance:0 || efficientnetb0/block6b_se_expand/bias:0 || efficientnetb0/block6c_bn/beta:0 || efficientnetb0/block6c_bn/gamma:0 || efficientnetb0/block6c_bn/moving_mean:0 || efficientnetb0/block6c_bn/moving_variance:0 || efficientnetb0/block6c_expand_bn/beta:0 || efficientnetb0/block6c_expand_bn/gamma:0 || efficientnetb0/block6c_expand_bn/moving_mean:0 || efficientnetb0/block6c_expand_bn/moving_variance:0 || efficientnetb0/block6c_se_expand/bias:0 || efficientnetb0/block6d_bn/beta:0 || efficientnetb0/block6d_bn/gamma:0 || efficientnetb0/block6d_bn/moving_mean:0 || efficientnetb0/block6d_bn/moving_variance:0 || efficientnetb0/block6d_expand_bn/beta:0 || efficientnetb0/block6d_expand_bn/gamma:0 || efficientnetb0/block6d_expand_bn/moving_mean:0 || efficientnetb0/block6d_expand_bn/moving_variance:0 || efficientnetb0/block6d_se_expand/bias:0 || efficientnetb0/block7a_bn/beta:0 || efficientnetb0/block7a_bn/gamma:0 || efficientnetb0/block7a_bn/moving_mean:0 || efficientnetb0/block7a_bn/moving_variance:0 || efficientnetb0/block7a_expand_bn/beta:0 || efficientnetb0/block7a_expand_bn/gamma:0 || efficientnetb0/block7a_expand_bn/moving_mean:0 || efficientnetb0/block7a_expand_bn/moving_variance:0 || efficientnetb0/block7a_se_expand/bias:0
block6b_bn/moving_mean:0,"(1152,)",1152,36,efficientnetb0/block6b_bn/beta:0 || efficientnetb0/block6b_bn/gamma:0 || efficientnetb0/block6b_bn/moving_mean:0 || efficientnetb0/block6b_bn/moving_variance:0 || efficientnetb0/block6b_expand_bn/beta:0 || efficientnetb0/block6b_expand_bn/gamma:0 || efficientnetb0/block6b_expand_bn/moving_mean:0 || efficientnetb0/block6b_expand_bn/moving_variance:0 || efficientnetb0/block6b_se_expand/bias:0 || efficientnetb0/block6c_bn/beta:0 || efficientnetb0/block6c_bn/gamma:0 || efficientnetb0/block6c_bn/moving_mean:0 || efficientnetb0/block6c_bn/moving_variance:0 || efficientnetb0/block6c_expand_bn/beta:0 || efficientnetb0/block6c_expand_bn/gamma:0 || efficientnetb0/block6c_expand_bn/moving_mean:0 || efficientnetb0/block6c_expand_bn/moving_variance:0 || efficientnetb0/block6c_se_expand/bias:0 || efficientnetb0/block6d_bn/beta:0 || efficientnetb0/block6d_bn/gamma:0 || efficientnetb0/block6d_bn/moving_mean:0 || efficientnetb0/block6d_bn/moving_variance:0 || efficientnetb0/block6d_expand_bn/beta:0 || efficientnetb0/block6d_expand_bn/gamma:0 || efficientnetb0/block6d_expand_bn/moving_mean:0 || efficientnetb0/block6d_expand_bn/moving_variance:0 || efficientnetb0/block6d_se_expand/bias:0 || efficientnetb0/block7a_bn/beta:0 || efficientnetb0/block7a_bn/gamma:0 || efficientnetb0/block7a_bn/moving_mean:0 || efficientnetb0/block7a_bn/moving_variance:0 || efficientnetb0/block7a_expand_bn/beta:0 || efficientnetb0/block7a_expand_bn/gamma:0 || efficientnetb0/block7a_expand_bn/moving_mean:0 || efficientnetb0/block7a_expand_bn/moving_variance:0 || efficientnetb0/block7a_se_expand/bias:0
block6b_bn/moving_variance:0,"(1152,)",1152,36,efficientnetb0/block6b_bn/beta:0 || efficientnetb0/block6b_bn/gamma:0 || efficientnetb0/block6b_bn/moving_mean:0 || efficientnetb0/block6b_bn/moving_variance:0 || efficientnetb0/block6b_expand_bn/beta:0 || efficientnetb0/block6b_expand_bn/gamma:0 || efficientnetb0/block6b_expand_bn/moving_mean:0 || efficientnetb0/block6b_expand_bn/moving_variance:0 || efficientnetb0/block6b_se_expand/bias:0 || efficientnetb0/block6c_bn/beta:0 || efficientnetb0/block6c_bn/gamma:0 || efficientnetb0/block6c_bn/moving_mean:0 || efficientnetb0/block6c_bn/moving_variance:0 || efficientnetb0/block6c_expand_bn/beta:0 || efficientnetb0/block6c_expand_bn/gamma:0 || efficientnetb0/block6c_expand_bn/moving_mean:0 || efficientnetb0/block6c_expand_bn/moving_variance:0 || efficientnetb0/block6c_se_expand/bias:0 || efficientnetb0/block6d_bn/beta:0 || efficientnetb0/block6d_bn/gamma:0 || efficientnetb0/block6d_bn/moving_mean:0 || efficientnetb0/block6d_bn/moving_variance:0 || efficientnetb0/block6d_expand_bn/beta:0 || efficientnetb0/block6d_expand_bn/gamma:0 || efficientnetb0/block6d_expand_bn/moving_mean:0 || efficientnetb0/block6d_expand_bn/moving_variance:0 || efficientnetb0/block6d_se_expand/bias:0 || efficientnetb0/block7a_bn/beta:0 || efficientnetb0/block7a_bn/gamma:0 || efficientnetb0/block7a_bn/moving_mean:0 || efficientnetb0/block7a_bn/moving_variance:0 || efficientnetb0/block7a_expand_bn/beta:0 || efficientnetb0/block7a_expand_bn/gamma:0 || efficientnetb0/block7a_expand_bn/moving_mean:0 || efficientnetb0/block7a_expand_bn/moving_variance:0 || efficientnetb0/block7a_se_expand/bias:0
block6b_se_reduce/kernel:0,"(1, 1, 1152, 48)",55296,4,efficientnetb0/block6b_se_reduce/kernel:0 || efficientnetb0/block6c_se_reduce/kernel:0 || efficientnetb0/block6d_se_reduce/kernel:0 || efficientnetb0/block7a_se_reduce/kernel:0
block6b_se_reduce/bias:0,"(48,)",48,4,efficientnetb0/block6b_se_reduce/bias:0 || efficientnetb0/block6c_se_reduce/bias:0 || efficientnetb0/block6d_se_reduce/bias:0 || efficientnetb0/block7a_se_reduce/bias:0
block6b_se_expand/kernel:0,"(1, 1, 48, 1152)",55296,4,efficientnetb0/block6b_se_expand/kernel:0 || efficientnetb0/block6c_se_expand/kernel:0 || efficientnetb0/block6d_se_expand/kernel:0 || efficientnetb0/block7a_se_expand/kernel:0
block6b_se_expand/bias:0,"(1152,)",1152,36,efficientnetb0/block6b_bn/beta:0 || efficientnetb0/block6b_bn/gamma:0 || efficientnetb0/block6b_bn/moving_mean:0 || efficientnetb0/block6b_bn/moving_variance:0 || efficientnetb0/block6b_expand_bn/beta:0 || efficientnetb0/block6b_expand_bn/gamma:0 || efficientnetb0/block6b_expand_bn/moving_mean:0 || efficientnetb0/block6b_expand_bn/moving_variance:0 || efficientnetb0/block6b_se_expand/bias:0 || efficientnetb0/block6c_bn/beta:0 || efficientnetb0/block6c_bn/gamma:0 || efficientnetb0/block6c_bn/moving_mean:0 || efficientnetb0/block6c_bn/moving_variance:0 || efficientnetb0/block6c_expand_bn/beta:0 || efficientnetb0/block6c_expand_bn/gamma:0 || efficientnetb0/block6c_expand_bn/moving_mean:0 || efficientnetb0/block6c_expand_bn/moving_variance:0 || efficientnetb0/block6c_se_expand/bias:0 || efficientnetb0/block6d_bn/beta:0 || efficientnetb0/block6d_bn/gamma:0 || efficientnetb0/block6d_bn/moving_mean:0 || efficientnetb0/block6d_bn/moving_variance:0 || efficientnetb0/block6d_expand_bn/beta:0 || efficientnetb0/block6d_expand_bn/gamma:0 || efficientnetb0/block6d_expand_bn/moving_mean:0 || efficientnetb0/block6d_expand_bn/moving_variance:0 || efficientnetb0/block6d_se_expand/bias:0 || efficientnetb0/block7a_bn/beta:0 || efficientnetb0/block7a_bn/gamma:0 || efficientnetb0/block7a_bn/moving_mean:0 || efficientnetb0/block7a_bn/moving_variance:0 || efficientnetb0/block7a_expand_bn/beta:0 || efficientnetb0/block7a_expand_bn/gamma:0 || efficientnetb0/block7a_expand_bn/moving_mean:0 || efficientnetb0/block7a_expand_bn/moving_variance:0 || efficientnetb0/block7a_se_expand/bias:0
block6b_project_conv/kernel:0,"(1, 1, 1152, 192)",221184,3,efficientnetb0/block6b_project_conv/kernel:0 || efficientnetb0/block6c_project_conv/kernel:0 || efficientnetb0/block6d_project_conv/kernel:0
block6b_project_bn/gamma:0,"(192,)",192,16,efficientnetb0/block6a_project_bn/beta:0 || efficientnetb0/block6a_project_bn/gamma:0 || efficientnetb0/block6a_project_bn/moving_mean:0 || efficientnetb0/block6a_project_bn/moving_variance:0 || efficientnetb0/block6b_project_bn/beta:0 || efficientnetb0/block6b_project_bn/gamma:0 || efficientnetb0/block6b_project_bn/moving_mean:0 || efficientnetb0/block6b_project_bn/moving_variance:0 || efficientnetb0/block6c_project_bn/beta:0 || efficientnetb0/block6c_project_bn/gamma:0 || efficientnetb0/block6c_project_bn/moving_mean:0 || efficientnetb0/block6c_project_bn/moving_variance:0 || efficientnetb0/block6d_project_bn/beta:0 || efficientnetb0/block6d_project_bn/gamma:0 || efficientnetb0/block6d_project_bn/moving_mean:0 || efficientnetb0/block6d_project_bn/moving_variance:0
block6b_project_bn/beta:0,"(192,)",192,16,efficientnetb0/block6a_project_bn/beta:0 || efficientnetb0/block6a_project_bn/gamma:0 || efficientnetb0/block6a_project_bn/moving_mean:0 || efficientnetb0/block6a_project_bn/moving_variance:0 || efficientnetb0/block6b_project_bn/beta:0 || efficientnetb0/block6b_project_bn/gamma:0 || efficientnetb0/block6b_project_bn/moving_mean:0 || efficientnetb0/block6b_project_bn/moving_variance:0 || efficientnetb0/block6c_project_bn/beta:0 || efficientnetb0/block6c_project_bn/gamma:0 || efficientnetb0/block6c_project_bn/moving_mean:0 || efficientnetb0/block6c_project_bn/moving_variance:0 || efficientnetb0/block6d_project_bn/beta:0 || efficientnetb0/block6d_project_bn/gamma:0 || efficientnetb0/block6d_project_bn/moving_mean:0 || efficientnetb0/block6d_project_bn/moving_variance:0
block6b_project_bn/moving_mean:0,"(192,)",192,16,efficientnetb0/block6a_project_bn/beta:0 || efficientnetb0/block6a_project_bn/gamma:0 || efficientnetb0/block6a_project_bn/moving_mean:0 || efficientnetb0/block6a_project_bn/moving_variance:0 || efficientnetb0/block6b_project_bn/beta:0 || efficientnetb0/block6b_project_bn/gamma:0 || efficientnetb0/block6b_project_bn/moving_mean:0 || efficientnetb0/block6b_project_bn/moving_variance:0 || efficientnetb0/block6c_project_bn/beta:0 || efficientnetb0/block6c_project_bn/gamma:0 || efficientnetb0/block6c_project_bn/moving_mean:0 || efficientnetb0/block6c_project_bn/moving_variance:0 || efficientnetb0/block6d_project_bn/beta:0 || efficientnetb0/block6d_project_bn/gamma:0 || efficientnetb0/block6d_project_bn/moving_mean:0 || efficientnetb0/block6d_project_bn/moving_variance:0
block6b_project_bn/moving_variance:0,"(192,)",192,16,efficientnetb0/block6a_project_bn/beta:0 || efficientnetb0/block6a_project_bn/gamma:0 || efficientnetb0/block6a_project_bn/moving_mean:0 || efficientnetb0/block6a_project_bn/moving_variance:0 || efficientnetb0/block6b_project_bn/beta:0 || efficientnetb0/block6b_project_bn/gamma:0 || efficientnetb0/block6b_project_bn/moving_mean:0 || efficientnetb0/block6b_project_bn/moving_variance:0 || efficientnetb0/block6c_project_bn/beta:0 || efficientnetb0/block6c_project_bn/gamma:0 || efficientnetb0/block6c_project_bn/moving_mean:0 || efficientnetb0/block6c_project_bn/moving_variance:0 || efficientnetb0/block6d_project_bn/beta:0 || efficientnetb0/block6d_project_bn/gamma:0 || efficientnetb0/block6d_project_bn/moving_mean:0 || efficientnetb0/block6d_project_bn/moving_variance:0
block6c_expand_conv/kernel:0,"(1, 1, 192, 1152)",221184,4,efficientnetb0/block6b_expand_conv/kernel:0 || efficientnetb0/block6c_expand_conv/kernel:0 || efficientnetb0/block6d_expand_conv/kernel:0 || efficientnetb0/block7a_expand_conv/kernel:0
block6c_expand_bn/gamma:0,"(1152,)",1152,36,efficientnetb0/block6b_bn/beta:0 || efficientnetb0/block6b_bn/gamma:0 || efficientnetb0/block6b_bn/moving_mean:0 || efficientnetb0/block6b_bn/moving_variance:0 || efficientnetb0/block6b_expand_bn/beta:0 || efficientnetb0/block6b_expand_bn/gamma:0 || efficientnetb0/block6b_expand_bn/moving_mean:0 || efficientnetb0/block6b_expand_bn/moving_variance:0 || efficientnetb0/block6b_se_expand/bias:0 || efficientnetb0/block6c_bn/beta:0 || efficientnetb0/block6c_bn/gamma:0 || efficientnetb0/block6c_bn/moving_mean:0 || efficientnetb0/block6c_bn/moving_variance:0 || efficientnetb0/block6c_expand_bn/beta:0 || efficientnetb0/block6c_expand_bn/gamma:0 || efficientnetb0/block6c_expand_bn/moving_mean:0 || efficientnetb0/block6c_expand_bn/moving_variance:0 || efficientnetb0/block6c_se_expand/bias:0 || efficientnetb0/block6d_bn/beta:0 || efficientnetb0/block6d_bn/gamma:0 || efficientnetb0/block6d_bn/moving_mean:0 || efficientnetb0/block6d_bn/moving_variance:0 || efficientnetb0/block6d_expand_bn/beta:0 || efficientnetb0/block6d_expand_bn/gamma:0 || efficientnetb0/block6d_expand_bn/moving_mean:0 || efficientnetb0/block6d_expand_bn/moving_variance:0 || efficientnetb0/block6d_se_expand/bias:0 || efficientnetb0/block7a_bn/beta:0 || efficientnetb0/block7a_bn/gamma:0 || efficientnetb0/block7a_bn/moving_mean:0 || efficientnetb0/block7a_bn/moving_variance:0 || efficientnetb0/block7a_expand_bn/beta:0 || efficientnetb0/block7a_expand_bn/gamma:0 || efficientnetb0/block7a_expand_bn/moving_mean:0 || efficientnetb0/block7a_expand_bn/moving_variance:0 || efficientnetb0/block7a_se_expand/bias:0
block6c_expand_bn/beta:0,"(1152,)",1152,36,efficientnetb0/block6b_bn/beta:0 || efficientnetb0/block6b_bn/gamma:0 || efficientnetb0/block6b_bn/moving_mean:0 || efficientnetb0/block6b_bn/moving_variance:0 || efficientnetb0/block6b_expand_bn/beta:0 || efficientnetb0/block6b_expand_bn/gamma:0 || efficientnetb0/block6b_expand_bn/moving_mean:0 || efficientnetb0/block6b_expand_bn/moving_variance:0 || efficientnetb0/block6b_se_expand/bias:0 || efficientnetb0/block6c_bn/beta:0 || efficientnetb0/block6c_bn/gamma:0 || efficientnetb0/block6c_bn/moving_mean:0 || efficientnetb0/block6c_bn/moving_variance:0 || efficientnetb0/block6c_expand_bn/beta:0 || efficientnetb0/block6c_expand_bn/gamma:0 || efficientnetb0/block6c_expand_bn/moving_mean:0 || efficientnetb0/block6c_expand_bn/moving_variance:0 || efficientnetb0/block6c_se_expand/bias:0 || efficientnetb0/block6d_bn/beta:0 || efficientnetb0/block6d_bn/gamma:0 || efficientnetb0/block6d_bn/moving_mean:0 || efficientnetb0/block6d_bn/moving_variance:0 || efficientnetb0/block6d_expand_bn/beta:0 || efficientnetb0/block6d_expand_bn/gamma:0 || efficientnetb0/block6d_expand_bn/moving_mean:0 || efficientnetb0/block6d_expand_bn/moving_variance:0 || efficientnetb0/block6d_se_expand/bias:0 || efficientnetb0/block7a_bn/beta:0 || efficientnetb0/block7a_bn/gamma:0 || efficientnetb0/block7a_bn/moving_mean:0 || efficientnetb0/block7a_bn/moving_variance:0 || efficientnetb0/block7a_expand_bn/beta:0 || efficientnetb0/block7a_expand_bn/gamma:0 || efficientnetb0/block7a_expand_bn/moving_mean:0 || efficientnetb0/block7a_expand_bn/moving_variance:0 || efficientnetb0/block7a_se_expand/bias:0
block6c_expand_bn/moving_mean:0,"(1152,)",1152,36,efficientnetb0/block6b_bn/beta:0 || efficientnetb0/block6b_bn/gamma:0 || efficientnetb0/block6b_bn/moving_mean:0 || efficientnetb0/block6b_bn/moving_variance:0 || efficientnetb0/block6b_expand_bn/beta:0 || efficientnetb0/block6b_expand_bn/gamma:0 || efficientnetb0/block6b_expand_bn/moving_mean:0 || efficientnetb0/block6b_expand_bn/moving_variance:0 || efficientnetb0/block6b_se_expand/bias:0 || efficientnetb0/block6c_bn/beta:0 || efficientnetb0/block6c_bn/gamma:0 || efficientnetb0/block6c_bn/moving_mean:0 || efficientnetb0/block6c_bn/moving_variance:0 || efficientnetb0/block6c_expand_bn/beta:0 || efficientnetb0/block6c_expand_bn/gamma:0 || efficientnetb0/block6c_expand_bn/moving_mean:0 || efficientnetb0/block6c_expand_bn/moving_variance:0 || efficientnetb0/block6c_se_expand/bias:0 || efficientnetb0/block6d_bn/beta:0 || efficientnetb0/block6d_bn/gamma:0 || efficientnetb0/block6d_bn/moving_mean:0 || efficientnetb0/block6d_bn/moving_variance:0 || efficientnetb0/block6d_expand_bn/beta:0 || efficientnetb0/block6d_expand_bn/gamma:0 || efficientnetb0/block6d_expand_bn/moving_mean:0 || efficientnetb0/block6d_expand_bn/moving_variance:0 || efficientnetb0/block6d_se_expand/bias:0 || efficientnetb0/block7a_bn/beta:0 || efficientnetb0/block7a_bn/gamma:0 || efficientnetb0/block7a_bn/moving_mean:0 || efficientnetb0/block7a_bn/moving_variance:0 || efficientnetb0/block7a_expand_bn/beta:0 || efficientnetb0/block7a_expand_bn/gamma:0 || efficientnetb0/block7a_expand_bn/moving_mean:0 || efficientnetb0/block7a_expand_bn/moving_variance:0 || efficientnetb0/block7a_se_expand/bias:0
block6c_expand_bn/moving_variance:0,"(1152,)",1152,36,efficientnetb0/block6b_bn/beta:0 || efficientnetb0/block6b_bn/gamma:0 || efficientnetb0/block6b_bn/moving_mean:0 || efficientnetb0/block6b_bn/moving_variance:0 || efficientnetb0/block6b_expand_bn/beta:0 || efficientnetb0/block6b_expand_bn/gamma:0 || efficientnetb0/block6b_expand_bn/moving_mean:0 || efficientnetb0/block6b_expand_bn/moving_variance:0 || efficientnetb0/block6b_se_expand/bias:0 || efficientnetb0/block6c_bn/beta:0 || efficientnetb0/block6c_bn/gamma:0 || efficientnetb0/block6c_bn/moving_mean:0 || efficientnetb0/block6c_bn/moving_variance:0 || efficientnetb0/block6c_expand_bn/beta:0 || efficientnetb0/block6c_expand_bn/gamma:0 || efficientnetb0/block6c_expand_bn/moving_mean:0 || efficientnetb0/block6c_expand_bn/moving_variance:0 || efficientnetb0/block6c_se_expand/bias:0 || efficientnetb0/block6d_bn/beta:0 || efficientnetb0/block6d_bn/gamma:0 || efficientnetb0/block6d_bn/moving_mean:0 || efficientnetb0/block6d_bn/moving_variance:0 || efficientnetb0/block6d_expand_bn/beta:0 || efficientnetb0/block6d_expand_bn/gamma:0 || efficientnetb0/block6d_expand_bn/moving_mean:0 || efficientnetb0/block6d_expand_bn/moving_variance:0 || efficientnetb0/block6d_se_expand/bias:0 || efficientnetb0/block7a_bn/beta:0 || efficientnetb0/block7a_bn/gamma:0 || efficientnetb0/block7a_bn/moving_mean:0 || efficientnetb0/block7a_bn/moving_variance:0 || efficientnetb0/block7a_expand_bn/beta:0 || efficientnetb0/block7a_expand_bn/gamma:0 || efficientnetb0/block7a_expand_bn/moving_mean:0 || efficientnetb0/block7a_expand_bn/moving_variance:0 || efficientnetb0/block7a_se_expand/bias:0
block6c_dwconv/depthwise_kernel:0,"(5, 5, 1152, 1)",28800,3,efficientnetb0/block6b_dwconv/depthwise_kernel:0 || efficientnetb0/block6c_dwconv/depthwise_kernel:0 || efficientnetb0/block6d_dwconv/depthwise_kernel:0
block6c_bn/gamma:0,"(1152,)",1152,36,efficientnetb0/block6b_bn/beta:0 || efficientnetb0/block6b_bn/gamma:0 || efficientnetb0/block6b_bn/moving_mean:0 || efficientnetb0/block6b_bn/moving_variance:0 || efficientnetb0/block6b_expand_bn/beta:0 || efficientnetb0/block6b_expand_bn/gamma:0 || efficientnetb0/block6b_expand_bn/moving_mean:0 || efficientnetb0/block6b_expand_bn/moving_variance:0 || efficientnetb0/block6b_se_expand/bias:0 || efficientnetb0/block6c_bn/beta:0 || efficientnetb0/block6c_bn/gamma:0 || efficientnetb0/block6c_bn/moving_mean:0 || efficientnetb0/block6c_bn/moving_variance:0 || efficientnetb0/block6c_expand_bn/beta:0 || efficientnetb0/block6c_expand_bn/gamma:0 || efficientnetb0/block6c_expand_bn/moving_mean:0 || efficientnetb0/block6c_expand_bn/moving_variance:0 || efficientnetb0/block6c_se_expand/bias:0 || efficientnetb0/block6d_bn/beta:0 || efficientnetb0/block6d_bn/gamma:0 || efficientnetb0/block6d_bn/moving_mean:0 || efficientnetb0/block6d_bn/moving_variance:0 || efficientnetb0/block6d_expand_bn/beta:0 || efficientnetb0/block6d_expand_bn/gamma:0 || efficientnetb0/block6d_expand_bn/moving_mean:0 || efficientnetb0/block6d_expand_bn/moving_variance:0 || efficientnetb0/block6d_se_expand/bias:0 || efficientnetb0/block7a_bn/beta:0 || efficientnetb0/block7a_bn/gamma:0 || efficientnetb0/block7a_bn/moving_mean:0 || efficientnetb0/block7a_bn/moving_variance:0 || efficientnetb0/block7a_expand_bn/beta:0 || efficientnetb0/block7a_expand_bn/gamma:0 || efficientnetb0/block7a_expand_bn/moving_mean:0 || efficientnetb0/block7a_expand_bn/moving_variance:0 || efficientnetb0/block7a_se_expand/bias:0
block6c_bn/beta:0,"(1152,)",1152,36,efficientnetb0/block6b_bn/beta:0 || efficientnetb0/block6b_bn/gamma:0 || efficientnetb0/block6b_bn/moving_mean:0 || efficientnetb0/block6b_bn/moving_variance:0 || efficientnetb0/block6b_expand_bn/beta:0 || efficientnetb0/block6b_expand_bn/gamma:0 || efficientnetb0/block6b_expand_bn/moving_mean:0 || efficientnetb0/block6b_expand_bn/moving_variance:0 || efficientnetb0/block6b_se_expand/bias:0 || efficientnetb0/block6c_bn/beta:0 || efficientnetb0/block6c_bn/gamma:0 || efficientnetb0/block6c_bn/moving_mean:0 || efficientnetb0/block6c_bn/moving_variance:0 || efficientnetb0/block6c_expand_bn/beta:0 || efficientnetb0/block6c_expand_bn/gamma:0 || efficientnetb0/block6c_expand_bn/moving_mean:0 || efficientnetb0/block6c_expand_bn/moving_variance:0 || efficientnetb0/block6c_se_expand/bias:0 || efficientnetb0/block6d_bn/beta:0 || efficientnetb0/block6d_bn/gamma:0 || efficientnetb0/block6d_bn/moving_mean:0 || efficientnetb0/block6d_bn/moving_variance:0 || efficientnetb0/block6d_expand_bn/beta:0 || efficientnetb0/block6d_expand_bn/gamma:0 || efficientnetb0/block6d_expand_bn/moving_mean:0 || efficientnetb0/block6d_expand_bn/moving_variance:0 || efficientnetb0/block6d_se_expand/bias:0 || efficientnetb0/block7a_bn/beta:0 || efficientnetb0/block7a_bn/gamma:0 || efficientnetb0/block7a_bn/moving_mean:0 || efficientnetb0/block7a_bn/moving_variance:0 || efficientnetb0/block7a_expand_bn/beta:0 || efficientnetb0/block7a_expand_bn/gamma:0 || efficientnetb0/block7a_expand_bn/moving_mean:0 || efficientnetb0/block7a_expand_bn/moving_variance:0 || efficientnetb0/block7a_se_expand/bias:0
block6c_bn/moving_mean:0,"(1152,)",1152,36,efficientnetb0/block6b_bn/beta:0 || efficientnetb0/block6b_bn/gamma:0 || efficientnetb0/block6b_bn/moving_mean:0 || efficientnetb0/block6b_bn/moving_variance:0 || efficientnetb0/block6b_expand_bn/beta:0 || efficientnetb0/block6b_expand_bn/gamma:0 || efficientnetb0/block6b_expand_bn/moving_mean:0 || efficientnetb0/block6b_expand_bn/moving_variance:0 || efficientnetb0/block6b_se_expand/bias:0 || efficientnetb0/block6c_bn/beta:0 || efficientnetb0/block6c_bn/gamma:0 || efficientnetb0/block6c_bn/moving_mean:0 || efficientnetb0/block6c_bn/moving_variance:0 || efficientnetb0/block6c_expand_bn/beta:0 || efficientnetb0/block6c_expand_bn/gamma:0 || efficientnetb0/block6c_expand_bn/moving_mean:0 || efficientnetb0/block6c_expand_bn/moving_variance:0 || efficientnetb0/block6c_se_expand/bias:0 || efficientnetb0/block6d_bn/beta:0 || efficientnetb0/block6d_bn/gamma:0 || efficientnetb0/block6d_bn/moving_mean:0 || efficientnetb0/block6d_bn/moving_variance:0 || efficientnetb0/block6d_expand_bn/beta:0 || efficientnetb0/block6d_expand_bn/gamma:0 || efficientnetb0/block6d_expand_bn/moving_mean:0 || efficientnetb0/block6d_expand_bn/moving_variance:0 || efficientnetb0/block6d_se_expand/bias:0 || efficientnetb0/block7a_bn/beta:0 || efficientnetb0/block7a_bn/gamma:0 || efficientnetb0/block7a_bn/moving_mean:0 || efficientnetb0/block7a_bn/moving_variance:0 || efficientnetb0/block7a_expand_bn/beta:0 || efficientnetb0/block7a_expand_bn/gamma:0 || efficientnetb0/block7a_expand_bn/moving_mean:0 || efficientnetb0/block7a_expand_bn/moving_variance:0 || efficientnetb0/block7a_se_expand/bias:0
block6c_bn/moving_variance:0,"(1152,)",1152,36,efficientnetb0/block6b_bn/beta:0 || efficientnetb0/block6b_bn/gamma:0 || efficientnetb0/block6b_bn/moving_mean:0 || efficientnetb0/block6b_bn/moving_variance:0 || efficientnetb0/block6b_expand_bn/beta:0 || efficientnetb0/block6b_expand_bn/gamma:0 || efficientnetb0/block6b_expand_bn/moving_mean:0 || efficientnetb0/block6b_expand_bn/moving_variance:0 || efficientnetb0/block6b_se_expand/bias:0 || efficientnetb0/block6c_bn/beta:0 || efficientnetb0/block6c_bn/gamma:0 || efficientnetb0/block6c_bn/moving_mean:0 || efficientnetb0/block6c_bn/moving_variance:0 || efficientnetb0/block6c_expand_bn/beta:0 || efficientnetb0/block6c_expand_bn/gamma:0 || efficientnetb0/block6c_expand_bn/moving_mean:0 || efficientnetb0/block6c_expand_bn/moving_variance:0 || efficientnetb0/block6c_se_expand/bias:0 || efficientnetb0/block6d_bn/beta:0 || efficientnetb0/block6d_bn/gamma:0 || efficientnetb0/block6d_bn/moving_mean:0 || efficientnetb0/block6d_bn/moving_variance:0 || efficientnetb0/block6d_expand_bn/beta:0 || efficientnetb0/block6d_expand_bn/gamma:0 || efficientnetb0/block6d_expand_bn/moving_mean:0 || efficientnetb0/block6d_expand_bn/moving_variance:0 || efficientnetb0/block6d_se_expand/bias:0 || efficientnetb0/block7a_bn/beta:0 || efficientnetb0/block7a_bn/gamma:0 || efficientnetb0/block7a_bn/moving_mean:0 || efficientnetb0/block7a_bn/moving_variance:0 || efficientnetb0/block7a_expand_bn/beta:0 || efficientnetb0/block7a_expand_bn/gamma:0 || efficientnetb0/block7a_expand_bn/moving_mean:0 || efficientnetb0/block7a_expand_bn/moving_variance:0 || efficientnetb0/block7a_se_expand/bias:0
block6c_se_reduce/kernel:0,"(1, 1, 1152, 48)",55296,4,efficientnetb0/block6b_se_reduce/kernel:0 || efficientnetb0/block6c_se_reduce/kernel:0 || efficientnetb0/block6d_se_reduce/kernel:0 || efficientnetb0/block7a_se_reduce/kernel:0
block6c_se_reduce/bias:0,"(48,)",48,4,efficientnetb0/block6b_se_reduce/bias:0 || efficientnetb0/block6c_se_reduce/bias:0 || efficientnetb0/block6d_se_reduce/bias:0 || efficientnetb0/block7a_se_reduce/bias:0
block6c_se_expand/kernel:0,"(1, 1, 48, 1152)",55296,4,efficientnetb0/block6b_se_expand/kernel:0 || efficientnetb0/block6c_se_expand/kernel:0 || efficientnetb0/block6d_se_expand/kernel:0 || efficientnetb0/block7a_se_expand/kernel:0
block6c_se_expand/bias:0,"(1152,)",1152,36,efficientnetb0/block6b_bn/beta:0 || efficientnetb0/block6b_bn/gamma:0 || efficientnetb0/block6b_bn/moving_mean:0 || efficientnetb0/block6b_bn/moving_variance:0 || efficientnetb0/block6b_expand_bn/beta:0 || efficientnetb0/block6b_expand_bn/gamma:0 || efficientnetb0/block6b_expand_bn/moving_mean:0 || efficientnetb0/block6b_expand_bn/moving_variance:0 || efficientnetb0/block6b_se_expand/bias:0 || efficientnetb0/block6c_bn/beta:0 || efficientnetb0/block6c_bn/gamma:0 || efficientnetb0/block6c_bn/moving_mean:0 || efficientnetb0/block6c_bn/moving_variance:0 || efficientnetb0/block6c_expand_bn/beta:0 || efficientnetb0/block6c_expand_bn/gamma:0 || efficientnetb0/block6c_expand_bn/moving_mean:0 || efficientnetb0/block6c_expand_bn/moving_variance:0 || efficientnetb0/block6c_se_expand/bias:0 || efficientnetb0/block6d_bn/beta:0 || efficientnetb0/block6d_bn/gamma:0 || efficientnetb0/block6d_bn/moving_mean:0 || efficientnetb0/block6d_bn/moving_variance:0 || efficientnetb0/block6d_expand_bn/beta:0 || efficientnetb0/block6d_expand_bn/gamma:0 || efficientnetb0/block6d_expand_bn/moving_mean:0 || efficientnetb0/block6d_expand_bn/moving_variance:0 || efficientnetb0/block6d_se_expand/bias:0 || efficientnetb0/block7a_bn/beta:0 || efficientnetb0/block7a_bn/gamma:0 || efficientnetb0/block7a_bn/moving_mean:0 || efficientnetb0/block7a_bn/moving_variance:0 || efficientnetb0/block7a_expand_bn/beta:0 || efficientnetb0/block7a_expand_bn/gamma:0 || efficientnetb0/block7a_expand_bn/moving_mean:0 || efficientnetb0/block7a_expand_bn/moving_variance:0 || efficientnetb0/block7a_se_expand/bias:0
block6c_project_conv/kernel:0,"(1, 1, 1152, 192)",221184,3,efficientnetb0/block6b_project_conv/kernel:0 || efficientnetb0/block6c_project_conv/kernel:0 || efficientnetb0/block6d_project_conv/kernel:0
block6c_project_bn/gamma:0,"(192,)",192,16,efficientnetb0/block6a_project_bn/beta:0 || efficientnetb0/block6a_project_bn/gamma:0 || efficientnetb0/block6a_project_bn/moving_mean:0 || efficientnetb0/block6a_project_bn/moving_variance:0 || efficientnetb0/block6b_project_bn/beta:0 || efficientnetb0/block6b_project_bn/gamma:0 || efficientnetb0/block6b_project_bn/moving_mean:0 || efficientnetb0/block6b_project_bn/moving_variance:0 || efficientnetb0/block6c_project_bn/beta:0 || efficientnetb0/block6c_project_bn/gamma:0 || efficientnetb0/block6c_project_bn/moving_mean:0 || efficientnetb0/block6c_project_bn/moving_variance:0 || efficientnetb0/block6d_project_bn/beta:0 || efficientnetb0/block6d_project_bn/gamma:0 || efficientnetb0/block6d_project_bn/moving_mean:0 || efficientnetb0/block6d_project_bn/moving_variance:0
block6c_project_bn/beta:0,"(192,)",192,16,efficientnetb0/block6a_project_bn/beta:0 || efficientnetb0/block6a_project_bn/gamma:0 || efficientnetb0/block6a_project_bn/moving_mean:0 || efficientnetb0/block6a_project_bn/moving_variance:0 || efficientnetb0/block6b_project_bn/beta:0 || efficientnetb0/block6b_project_bn/gamma:0 || efficientnetb0/block6b_project_bn/moving_mean:0 || efficientnetb0/block6b_project_bn/moving_variance:0 || efficientnetb0/block6c_project_bn/beta:0 || efficientnetb0/block6c_project_bn/gamma:0 || efficientnetb0/block6c_project_bn/moving_mean:0 || efficientnetb0/block6c_project_bn/moving_variance:0 || efficientnetb0/block6d_project_bn/beta:0 || efficientnetb0/block6d_project_bn/gamma:0 || efficientnetb0/block6d_project_bn/moving_mean:0 || efficientnetb0/block6d_project_bn/moving_variance:0
block6c_project_bn/moving_mean:0,"(192,)",192,16,efficientnetb0/block6a_project_bn/beta:0 || efficientnetb0/block6a_project_bn/gamma:0 || efficientnetb0/block6a_project_bn/moving_mean:0 || efficientnetb0/block6a_project_bn/moving_variance:0 || efficientnetb0/block6b_project_bn/beta:0 || efficientnetb0/block6b_project_bn/gamma:0 || efficientnetb0/block6b_project_bn/moving_mean:0 || efficientnetb0/block6b_project_bn/moving_variance:0 || efficientnetb0/block6c_project_bn/beta:0 || efficientnetb0/block6c_project_bn/gamma:0 || efficientnetb0/block6c_project_bn/moving_mean:0 || efficientnetb0/block6c_project_bn/moving_variance:0 || efficientnetb0/block6d_project_bn/beta:0 || efficientnetb0/block6d_project_bn/gamma:0 || efficientnetb0/block6d_project_bn/moving_mean:0 || efficientnetb0/block6d_project_bn/moving_variance:0
block6c_project_bn/moving_variance:0,"(192,)",192,16,efficientnetb0/block6a_project_bn/beta:0 || efficientnetb0/block6a_project_bn/gamma:0 || efficientnetb0/block6a_project_bn/moving_mean:0 || efficientnetb0/block6a_project_bn/moving_variance:0 || efficientnetb0/block6b_project_bn/beta:0 || efficientnetb0/block6b_project_bn/gamma:0 || efficientnetb0/block6b_project_bn/moving_mean:0 || efficientnetb0/block6b_project_bn/moving_variance:0 || efficientnetb0/block6c_project_bn/beta:0 || efficientnetb0/block6c_project_bn/gamma:0 || efficientnetb0/block6c_project_bn/moving_mean:0 || efficientnetb0/block6c_project_bn/moving_variance:0 || efficientnetb0/block6d_project_bn/beta:0 || efficientnetb0/block6d_project_bn/gamma:0 || efficientnetb0/block6d_project_bn/moving_mean:0 || efficientnetb0/block6d_project_bn/moving_variance:0
block6d_expand_conv/kernel:0,"(1, 1, 192, 1152)",221184,4,efficientnetb0/block6b_expand_conv/kernel:0 || efficientnetb0/block6c_expand_conv/kernel:0 || efficientnetb0/block6d_expand_conv/kernel:0 || efficientnetb0/block7a_expand_conv/kernel:0
block6d_expand_bn/gamma:0,"(1152,)",1152,36,efficientnetb0/block6b_bn/beta:0 || efficientnetb0/block6b_bn/gamma:0 || efficientnetb0/block6b_bn/moving_mean:0 || efficientnetb0/block6b_bn/moving_variance:0 || efficientnetb0/block6b_expand_bn/beta:0 || efficientnetb0/block6b_expand_bn/gamma:0 || efficientnetb0/block6b_expand_bn/moving_mean:0 || efficientnetb0/block6b_expand_bn/moving_variance:0 || efficientnetb0/block6b_se_expand/bias:0 || efficientnetb0/block6c_bn/beta:0 || efficientnetb0/block6c_bn/gamma:0 || efficientnetb0/block6c_bn/moving_mean:0 || efficientnetb0/block6c_bn/moving_variance:0 || efficientnetb0/block6c_expand_bn/beta:0 || efficientnetb0/block6c_expand_bn/gamma:0 || efficientnetb0/block6c_expand_bn/moving_mean:0 || efficientnetb0/block6c_expand_bn/moving_variance:0 || efficientnetb0/block6c_se_expand/bias:0 || efficientnetb0/block6d_bn/beta:0 || efficientnetb0/block6d_bn/gamma:0 || efficientnetb0/block6d_bn/moving_mean:0 || efficientnetb0/block6d_bn/moving_variance:0 || efficientnetb0/block6d_expand_bn/beta:0 || efficientnetb0/block6d_expand_bn/gamma:0 || efficientnetb0/block6d_expand_bn/moving_mean:0 || efficientnetb0/block6d_expand_bn/moving_variance:0 || efficientnetb0/block6d_se_expand/bias:0 || efficientnetb0/block7a_bn/beta:0 || efficientnetb0/block7a_bn/gamma:0 || efficientnetb0/block7a_bn/moving_mean:0 || efficientnetb0/block7a_bn/moving_variance:0 || efficientnetb0/block7a_expand_bn/beta:0 || efficientnetb0/block7a_expand_bn/gamma:0 || efficientnetb0/block7a_expand_bn/moving_mean:0 || efficientnetb0/block7a_expand_bn/moving_variance:0 || efficientnetb0/block7a_se_expand/bias:0
block6d_expand_bn/beta:0,"(1152,)",1152,36,efficientnetb0/block6b_bn/beta:0 || efficientnetb0/block6b_bn/gamma:0 || efficientnetb0/block6b_bn/moving_mean:0 || efficientnetb0/block6b_bn/moving_variance:0 || efficientnetb0/block6b_expand_bn/beta:0 || efficientnetb0/block6b_expand_bn/gamma:0 || efficientnetb0/block6b_expand_bn/moving_mean:0 || efficientnetb0/block6b_expand_bn/moving_variance:0 || efficientnetb0/block6b_se_expand/bias:0 || efficientnetb0/block6c_bn/beta:0 || efficientnetb0/block6c_bn/gamma:0 || efficientnetb0/block6c_bn/moving_mean:0 || efficientnetb0/block6c_bn/moving_variance:0 || efficientnetb0/block6c_expand_bn/beta:0 || efficientnetb0/block6c_expand_bn/gamma:0 || efficientnetb0/block6c_expand_bn/moving_mean:0 || efficientnetb0/block6c_expand_bn/moving_variance:0 || efficientnetb0/block6c_se_expand/bias:0 || efficientnetb0/block6d_bn/beta:0 || efficientnetb0/block6d_bn/gamma:0 || efficientnetb0/block6d_bn/moving_mean:0 || efficientnetb0/block6d_bn/moving_variance:0 || efficientnetb0/block6d_expand_bn/beta:0 || efficientnetb0/block6d_expand_bn/gamma:0 || efficientnetb0/block6d_expand_bn/moving_mean:0 || efficientnetb0/block6d_expand_bn/moving_variance:0 || efficientnetb0/block6d_se_expand/bias:0 || efficientnetb0/block7a_bn/beta:0 || efficientnetb0/block7a_bn/gamma:0 || efficientnetb0/block7a_bn/moving_mean:0 || efficientnetb0/block7a_bn/moving_variance:0 || efficientnetb0/block7a_expand_bn/beta:0 || efficientnetb0/block7a_expand_bn/gamma:0 || efficientnetb0/block7a_expand_bn/moving_mean:0 || efficientnetb0/block7a_expand_bn/moving_variance:0 || efficientnetb0/block7a_se_expand/bias:0
block6d_expand_bn/moving_mean:0,"(1152,)",1152,36,efficientnetb0/block6b_bn/beta:0 || efficientnetb0/block6b_bn/gamma:0 || efficientnetb0/block6b_bn/moving_mean:0 || efficientnetb0/block6b_bn/moving_variance:0 || efficientnetb0/block6b_expand_bn/beta:0 || efficientnetb0/block6b_expand_bn/gamma:0 || efficientnetb0/block6b_expand_bn/moving_mean:0 || efficientnetb0/block6b_expand_bn/moving_variance:0 || efficientnetb0/block6b_se_expand/bias:0 || efficientnetb0/block6c_bn/beta:0 || efficientnetb0/block6c_bn/gamma:0 || efficientnetb0/block6c_bn/moving_mean:0 || efficientnetb0/block6c_bn/moving_variance:0 || efficientnetb0/block6c_expand_bn/beta:0 || efficientnetb0/block6c_expand_bn/gamma:0 || efficientnetb0/block6c_expand_bn/moving_mean:0 || efficientnetb0/block6c_expand_bn/moving_variance:0 || efficientnetb0/block6c_se_expand/bias:0 || efficientnetb0/block6d_bn/beta:0 || efficientnetb0/block6d_bn/gamma:0 || efficientnetb0/block6d_bn/moving_mean:0 || efficientnetb0/block6d_bn/moving_variance:0 || efficientnetb0/block6d_expand_bn/beta:0 || efficientnetb0/block6d_expand_bn/gamma:0 || efficientnetb0/block6d_expand_bn/moving_mean:0 || efficientnetb0/block6d_expand_bn/moving_variance:0 || efficientnetb0/block6d_se_expand/bias:0 || efficientnetb0/block7a_bn/beta:0 || efficientnetb0/block7a_bn/gamma:0 || efficientnetb0/block7a_bn/moving_mean:0 || efficientnetb0/block7a_bn/moving_variance:0 || efficientnetb0/block7a_expand_bn/beta:0 || efficientnetb0/block7a_expand_bn/gamma:0 || efficientnetb0/block7a_expand_bn/moving_mean:0 || efficientnetb0/block7a_expand_bn/moving_variance:0 || efficientnetb0/block7a_se_expand/bias:0
block6d_expand_bn/moving_variance:0,"(1152,)",1152,36,efficientnetb0/block6b_bn/beta:0 || efficientnetb0/block6b_bn/gamma:0 || efficientnetb0/block6b_bn/moving_mean:0 || efficientnetb0/block6b_bn/moving_variance:0 || efficientnetb0/block6b_expand_bn/beta:0 || efficientnetb0/block6b_expand_bn/gamma:0 || efficientnetb0/block6b_expand_bn/moving_mean:0 || efficientnetb0/block6b_expand_bn/moving_variance:0 || efficientnetb0/block6b_se_expand/bias:0 || efficientnetb0/block6c_bn/beta:0 || efficientnetb0/block6c_bn/gamma:0 || efficientnetb0/block6c_bn/moving_mean:0 || efficientnetb0/block6c_bn/moving_variance:0 || efficientnetb0/block6c_expand_bn/beta:0 || efficientnetb0/block6c_expand_bn/gamma:0 || efficientnetb0/block6c_expand_bn/moving_mean:0 || efficientnetb0/block6c_expand_bn/moving_variance:0 || efficientnetb0/block6c_se_expand/bias:0 || efficientnetb0/block6d_bn/beta:0 || efficientnetb0/block6d_bn/gamma:0 || efficientnetb0/block6d_bn/moving_mean:0 || efficientnetb0/block6d_bn/moving_variance:0 || efficientnetb0/block6d_expand_bn/beta:0 || efficientnetb0/block6d_expand_bn/gamma:0 || efficientnetb0/block6d_expand_bn/moving_mean:0 || efficientnetb0/block6d_expand_bn/moving_variance:0 || efficientnetb0/block6d_se_expand/bias:0 || efficientnetb0/block7a_bn/beta:0 || efficientnetb0/block7a_bn/gamma:0 || efficientnetb0/block7a_bn/moving_mean:0 || efficientnetb0/block7a_bn/moving_variance:0 || efficientnetb0/block7a_expand_bn/beta:0 || efficientnetb0/block7a_expand_bn/gamma:0 || efficientnetb0/block7a_expand_bn/moving_mean:0 || efficientnetb0/block7a_expand_bn/moving_variance:0 || efficientnetb0/block7a_se_expand/bias:0
block6d_dwconv/depthwise_kernel:0,"(5, 5, 1152, 1)",28800,3,efficientnetb0/block6b_dwconv/depthwise_kernel:0 || efficientnetb0/block6c_dwconv/depthwise_kernel:0 || efficientnetb0/block6d_dwconv/depthwise_kernel:0
block6d_bn/gamma:0,"(1152,)",1152,36,efficientnetb0/block6b_bn/beta:0 || efficientnetb0/block6b_bn/gamma:0 || efficientnetb0/block6b_bn/moving_mean:0 || efficientnetb0/block6b_bn/moving_variance:0 || efficientnetb0/block6b_expand_bn/beta:0 || efficientnetb0/block6b_expand_bn/gamma:0 || efficientnetb0/block6b_expand_bn/moving_mean:0 || efficientnetb0/block6b_expand_bn/moving_variance:0 || efficientnetb0/block6b_se_expand/bias:0 || efficientnetb0/block6c_bn/beta:0 || efficientnetb0/block6c_bn/gamma:0 || efficientnetb0/block6c_bn/moving_mean:0 || efficientnetb0/block6c_bn/moving_variance:0 || efficientnetb0/block6c_expand_bn/beta:0 || efficientnetb0/block6c_expand_bn/gamma:0 || efficientnetb0/block6c_expand_bn/moving_mean:0 || efficientnetb0/block6c_expand_bn/moving_variance:0 || efficientnetb0/block6c_se_expand/bias:0 || efficientnetb0/block6d_bn/beta:0 || efficientnetb0/block6d_bn/gamma:0 || efficientnetb0/block6d_bn/moving_mean:0 || efficientnetb0/block6d_bn/moving_variance:0 || efficientnetb0/block6d_expand_bn/beta:0 || efficientnetb0/block6d_expand_bn/gamma:0 || efficientnetb0/block6d_expand_bn/moving_mean:0 || efficientnetb0/block6d_expand_bn/moving_variance:0 || efficientnetb0/block6d_se_expand/bias:0 || efficientnetb0/block7a_bn/beta:0 || efficientnetb0/block7a_bn/gamma:0 || efficientnetb0/block7a_bn/moving_mean:0 || efficientnetb0/block7a_bn/moving_variance:0 || efficientnetb0/block7a_expand_bn/beta:0 || efficientnetb0/block7a_expand_bn/gamma:0 || efficientnetb0/block7a_expand_bn/moving_mean:0 || efficientnetb0/block7a_expand_bn/moving_variance:0 || efficientnetb0/block7a_se_expand/bias:0
block6d_bn/beta:0,"(1152,)",1152,36,efficientnetb0/block6b_bn/beta:0 || efficientnetb0/block6b_bn/gamma:0 || efficientnetb0/block6b_bn/moving_mean:0 || efficientnetb0/block6b_bn/moving_variance:0 || efficientnetb0/block6b_expand_bn/beta:0 || efficientnetb0/block6b_expand_bn/gamma:0 || efficientnetb0/block6b_expand_bn/moving_mean:0 || efficientnetb0/block6b_expand_bn/moving_variance:0 || efficientnetb0/block6b_se_expand/bias:0 || efficientnetb0/block6c_bn/beta:0 || efficientnetb0/block6c_bn/gamma:0 || efficientnetb0/block6c_bn/moving_mean:0 || efficientnetb0/block6c_bn/moving_variance:0 || efficientnetb0/block6c_expand_bn/beta:0 || efficientnetb0/block6c_expand_bn/gamma:0 || efficientnetb0/block6c_expand_bn/moving_mean:0 || efficientnetb0/block6c_expand_bn/moving_variance:0 || efficientnetb0/block6c_se_expand/bias:0 || efficientnetb0/block6d_bn/beta:0 || efficientnetb0/block6d_bn/gamma:0 || efficientnetb0/block6d_bn/moving_mean:0 || efficientnetb0/block6d_bn/moving_variance:0 || efficientnetb0/block6d_expand_bn/beta:0 || efficientnetb0/block6d_expand_bn/gamma:0 || efficientnetb0/block6d_expand_bn/moving_mean:0 || efficientnetb0/block6d_expand_bn/moving_variance:0 || efficientnetb0/block6d_se_expand/bias:0 || efficientnetb0/block7a_bn/beta:0 || efficientnetb0/block7a_bn/gamma:0 || efficientnetb0/block7a_bn/moving_mean:0 || efficientnetb0/block7a_bn/moving_variance:0 || efficientnetb0/block7a_expand_bn/beta:0 || efficientnetb0/block7a_expand_bn/gamma:0 || efficientnetb0/block7a_expand_bn/moving_mean:0 || efficientnetb0/block7a_expand_bn/moving_variance:0 || efficientnetb0/block7a_se_expand/bias:0
block6d_bn/moving_mean:0,"(1152,)",1152,36,efficientnetb0/block6b_bn/beta:0 || efficientnetb0/block6b_bn/gamma:0 || efficientnetb0/block6b_bn/moving_mean:0 || efficientnetb0/block6b_bn/moving_variance:0 || efficientnetb0/block6b_expand_bn/beta:0 || efficientnetb0/block6b_expand_bn/gamma:0 || efficientnetb0/block6b_expand_bn/moving_mean:0 || efficientnetb0/block6b_expand_bn/moving_variance:0 || efficientnetb0/block6b_se_expand/bias:0 || efficientnetb0/block6c_bn/beta:0 || efficientnetb0/block6c_bn/gamma:0 || efficientnetb0/block6c_bn/moving_mean:0 || efficientnetb0/block6c_bn/moving_variance:0 || efficientnetb0/block6c_expand_bn/beta:0 || efficientnetb0/block6c_expand_bn/gamma:0 || efficientnetb0/block6c_expand_bn/moving_mean:0 || efficientnetb0/block6c_expand_bn/moving_variance:0 || efficientnetb0/block6c_se_expand/bias:0 || efficientnetb0/block6d_bn/beta:0 || efficientnetb0/block6d_bn/gamma:0 || efficientnetb0/block6d_bn/moving_mean:0 || efficientnetb0/block6d_bn/moving_variance:0 || efficientnetb0/block6d_expand_bn/beta:0 || efficientnetb0/block6d_expand_bn/gamma:0 || efficientnetb0/block6d_expand_bn/moving_mean:0 || efficientnetb0/block6d_expand_bn/moving_variance:0 || efficientnetb0/block6d_se_expand/bias:0 || efficientnetb0/block7a_bn/beta:0 || efficientnetb0/block7a_bn/gamma:0 || efficientnetb0/block7a_bn/moving_mean:0 || efficientnetb0/block7a_bn/moving_variance:0 || efficientnetb0/block7a_expand_bn/beta:0 || efficientnetb0/block7a_expand_bn/gamma:0 || efficientnetb0/block7a_expand_bn/moving_mean:0 || efficientnetb0/block7a_expand_bn/moving_variance:0 || efficientnetb0/block7a_se_expand/bias:0
block6d_bn/moving_variance:0,"(1152,)",1152,36,efficientnetb0/block6b_bn/beta:0 || efficientnetb0/block6b_bn/gamma:0 || efficientnetb0/block6b_bn/moving_mean:0 || efficientnetb0/block6b_bn/moving_variance:0 || efficientnetb0/block6b_expand_bn/beta:0 || efficientnetb0/block6b_expand_bn/gamma:0 || efficientnetb0/block6b_expand_bn/moving_mean:0 || efficientnetb0/block6b_expand_bn/moving_variance:0 || efficientnetb0/block6b_se_expand/bias:0 || efficientnetb0/block6c_bn/beta:0 || efficientnetb0/block6c_bn/gamma:0 || efficientnetb0/block6c_bn/moving_mean:0 || efficientnetb0/block6c_bn/moving_variance:0 || efficientnetb0/block6c_expand_bn/beta:0 || efficientnetb0/block6c_expand_bn/gamma:0 || efficientnetb0/block6c_expand_bn/moving_mean:0 || efficientnetb0/block6c_expand_bn/moving_variance:0 || efficientnetb0/block6c_se_expand/bias:0 || efficientnetb0/block6d_bn/beta:0 || efficientnetb0/block6d_bn/gamma:0 || efficientnetb0/block6d_bn/moving_mean:0 || efficientnetb0/block6d_bn/moving_variance:0 || efficientnetb0/block6d_expand_bn/beta:0 || efficientnetb0/block6d_expand_bn/gamma:0 || efficientnetb0/block6d_expand_bn/moving_mean:0 || efficientnetb0/block6d_expand_bn/moving_variance:0 || efficientnetb0/block6d_se_expand/bias:0 || efficientnetb0/block7a_bn/beta:0 || efficientnetb0/block7a_bn/gamma:0 || efficientnetb0/block7a_bn/moving_mean:0 || efficientnetb0/block7a_bn/moving_variance:0 || efficientnetb0/block7a_expand_bn/beta:0 || efficientnetb0/block7a_expand_bn/gamma:0 || efficientnetb0/block7a_expand_bn/moving_mean:0 || efficientnetb0/block7a_expand_bn/moving_variance:0 || efficientnetb0/block7a_se_expand/bias:0
block6d_se_reduce/kernel:0,"(1, 1, 1152, 48)",55296,4,efficientnetb0/block6b_se_reduce/kernel:0 || efficientnetb0/block6c_se_reduce/kernel:0 || efficientnetb0/block6d_se_reduce/kernel:0 || efficientnetb0/block7a_se_reduce/kernel:0
block6d_se_reduce/bias:0,"(48,)",48,4,efficientnetb0/block6b_se_reduce/bias:0 || efficientnetb0/block6c_se_reduce/bias:0 || efficientnetb0/block6d_se_reduce/bias:0 || efficientnetb0/block7a_se_reduce/bias:0
block6d_se_expand/kernel:0,"(1, 1, 48, 1152)",55296,4,efficientnetb0/block6b_se_expand/kernel:0 || efficientnetb0/block6c_se_expand/kernel:0 || efficientnetb0/block6d_se_expand/kernel:0 || efficientnetb0/block7a_se_expand/kernel:0
block6d_se_expand/bias:0,"(1152,)",1152,36,efficientnetb0/block6b_bn/beta:0 || efficientnetb0/block6b_bn/gamma:0 || efficientnetb0/block6b_bn/moving_mean:0 || efficientnetb0/block6b_bn/moving_variance:0 || efficientnetb0/block6b_expand_bn/beta:0 || efficientnetb0/block6b_expand_bn/gamma:0 || efficientnetb0/block6b_expand_bn/moving_mean:0 || efficientnetb0/block6b_expand_bn/moving_variance:0 || efficientnetb0/block6b_se_expand/bias:0 || efficientnetb0/block6c_bn/beta:0 || efficientnetb0/block6c_bn/gamma:0 || efficientnetb0/block6c_bn/moving_mean:0 || efficientnetb0/block6c_bn/moving_variance:0 || efficientnetb0/block6c_expand_bn/beta:0 || efficientnetb0/block6c_expand_bn/gamma:0 || efficientnetb0/block6c_expand_bn/moving_mean:0 || efficientnetb0/block6c_expand_bn/moving_variance:0 || efficientnetb0/block6c_se_expand/bias:0 || efficientnetb0/block6d_bn/beta:0 || efficientnetb0/block6d_bn/gamma:0 || efficientnetb0/block6d_bn/moving_mean:0 || efficientnetb0/block6d_bn/moving_variance:0 || efficientnetb0/block6d_expand_bn/beta:0 || efficientnetb0/block6d_expand_bn/gamma:0 || efficientnetb0/block6d_expand_bn/moving_mean:0 || efficientnetb0/block6d_expand_bn/moving_variance:0 || efficientnetb0/block6d_se_expand/bias:0 || efficientnetb0/block7a_bn/beta:0 || efficientnetb0/block7a_bn/gamma:0 || efficientnetb0/block7a_bn/moving_mean:0 || efficientnetb0/block7a_bn/moving_variance:0 || efficientnetb0/block7a_expand_bn/beta:0 || efficientnetb0/block7a_expand_bn/gamma:0 || efficientnetb0/block7a_expand_bn/moving_mean:0 || efficientnetb0/block7a_expand_bn/moving_variance:0 || efficientnetb0/block7a_se_expand/bias:0
block6d_project_conv/kernel:0,"(1, 1, 1152, 192)",221184,3,efficientnetb0/block6b_project_conv/kernel:0 || efficientnetb0/block6c_project_conv/kernel:0 || efficientnetb0/block6d_project_conv/kernel:0
block6d_project_bn/gamma:0,"(192,)",192,16,efficientnetb0/block6a_project_bn/beta:0 || efficientnetb0/block6a_project_bn/gamma:0 || efficientnetb0/block6a_project_bn/moving_mean:0 || efficientnetb0/block6a_project_bn/moving_variance:0 || efficientnetb0/block6b_project_bn/beta:0 || efficientnetb0/block6b_project_bn/gamma:0 || efficientnetb0/block6b_project_bn/moving_mean:0 || efficientnetb0/block6b_project_bn/moving_variance:0 || efficientnetb0/block6c_project_bn/beta:0 || efficientnetb0/block6c_project_bn/gamma:0 || efficientnetb0/block6c_project_bn/moving_mean:0 || efficientnetb0/block6c_project_bn/moving_variance:0 || efficientnetb0/block6d_project_bn/beta:0 || efficientnetb0/block6d_project_bn/gamma:0 || efficientnetb0/block6d_project_bn/moving_mean:0 || efficientnetb0/block6d_project_bn/moving_variance:0
block6d_project_bn/beta:0,"(192,)",192,16,efficientnetb0/block6a_project_bn/beta:0 || efficientnetb0/block6a_project_bn/gamma:0 || efficientnetb0/block6a_project_bn/moving_mean:0 || efficientnetb0/block6a_project_bn/moving_variance:0 || efficientnetb0/block6b_project_bn/beta:0 || efficientnetb0/block6b_project_bn/gamma:0 || efficientnetb0/block6b_project_bn/moving_mean:0 || efficientnetb0/block6b_project_bn/moving_variance:0 || efficientnetb0/block6c_project_bn/beta:0 || efficientnetb0/block6c_project_bn/gamma:0 || efficientnetb0/block6c_project_bn/moving_mean:0 || efficientnetb0/block6c_project_bn/moving_variance:0 || efficientnetb0/block6d_project_bn/beta:0 || efficientnetb0/block6d_project_bn/gamma:0 || efficientnetb0/block6d_project_bn/moving_mean:0 || efficientnetb0/block6d_project_bn/moving_variance:0
block6d_project_bn/moving_mean:0,"(192,)",192,16,efficientnetb0/block6a_project_bn/beta:0 || efficientnetb0/block6a_project_bn/gamma:0 || efficientnetb0/block6a_project_bn/moving_mean:0 || efficientnetb0/block6a_project_bn/moving_variance:0 || efficientnetb0/block6b_project_bn/beta:0 || efficientnetb0/block6b_project_bn/gamma:0 || efficientnetb0/block6b_project_bn/moving_mean:0 || efficientnetb0/block6b_project_bn/moving_variance:0 || efficientnetb0/block6c_project_bn/beta:0 || efficientnetb0/block6c_project_bn/gamma:0 || efficientnetb0/block6c_project_bn/moving_mean:0 || efficientnetb0/block6c_project_bn/moving_variance:0 || efficientnetb0/block6d_project_bn/beta:0 || efficientnetb0/block6d_project_bn/gamma:0 || efficientnetb0/block6d_project_bn/moving_mean:0 || efficientnetb0/block6d_project_bn/moving_variance:0
block6d_project_bn/moving_variance:0,"(192,)",192,16,efficientnetb0/block6a_project_bn/beta:0 || efficientnetb0/block6a_project_bn/gamma:0 || efficientnetb0/block6a_project_bn/moving_mean:0 || efficientnetb0/block6a_project_bn/moving_variance:0 || efficientnetb0/block6b_project_bn/beta:0 || efficientnetb0/block6b_project_bn/gamma:0 || efficientnetb0/block6b_project_bn/moving_mean:0 || efficientnetb0/block6b_project_bn/moving_variance:0 || efficientnetb0/block6c_project_bn/beta:0 || efficientnetb0/block6c_project_bn/gamma:0 || efficientnetb0/block6c_project_bn/moving_mean:0 || efficientnetb0/block6c_project_bn/moving_variance:0 || efficientnetb0/block6d_project_bn/beta:0 || efficientnetb0/block6d_project_bn/gamma:0 || efficientnetb0/block6d_project_bn/moving_mean:0 || efficientnetb0/block6d_project_bn/moving_variance:0
block7a_expand_conv/kernel:0,"(1, 1, 192, 1152)",221184,4,efficientnetb0/block6b_expand_conv/kernel:0 || efficientnetb0/block6c_expand_conv/kernel:0 || efficientnetb0/block6d_expand_conv/kernel:0 || efficientnetb0/block7a_expand_conv/kernel:0
block7a_expand_bn/gamma:0,"(1152,)",1152,36,efficientnetb0/block6b_bn/beta:0 || efficientnetb0/block6b_bn/gamma:0 || efficientnetb0/block6b_bn/moving_mean:0 || efficientnetb0/block6b_bn/moving_variance:0 || efficientnetb0/block6b_expand_bn/beta:0 || efficientnetb0/block6b_expand_bn/gamma:0 || efficientnetb0/block6b_expand_bn/moving_mean:0 || efficientnetb0/block6b_expand_bn/moving_variance:0 || efficientnetb0/block6b_se_expand/bias:0 || efficientnetb0/block6c_bn/beta:0 || efficientnetb0/block6c_bn/gamma:0 || efficientnetb0/block6c_bn/moving_mean:0 || efficientnetb0/block6c_bn/moving_variance:0 || efficientnetb0/block6c_expand_bn/beta:0 || efficientnetb0/block6c_expand_bn/gamma:0 || efficientnetb0/block6c_expand_bn/moving_mean:0 || efficientnetb0/block6c_expand_bn/moving_variance:0 || efficientnetb0/block6c_se_expand/bias:0 || efficientnetb0/block6d_bn/beta:0 || efficientnetb0/block6d_bn/gamma:0 || efficientnetb0/block6d_bn/moving_mean:0 || efficientnetb0/block6d_bn/moving_variance:0 || efficientnetb0/block6d_expand_bn/beta:0 || efficientnetb0/block6d_expand_bn/gamma:0 || efficientnetb0/block6d_expand_bn/moving_mean:0 || efficientnetb0/block6d_expand_bn/moving_variance:0 || efficientnetb0/block6d_se_expand/bias:0 || efficientnetb0/block7a_bn/beta:0 || efficientnetb0/block7a_bn/gamma:0 || efficientnetb0/block7a_bn/moving_mean:0 || efficientnetb0/block7a_bn/moving_variance:0 || efficientnetb0/block7a_expand_bn/beta:0 || efficientnetb0/block7a_expand_bn/gamma:0 || efficientnetb0/block7a_expand_bn/moving_mean:0 || efficientnetb0/block7a_expand_bn/moving_variance:0 || efficientnetb0/block7a_se_expand/bias:0
block7a_expand_bn/beta:0,"(1152,)",1152,36,efficientnetb0/block6b_bn/beta:0 || efficientnetb0/block6b_bn/gamma:0 || efficientnetb0/block6b_bn/moving_mean:0 || efficientnetb0/block6b_bn/moving_variance:0 || efficientnetb0/block6b_expand_bn/beta:0 || efficientnetb0/block6b_expand_bn/gamma:0 || efficientnetb0/block6b_expand_bn/moving_mean:0 || efficientnetb0/block6b_expand_bn/moving_variance:0 || efficientnetb0/block6b_se_expand/bias:0 || efficientnetb0/block6c_bn/beta:0 || efficientnetb0/block6c_bn/gamma:0 || efficientnetb0/block6c_bn/moving_mean:0 || efficientnetb0/block6c_bn/moving_variance:0 || efficientnetb0/block6c_expand_bn/beta:0 || efficientnetb0/block6c_expand_bn/gamma:0 || efficientnetb0/block6c_expand_bn/moving_mean:0 || efficientnetb0/block6c_expand_bn/moving_variance:0 || efficientnetb0/block6c_se_expand/bias:0 || efficientnetb0/block6d_bn/beta:0 || efficientnetb0/block6d_bn/gamma:0 || efficientnetb0/block6d_bn/moving_mean:0 || efficientnetb0/block6d_bn/moving_variance:0 || efficientnetb0/block6d_expand_bn/beta:0 || efficientnetb0/block6d_expand_bn/gamma:0 || efficientnetb0/block6d_expand_bn/moving_mean:0 || efficientnetb0/block6d_expand_bn/moving_variance:0 || efficientnetb0/block6d_se_expand/bias:0 || efficientnetb0/block7a_bn/beta:0 || efficientnetb0/block7a_bn/gamma:0 || efficientnetb0/block7a_bn/moving_mean:0 || efficientnetb0/block7a_bn/moving_variance:0 || efficientnetb0/block7a_expand_bn/beta:0 || efficientnetb0/block7a_expand_bn/gamma:0 || efficientnetb0/block7a_expand_bn/moving_mean:0 || efficientnetb0/block7a_expand_bn/moving_variance:0 || efficientnetb0/block7a_se_expand/bias:0
block7a_expand_bn/moving_mean:0,"(1152,)",1152,36,efficientnetb0/block6b_bn/beta:0 || efficientnetb0/block6b_bn/gamma:0 || efficientnetb0/block6b_bn/moving_mean:0 || efficientnetb0/block6b_bn/moving_variance:0 || efficientnetb0/block6b_expand_bn/beta:0 || efficientnetb0/block6b_expand_bn/gamma:0 || efficientnetb0/block6b_expand_bn/moving_mean:0 || efficientnetb0/block6b_expand_bn/moving_variance:0 || efficientnetb0/block6b_se_expand/bias:0 || efficientnetb0/block6c_bn/beta:0 || efficientnetb0/block6c_bn/gamma:0 || efficientnetb0/block6c_bn/moving_mean:0 || efficientnetb0/block6c_bn/moving_variance:0 || efficientnetb0/block6c_expand_bn/beta:0 || efficientnetb0/block6c_expand_bn/gamma:0 || efficientnetb0/block6c_expand_bn/moving_mean:0 || efficientnetb0/block6c_expand_bn/moving_variance:0 || efficientnetb0/block6c_se_expand/bias:0 || efficientnetb0/block6d_bn/beta:0 || efficientnetb0/block6d_bn/gamma:0 || efficientnetb0/block6d_bn/moving_mean:0 || efficientnetb0/block6d_bn/moving_variance:0 || efficientnetb0/block6d_expand_bn/beta:0 || efficientnetb0/block6d_expand_bn/gamma:0 || efficientnetb0/block6d_expand_bn/moving_mean:0 || efficientnetb0/block6d_expand_bn/moving_variance:0 || efficientnetb0/block6d_se_expand/bias:0 || efficientnetb0/block7a_bn/beta:0 || efficientnetb0/block7a_bn/gamma:0 || efficientnetb0/block7a_bn/moving_mean:0 || efficientnetb0/block7a_bn/moving_variance:0 || efficientnetb0/block7a_expand_bn/beta:0 || efficientnetb0/block7a_expand_bn/gamma:0 || efficientnetb0/block7a_expand_bn/moving_mean:0 || efficientnetb0/block7a_expand_bn/moving_variance:0 || efficientnetb0/block7a_se_expand/bias:0
block7a_expand_bn/moving_variance:0,"(1152,)",1152,36,efficientnetb0/block6b_bn/beta:0 || efficientnetb0/block6b_bn/gamma:0 || efficientnetb0/block6b_bn/moving_mean:0 || efficientnetb0/block6b_bn/moving_variance:0 || efficientnetb0/block6b_expand_bn/beta:0 || efficientnetb0/block6b_expand_bn/gamma:0 || efficientnetb0/block6b_expand_bn/moving_mean:0 || efficientnetb0/block6b_expand_bn/moving_variance:0 || efficientnetb0/block6b_se_expand/bias:0 || efficientnetb0/block6c_bn/beta:0 || efficientnetb0/block6c_bn/gamma:0 || efficientnetb0/block6c_bn/moving_mean:0 || efficientnetb0/block6c_bn/moving_variance:0 || efficientnetb0/block6c_expand_bn/beta:0 || efficientnetb0/block6c_expand_bn/gamma:0 || efficientnetb0/block6c_expand_bn/moving_mean:0 || efficientnetb0/block6c_expand_bn/moving_variance:0 || efficientnetb0/block6c_se_expand/bias:0 || efficientnetb0/block6d_bn/beta:0 || efficientnetb0/block6d_bn/gamma:0 || efficientnetb0/block6d_bn/moving_mean:0 || efficientnetb0/block6d_bn/moving_variance:0 || efficientnetb0/block6d_expand_bn/beta:0 || efficientnetb0/block6d_expand_bn/gamma:0 || efficientnetb0/block6d_expand_bn/moving_mean:0 || efficientnetb0/block6d_expand_bn/moving_variance:0 || efficientnetb0/block6d_se_expand/bias:0 || efficientnetb0/block7a_bn/beta:0 || efficientnetb0/block7a_bn/gamma:0 || efficientnetb0/block7a_bn/moving_mean:0 || efficientnetb0/block7a_bn/moving_variance:0 || efficientnetb0/block7a_expand_bn/beta:0 || efficientnetb0/block7a_expand_bn/gamma:0 || efficientnetb0/block7a_expand_bn/moving_mean:0 || efficientnetb0/block7a_expand_bn/moving_variance:0 || efficientnetb0/block7a_se_expand/bias:0
block7a_dwconv/depthwise_kernel:0,"(3, 3, 1152, 1)",10368,1,efficientnetb0/block7a_dwconv/depthwise_kernel:0
block7a_bn/gamma:0,"(1152,)",1152,36,efficientnetb0/block6b_bn/beta:0 || efficientnetb0/block6b_bn/gamma:0 || efficientnetb0/block6b_bn/moving_mean:0 || efficientnetb0/block6b_bn/moving_variance:0 || efficientnetb0/block6b_expand_bn/beta:0 || efficientnetb0/block6b_expand_bn/gamma:0 || efficientnetb0/block6b_expand_bn/moving_mean:0 || efficientnetb0/block6b_expand_bn/moving_variance:0 || efficientnetb0/block6b_se_expand/bias:0 || efficientnetb0/block6c_bn/beta:0 || efficientnetb0/block6c_bn/gamma:0 || efficientnetb0/block6c_bn/moving_mean:0 || efficientnetb0/block6c_bn/moving_variance:0 || efficientnetb0/block6c_expand_bn/beta:0 || efficientnetb0/block6c_expand_bn/gamma:0 || efficientnetb0/block6c_expand_bn/moving_mean:0 || efficientnetb0/block6c_expand_bn/moving_variance:0 || efficientnetb0/block6c_se_expand/bias:0 || efficientnetb0/block6d_bn/beta:0 || efficientnetb0/block6d_bn/gamma:0 || efficientnetb0/block6d_bn/moving_mean:0 || efficientnetb0/block6d_bn/moving_variance:0 || efficientnetb0/block6d_expand_bn/beta:0 || efficientnetb0/block6d_expand_bn/gamma:0 || efficientnetb0/block6d_expand_bn/moving_mean:0 || efficientnetb0/block6d_expand_bn/moving_variance:0 || efficientnetb0/block6d_se_expand/bias:0 || efficientnetb0/block7a_bn/beta:0 || efficientnetb0/block7a_bn/gamma:0 || efficientnetb0/block7a_bn/moving_mean:0 || efficientnetb0/block7a_bn/moving_variance:0 || efficientnetb0/block7a_expand_bn/beta:0 || efficientnetb0/block7a_expand_bn/gamma:0 || efficientnetb0/block7a_expand_bn/moving_mean:0 || efficientnetb0/block7a_expand_bn/moving_variance:0 || efficientnetb0/block7a_se_expand/bias:0
block7a_bn/beta:0,"(1152,)",1152,36,efficientnetb0/block6b_bn/beta:0 || efficientnetb0/block6b_bn/gamma:0 || efficientnetb0/block6b_bn/moving_mean:0 || efficientnetb0/block6b_bn/moving_variance:0 || efficientnetb0/block6b_expand_bn/beta:0 || efficientnetb0/block6b_expand_bn/gamma:0 || efficientnetb0/block6b_expand_bn/moving_mean:0 || efficientnetb0/block6b_expand_bn/moving_variance:0 || efficientnetb0/block6b_se_expand/bias:0 || efficientnetb0/block6c_bn/beta:0 || efficientnetb0/block6c_bn/gamma:0 || efficientnetb0/block6c_bn/moving_mean:0 || efficientnetb0/block6c_bn/moving_variance:0 || efficientnetb0/block6c_expand_bn/beta:0 || efficientnetb0/block6c_expand_bn/gamma:0 || efficientnetb0/block6c_expand_bn/moving_mean:0 || efficientnetb0/block6c_expand_bn/moving_variance:0 || efficientnetb0/block6c_se_expand/bias:0 || efficientnetb0/block6d_bn/beta:0 || efficientnetb0/block6d_bn/gamma:0 || efficientnetb0/block6d_bn/moving_mean:0 || efficientnetb0/block6d_bn/moving_variance:0 || efficientnetb0/block6d_expand_bn/beta:0 || efficientnetb0/block6d_expand_bn/gamma:0 || efficientnetb0/block6d_expand_bn/moving_mean:0 || efficientnetb0/block6d_expand_bn/moving_variance:0 || efficientnetb0/block6d_se_expand/bias:0 || efficientnetb0/block7a_bn/beta:0 || efficientnetb0/block7a_bn/gamma:0 || efficientnetb0/block7a_bn/moving_mean:0 || efficientnetb0/block7a_bn/moving_variance:0 || efficientnetb0/block7a_expand_bn/beta:0 || efficientnetb0/block7a_expand_bn/gamma:0 || efficientnetb0/block7a_expand_bn/moving_mean:0 || efficientnetb0/block7a_expand_bn/moving_variance:0 || efficientnetb0/block7a_se_expand/bias:0
block7a_bn/moving_mean:0,"(1152,)",1152,36,efficientnetb0/block6b_bn/beta:0 || efficientnetb0/block6b_bn/gamma:0 || efficientnetb0/block6b_bn/moving_mean:0 || efficientnetb0/block6b_bn/moving_variance:0 || efficientnetb0/block6b_expand_bn/beta:0 || efficientnetb0/block6b_expand_bn/gamma:0 || efficientnetb0/block6b_expand_bn/moving_mean:0 || efficientnetb0/block6b_expand_bn/moving_variance:0 || efficientnetb0/block6b_se_expand/bias:0 || efficientnetb0/block6c_bn/beta:0 || efficientnetb0/block6c_bn/gamma:0 || efficientnetb0/block6c_bn/moving_mean:0 || efficientnetb0/block6c_bn/moving_variance:0 || efficientnetb0/block6c_expand_bn/beta:0 || efficientnetb0/block6c_expand_bn/gamma:0 || efficientnetb0/block6c_expand_bn/moving_mean:0 || efficientnetb0/block6c_expand_bn/moving_variance:0 || efficientnetb0/block6c_se_expand/bias:0 || efficientnetb0/block6d_bn/beta:0 || efficientnetb0/block6d_bn/gamma:0 || efficientnetb0/block6d_bn/moving_mean:0 || efficientnetb0/block6d_bn/moving_variance:0 || efficientnetb0/block6d_expand_bn/beta:0 || efficientnetb0/block6d_expand_bn/gamma:0 || efficientnetb0/block6d_expand_bn/moving_mean:0 || efficientnetb0/block6d_expand_bn/moving_variance:0 || efficientnetb0/block6d_se_expand/bias:0 || efficientnetb0/block7a_bn/beta:0 || efficientnetb0/block7a_bn/gamma:0 || efficientnetb0/block7a_bn/moving_mean:0 || efficientnetb0/block7a_bn/moving_variance:0 || efficientnetb0/block7a_expand_bn/beta:0 || efficientnetb0/block7a_expand_bn/gamma:0 || efficientnetb0/block7a_expand_bn/moving_mean:0 || efficientnetb0/block7a_expand_bn/moving_variance:0 || efficientnetb0/block7a_se_expand/bias:0
block7a_bn/moving_variance:0,"(1152,)",1152,36,efficientnetb0/block6b_bn/beta:0 || efficientnetb0/block6b_bn/gamma:0 || efficientnetb0/block6b_bn/moving_mean:0 || efficientnetb0/block6b_bn/moving_variance:0 || efficientnetb0/block6b_expand_bn/beta:0 || efficientnetb0/block6b_expand_bn/gamma:0 || efficientnetb0/block6b_expand_bn/moving_mean:0 || efficientnetb0/block6b_expand_bn/moving_variance:0 || efficientnetb0/block6b_se_expand/bias:0 || efficientnetb0/block6c_bn/beta:0 || efficientnetb0/block6c_bn/gamma:0 || efficientnetb0/block6c_bn/moving_mean:0 || efficientnetb0/block6c_bn/moving_variance:0 || efficientnetb0/block6c_expand_bn/beta:0 || efficientnetb0/block6c_expand_bn/gamma:0 || efficientnetb0/block6c_expand_bn/moving_mean:0 || efficientnetb0/block6c_expand_bn/moving_variance:0 || efficientnetb0/block6c_se_expand/bias:0 || efficientnetb0/block6d_bn/beta:0 || efficientnetb0/block6d_bn/gamma:0 || efficientnetb0/block6d_bn/moving_mean:0 || efficientnetb0/block6d_bn/moving_variance:0 || efficientnetb0/block6d_expand_bn/beta:0 || efficientnetb0/block6d_expand_bn/gamma:0 || efficientnetb0/block6d_expand_bn/moving_mean:0 || efficientnetb0/block6d_expand_bn/moving_variance:0 || efficientnetb0/block6d_se_expand/bias:0 || efficientnetb0/block7a_bn/beta:0 || efficientnetb0/block7a_bn/gamma:0 || efficientnetb0/block7a_bn/moving_mean:0 || efficientnetb0/block7a_bn/moving_variance:0 || efficientnetb0/block7a_expand_bn/beta:0 || efficientnetb0/block7a_expand_bn/gamma:0 || efficientnetb0/block7a_expand_bn/moving_mean:0 || efficientnetb0/block7a_expand_bn/moving_variance:0 || efficientnetb0/block7a_se_expand/bias:0
block7a_se_reduce/kernel:0,"(1, 1, 1152, 48)",55296,4,efficientnetb0/block6b_se_reduce/kernel:0 || efficientnetb0/block6c_se_reduce/kernel:0 || efficientnetb0/block6d_se_reduce/kernel:0 || efficientnetb0/block7a_se_reduce/kernel:0
block7a_se_reduce/bias:0,"(48,)",48,4,efficientnetb0/block6b_se_reduce/bias:0 || efficientnetb0/block6c_se_reduce/bias:0 || efficientnetb0/block6d_se_reduce/bias:0 || efficientnetb0/block7a_se_reduce/bias:0
block7a_se_expand/kernel:0,"(1, 1, 48, 1152)",55296,4,efficientnetb0/block6b_se_expand/kernel:0 || efficientnetb0/block6c_se_expand/kernel:0 || efficientnetb0/block6d_se_expand/kernel:0 || efficientnetb0/block7a_se_expand/kernel:0
block7a_se_expand/bias:0,"(1152,)",1152,36,efficientnetb0/block6b_bn/beta:0 || efficientnetb0/block6b_bn/gamma:0 || efficientnetb0/block6b_bn/moving_mean:0 || efficientnetb0/block6b_bn/moving_variance:0 || efficientnetb0/block6b_expand_bn/beta:0 || efficientnetb0/block6b_expand_bn/gamma:0 || efficientnetb0/block6b_expand_bn/moving_mean:0 || efficientnetb0/block6b_expand_bn/moving_variance:0 || efficientnetb0/block6b_se_expand/bias:0 || efficientnetb0/block6c_bn/beta:0 || efficientnetb0/block6c_bn/gamma:0 || efficientnetb0/block6c_bn/moving_mean:0 || efficientnetb0/block6c_bn/moving_variance:0 || efficientnetb0/block6c_expand_bn/beta:0 || efficientnetb0/block6c_expand_bn/gamma:0 || efficientnetb0/block6c_expand_bn/moving_mean:0 || efficientnetb0/block6c_expand_bn/moving_variance:0 || efficientnetb0/block6c_se_expand/bias:0 || efficientnetb0/block6d_bn/beta:0 || efficientnetb0/block6d_bn/gamma:0 || efficientnetb0/block6d_bn/moving_mean:0 || efficientnetb0/block6d_bn/moving_variance:0 || efficientnetb0/block6d_expand_bn/beta:0 || efficientnetb0/block6d_expand_bn/gamma:0 || efficientnetb0/block6d_expand_bn/moving_mean:0 || efficientnetb0/block6d_expand_bn/moving_variance:0 || efficientnetb0/block6d_se_expand/bias:0 || efficientnetb0/block7a_bn/beta:0 || efficientnetb0/block7a_bn/gamma:0 || efficientnetb0/block7a_bn/moving_mean:0 || efficientnetb0/block7a_bn/moving_variance:0 || efficientnetb0/block7a_expand_bn/beta:0 || efficientnetb0/block7a_expand_bn/gamma:0 || efficientnetb0/block7a_expand_bn/moving_mean:0 || efficientnetb0/block7a_expand_bn/moving_variance:0 || efficientnetb0/block7a_se_expand/bias:0
block7a_project_conv/kernel:0,"(1, 1, 1152, 320)",368640,1,efficientnetb0/block7a_project_conv/kernel:0
block7a_project_bn/gamma:0,"(320,)",320,4,efficientnetb0/block7a_project_bn/beta:0 || efficientnetb0/block7a_project_bn/gamma:0 || efficientnetb0/block7a_project_bn/moving_mean:0 || efficientnetb0/block7a_project_bn/moving_variance:0
block7a_project_bn/beta:0,"(320,)",320,4,efficientnetb0/block7a_project_bn/beta:0 || efficientnetb0/block7a_project_bn/gamma:0 || efficientnetb0/block7a_project_bn/moving_mean:0 || efficientnetb0/block7a_project_bn/moving_variance:0
block7a_project_bn/moving_mean:0,"(320,)",320,4,efficientnetb0/block7a_project_bn/beta:0 || efficientnetb0/block7a_project_bn/gamma:0 || efficientnetb0/block7a_project_bn/moving_mean:0 || efficientnetb0/block7a_project_bn/moving_variance:0
block7a_project_bn/moving_variance:0,"(320,)",320,4,efficientnetb0/block7a_project_bn/beta:0 || efficientnetb0/block7a_project_bn/gamma:0 || efficientnetb0/block7a_project_bn/moving_mean:0 || efficientnetb0/block7a_project_bn/moving_variance:0
top_conv/kernel:0,"(1, 1, 320, 1280)",409600,1,efficientnetb0/top_conv/kernel:0
top_bn/gamma:0,"(1280,)",1280,8,classifier_batchnorm/classifier_batchnorm/beta:0 || classifier_batchnorm/classifier_batchnorm/gamma:0 || classifier_batchnorm/classifier_batchnorm/moving_mean:0 || classifier_batchnorm/classifier_batchnorm/moving_variance:0 || efficientnetb0/top_bn/beta:0 || efficientnetb0/top_bn/gamma:0 || efficientnetb0/top_bn/moving_mean:0 || efficientnetb0/top_bn/moving_variance:0
top_bn/beta:0,"(1280,)",1280,8,classifier_batchnorm/classifier_batchnorm/beta:0 || classifier_batchnorm/classifier_batchnorm/gamma:0 || classifier_batchnorm/classifier_batchnorm/moving_mean:0 || classifier_batchnorm/classifier_batchnorm/moving_variance:0 || efficientnetb0/top_bn/beta:0 || efficientnetb0/top_bn/gamma:0 || efficientnetb0/top_bn/moving_mean:0 || efficientnetb0/top_bn/moving_variance:0
top_bn/moving_mean:0,"(1280,)",1280,8,classifier_batchnorm/classifier_batchnorm/beta:0 || classifier_batchnorm/classifier_batchnorm/gamma:0 || classifier_batchnorm/classifier_batchnorm/moving_mean:0 || classifier_batchnorm/classifier_batchnorm/moving_variance:0 || efficientnetb0/top_bn/beta:0 || efficientnetb0/top_bn/gamma:0 || efficientnetb0/top_bn/moving_mean:0 || efficientnetb0/top_bn/moving_variance:0
top_bn/moving_variance:0,"(1280,)",1280,8,classifier_batchnorm/classifier_batchnorm/beta:0 || classifier_batchnorm/classifier_batchnorm/gamma:0 || classifier_batchnorm/classifier_batchnorm/moving_mean:0 || classifier_batchnorm/classifier_batchnorm/moving_variance:0 || efficientnetb0/top_bn/beta:0 || efficientnetb0/top_bn/gamma:0 || efficientnetb0/top_bn/moving_mean:0 || efficientnetb0/top_bn/moving_variance:0
classifier_batchnorm/gamma:0,"(1280,)",1280,8,classifier_batchnorm/classifier_batchnorm/beta:0 || classifier_batchnorm/classifier_batchnorm/gamma:0 || classifier_batchnorm/classifier_batchnorm/moving_mean:0 || classifier_batchnorm/classifier_batchnorm/moving_variance:0 || efficientnetb0/top_bn/beta:0 || efficientnetb0/top_bn/gamma:0 || efficientnetb0/top_bn/moving_mean:0 || efficientnetb0/top_bn/moving_variance:0
classifier_batchnorm/beta:0,"(1280,)",1280,8,classifier_batchnorm/classifier_batchnorm/beta:0 || classifier_batchnorm/classifier_batchnorm/gamma:0 || classifier_batchnorm/classifier_batchnorm/moving_mean:0 || classifier_batchnorm/classifier_batchnorm/moving_variance:0 || efficientnetb0/top_bn/beta:0 || efficientnetb0/top_bn/gamma:0 || efficientnetb0/top_bn/moving_mean:0 || efficientnetb0/top_bn/moving_variance:0
classifier_batchnorm/moving_mean:0,"(1280,)",1280,8,classifier_batchnorm/classifier_batchnorm/beta:0 || classifier_batchnorm/classifier_batchnorm/gamma:0 || classifier_batchnorm/classifier_batchnorm/moving_mean:0 || classifier_batchnorm/classifier_batchnorm/moving_variance:0 || efficientnetb0/top_bn/beta:0 || efficientnetb0/top_bn/gamma:0 || efficientnetb0/top_bn/moving_mean:0 || efficientnetb0/top_bn/moving_variance:0
classifier_batchnorm/moving_variance:0,"(1280,)",1280,8,classifier_batchnorm/classifier_batchnorm/beta:0 || classifier_batchnorm/classifier_batchnorm/gamma:0 || classifier_batchnorm/classifier_batchnorm/moving_mean:0 || classifier_batchnorm/classifier_batchnorm/moving_variance:0 || efficientnetb0/top_bn/beta:0 || efficientnetb0/top_bn/gamma:0 || efficientnetb0/top_bn/moving_mean:0 || efficientnetb0/top_bn/moving_variance:0
classifier_dense/kernel:0,"(1280, 256)",327680,1,classifier_dense/classifier_dense/kernel:0
classifier_dense/bias:0,"(256,)",256,1,classifier_dense/classifier_dense/bias:0
predictions/kernel:0,"(256, 4)",1024,1,predictions/predictions/kernel:0
predictions/bias:0,"(4,)",4,2,efficientnetb0/block2a_se_reduce/bias:0 || predictions/predictions/bias:0
