class,plane,split,filename,mean_intensity,median_intensity,std_intensity,min_intensity,max_intensity,nonzero_percentage
glioma,sagittal,train,brisc2025_train_00839_gl_sa_t1.jpg,28.89566421508789,4.0,37.58987045288086,0.0,255.0,94.95964050292969
glioma,coronal,train,brisc2025_train_00695_gl_co_t1.jpg,36.179832458496094,11.0,43.01945495605469,0.0,255.0,74.97673034667969
glioma,axial,test,brisc2025_test_00050_gl_ax_t1.jpg,32.56707000732422,4.0,40.92182922363281,0.0,255.0,71.1212158203125
glioma,sagittal,train,brisc2025_train_01004_gl_sa_t1.jpg,47.02859878540039,44.0,44.77802658081055,0.0,255.0,96.70791625976562
glioma,coronal,train,brisc2025_train_00453_gl_co_t1.jpg,38.695133209228516,25.0,42.40219497680664,0.0,255.0,77.01072692871094
glioma,axial,train,brisc2025_train_00089_gl_ax_t1.jpg,22.889118194580078,2.0,31.953144073486328,0.0,255.0,66.082763671875
glioma,coronal,train,brisc2025_train_00570_gl_co_t1.jpg,30.651775360107422,11.0,36.07271957397461,0.0,251.0,76.73683166503906
glioma,coronal,train,brisc2025_train_00732_gl_co_t1.jpg,39.105369567871094,31.0,43.036685943603516,0.0,255.0,77.06336975097656
glioma,axial,train,brisc2025_train_00091_gl_ax_t1.jpg,24.531951904296875,3.0,36.057586669921875,0.0,255.0,68.32962036132812
glioma,axial,train,brisc2025_train_00053_gl_ax_t1.jpg,29.264556884765625,3.0,35.54774856567383,0.0,252.0,66.92237854003906
glioma,axial,test,brisc2025_test_00030_gl_ax_t1.jpg,26.179428100585938,3.0,46.43791580200195,0.0,255.0,82.51380920410156
glioma,coronal,train,brisc2025_train_00447_gl_co_t1.jpg,29.666393280029297,4.0,37.96751022338867,0.0,255.0,76.92794799804688
glioma,axial,train,brisc2025_train_00226_gl_ax_t1.jpg,25.109905242919922,2.0,32.49699401855469,0.0,253.0,65.46363830566406
glioma,axial,train,brisc2025_train_00376_gl_ax_t1.jpg,31.750690460205078,3.0,44.2652473449707,0.0,254.0,69.53849792480469
glioma,axial,test,brisc2025_test_00077_gl_ax_t1.jpg,30.351810455322266,4.0,39.01087188720703,0.0,255.0,68.3258056640625
glioma,sagittal,test,brisc2025_test_00248_gl_sa_t1.jpg,47.410011291503906,41.0,43.65766525268555,0.0,255.0,98.13613891601562
glioma,coronal,train,brisc2025_train_00396_gl_co_t1.jpg,37.84490966796875,5.0,43.527713775634766,0.0,255.0,77.43415832519531
glioma,coronal,train,brisc2025_train_00560_gl_co_t1.jpg,31.640827178955078,3.0,45.02113723754883,0.0,255.0,76.93595886230469
glioma,axial,train,brisc2025_train_00176_gl_ax_t1.jpg,29.38985824584961,3.0,41.703521728515625,0.0,255.0,70.70808410644531
glioma,sagittal,train,brisc2025_train_01050_gl_sa_t1.jpg,41.59276580810547,47.0,36.76645278930664,0.0,255.0,97.08290100097656
glioma,axial,train,brisc2025_train_00241_gl_ax_t1.jpg,26.224716186523438,2.0,37.20469665527344,0.0,255.0,65.68984985351562
glioma,axial,test,brisc2025_test_00079_gl_ax_t1.jpg,27.774009704589844,3.0,37.167808532714844,0.0,255.0,67.71583557128906
glioma,axial,train,brisc2025_train_00373_gl_ax_t1.jpg,29.273162841796875,3.0,39.167911529541016,0.0,255.0,67.88253784179688
glioma,coronal,train,brisc2025_train_00817_gl_co_t1.jpg,41.32109832763672,21.0,43.88816452026367,0.0,255.0,83.46405029296875
glioma,coronal,train,brisc2025_train_00820_gl_co_t1.jpg,37.22977066040039,7.0,43.098419189453125,0.0,255.0,82.58590698242188
glioma,sagittal,test,brisc2025_test_00193_gl_sa_t1.jpg,37.01230239868164,27.0,38.385215759277344,0.0,255.0,95.65238952636719
glioma,axial,train,brisc2025_train_00097_gl_ax_t1.jpg,33.61640548706055,6.0,42.372798919677734,0.0,255.0,67.56401062011719
glioma,axial,train,brisc2025_train_00343_gl_ax_t1.jpg,30.317646026611328,4.0,42.398067474365234,0.0,255.0,72.14012145996094
glioma,coronal,train,brisc2025_train_00657_gl_co_t1.jpg,34.20927047729492,4.0,43.01877212524414,0.0,255.0,76.56059265136719
glioma,coronal,train,brisc2025_train_00726_gl_co_t1.jpg,23.19715118408203,2.0,34.45643997192383,0.0,255.0,76.45721435546875
glioma,coronal,train,brisc2025_train_00620_gl_co_t1.jpg,34.88404083251953,3.0,44.523677825927734,0.0,255.0,76.26571655273438
glioma,coronal,test,brisc2025_test_00102_gl_co_t1.jpg,33.922210693359375,22.0,35.48210525512695,0.0,255.0,77.78244018554688
glioma,coronal,train,brisc2025_train_00564_gl_co_t1.jpg,36.661102294921875,4.0,45.350704193115234,0.0,255.0,78.10287475585938
glioma,coronal,train,brisc2025_train_00777_gl_co_t1.jpg,39.70209884643555,29.0,43.051856994628906,0.0,255.0,76.95655822753906
glioma,coronal,train,brisc2025_train_00563_gl_co_t1.jpg,35.123809814453125,4.0,44.54743194580078,0.0,252.0,77.91023254394531
glioma,sagittal,train,brisc2025_train_00987_gl_sa_t1.jpg,37.7078971862793,7.0,43.80388641357422,0.0,251.0,96.51412963867188
glioma,sagittal,train,brisc2025_train_00861_gl_sa_t1.jpg,38.28675842285156,41.0,34.76999282836914,0.0,255.0,96.38595581054688
glioma,axial,train,brisc2025_train_00157_gl_ax_t1.jpg,23.394176483154297,2.0,33.37021255493164,0.0,249.0,69.0948486328125
glioma,sagittal,train,brisc2025_train_01143_gl_sa_t1.jpg,35.817020416259766,24.0,38.301300048828125,0.0,255.0,97.30148315429688
glioma,sagittal,train,brisc2025_train_01138_gl_sa_t1.jpg,50.996116638183594,12.0,55.3493537902832,0.0,255.0,97.74246215820312
glioma,coronal,train,brisc2025_train_00586_gl_co_t1.jpg,32.38682556152344,2.0,46.6672477722168,0.0,249.0,76.77497863769531
glioma,axial,train,brisc2025_train_00024_gl_ax_t1.jpg,21.74322509765625,2.0,34.47520446777344,0.0,255.0,67.12875366210938
glioma,coronal,train,brisc2025_train_00539_gl_co_t1.jpg,37.626976013183594,31.0,38.39706039428711,0.0,255.0,77.50167846679688
glioma,sagittal,train,brisc2025_train_01123_gl_sa_t1.jpg,20.163745880126953,17.0,20.827003479003906,0.0,253.0,93.08853149414062
glioma,sagittal,train,brisc2025_train_00827_gl_sa_t1.jpg,40.005104064941406,28.0,38.442440032958984,0.0,250.0,97.60704040527344
glioma,coronal,train,brisc2025_train_00696_gl_co_t1.jpg,34.1819953918457,18.0,39.68717956542969,0.0,255.0,75.35552978515625
glioma,coronal,train,brisc2025_train_00713_gl_co_t1.jpg,38.744449615478516,34.0,40.307838439941406,0.0,255.0,76.71775817871094
glioma,sagittal,test,brisc2025_test_00221_gl_sa_t1.jpg,50.52531433105469,55.0,46.39247131347656,0.0,255.0,97.23091125488281
glioma,axial,test,brisc2025_test_00052_gl_ax_t1.jpg,28.643993377685547,3.0,38.58588790893555,0.0,255.0,69.58580017089844
glioma,axial,test,brisc2025_test_00045_gl_ax_t1.jpg,27.588401794433594,4.0,39.234596252441406,0.0,255.0,68.40972900390625
glioma,sagittal,test,brisc2025_test_00197_gl_sa_t1.jpg,42.02928924560547,41.0,38.4237174987793,0.0,255.0,96.59919738769531
glioma,coronal,train,brisc2025_train_00691_gl_co_t1.jpg,23.176944732666016,3.0,32.98868942260742,0.0,255.0,74.49760437011719
glioma,axial,train,brisc2025_train_00117_gl_ax_t1.jpg,17.19338607788086,1.0,24.899354934692383,0.0,253.0,64.63470458984375
glioma,axial,test,brisc2025_test_00068_gl_ax_t1.jpg,22.867000579833984,2.0,30.222232818603516,0.0,255.0,65.89775085449219
glioma,axial,test,brisc2025_test_00071_gl_ax_t1.jpg,33.32125473022461,3.0,46.287132263183594,0.0,255.0,71.11358642578125
glioma,axial,train,brisc2025_train_00012_gl_ax_t1.jpg,25.54438018798828,4.0,32.5225944519043,0.0,255.0,65.93551635742188
glioma,coronal,train,brisc2025_train_00757_gl_co_t1.jpg,36.184043884277344,5.0,44.44281768798828,0.0,255.0,78.71589660644531
glioma,sagittal,train,brisc2025_train_00892_gl_sa_t1.jpg,40.49076843261719,34.0,40.51853561401367,0.0,255.0,95.58944702148438
glioma,axial,train,brisc2025_train_00273_gl_ax_t1.jpg,30.15462875366211,3.0,37.822147369384766,0.0,255.0,66.05567932128906
glioma,coronal,train,brisc2025_train_00810_gl_co_t1.jpg,41.417083740234375,6.0,48.570831298828125,0.0,252.0,82.52677917480469
glioma,sagittal,train,brisc2025_train_00934_gl_sa_t1.jpg,42.413841247558594,6.0,49.114280700683594,0.0,255.0,97.53646850585938
glioma,sagittal,train,brisc2025_train_00845_gl_sa_t1.jpg,40.64849853515625,7.0,46.66822814941406,0.0,255.0,95.12252807617188
glioma,coronal,train,brisc2025_train_00454_gl_co_t1.jpg,37.607177734375,23.0,41.17420196533203,0.0,252.0,77.17742919921875
glioma,axial,train,brisc2025_train_00121_gl_ax_t1.jpg,17.00653076171875,1.0,25.387855529785156,0.0,255.0,66.01753234863281
glioma,sagittal,train,brisc2025_train_00936_gl_sa_t1.jpg,47.6947135925293,51.0,38.547611236572266,0.0,254.0,97.12028503417969
glioma,coronal,train,brisc2025_train_00596_gl_co_t1.jpg,30.268577575683594,4.0,38.8624153137207,0.0,255.0,74.90425109863281
glioma,sagittal,test,brisc2025_test_00219_gl_sa_t1.jpg,52.32482147216797,61.0,37.26618194580078,0.0,255.0,97.34992980957031
glioma,coronal,train,brisc2025_train_00457_gl_co_t1.jpg,34.34315872192383,22.0,37.89502716064453,0.0,253.0,77.39906311035156
glioma,sagittal,train,brisc2025_train_01103_gl_sa_t1.jpg,39.53184127807617,27.0,38.40497589111328,0.0,250.0,97.15843200683594
glioma,sagittal,test,brisc2025_test_00185_gl_sa_t1.jpg,46.134315490722656,11.0,51.285057067871094,0.0,255.0,97.65243530273438
glioma,coronal,train,brisc2025_train_00501_gl_co_t1.jpg,39.50192642211914,29.0,42.389644622802734,0.0,255.0,77.57530212402344
glioma,axial,train,brisc2025_train_00170_gl_ax_t1.jpg,32.28620910644531,3.0,37.795989990234375,0.0,255.0,67.25997924804688
glioma,sagittal,test,brisc2025_test_00209_gl_sa_t1.jpg,35.5191535949707,18.0,38.61277389526367,0.0,250.0,97.57041931152344
glioma,axial,train,brisc2025_train_00022_gl_ax_t1.jpg,22.088623046875,3.0,28.10556983947754,0.0,253.0,66.30210876464844
glioma,sagittal,test,brisc2025_test_00199_gl_sa_t1.jpg,34.939205169677734,16.0,39.04275894165039,0.0,254.0,96.7193603515625
glioma,coronal,train,brisc2025_train_00527_gl_co_t1.jpg,26.467205047607422,3.0,35.45075988769531,0.0,254.0,76.23481750488281
glioma,coronal,train,brisc2025_train_00671_gl_co_t1.jpg,33.68458938598633,16.0,38.58635711669922,0.0,255.0,77.41165161132812
glioma,coronal,train,brisc2025_train_00659_gl_co_t1.jpg,38.640708923339844,36.0,39.95421600341797,0.0,255.0,77.11906433105469
glioma,sagittal,train,brisc2025_train_01107_gl_sa_t1.jpg,46.90266036987305,41.0,46.78335189819336,0.0,255.0,96.52481079101562
glioma,axial,test,brisc2025_test_00044_gl_ax_t1.jpg,25.83032989501953,2.0,36.74979019165039,0.0,255.0,66.6900634765625
glioma,coronal,train,brisc2025_train_00665_gl_co_t1.jpg,26.753787994384766,4.0,40.24763870239258,0.0,255.0,76.99203491210938
glioma,sagittal,test,brisc2025_test_00240_gl_sa_t1.jpg,58.57723617553711,61.0,47.680870056152344,0.0,255.0,96.95472717285156
glioma,axial,train,brisc2025_train_00179_gl_ax_t1.jpg,27.428264617919922,3.0,34.52931213378906,0.0,255.0,67.63191223144531
glioma,coronal,train,brisc2025_train_00606_gl_co_t1.jpg,39.95547866821289,38.0,39.92390441894531,0.0,252.0,75.93307495117188
glioma,axial,train,brisc2025_train_00341_gl_ax_t1.jpg,30.39342498779297,5.0,41.564823150634766,0.0,255.0,71.26960754394531
glioma,axial,train,brisc2025_train_00378_gl_ax_t1.jpg,30.364513397216797,3.0,48.93564987182617,0.0,255.0,72.37358093261719
glioma,axial,train,brisc2025_train_00367_gl_ax_t1.jpg,30.854747772216797,4.0,39.772247314453125,0.0,255.0,68.40744018554688
glioma,coronal,train,brisc2025_train_00492_gl_co_t1.jpg,30.424175262451172,5.0,41.31660461425781,0.0,255.0,74.50981140136719
glioma,coronal,train,brisc2025_train_00779_gl_co_t1.jpg,35.031768798828125,7.0,42.07038879394531,0.0,252.0,76.72767639160156
glioma,coronal,train,brisc2025_train_00737_gl_co_t1.jpg,38.71544647216797,28.0,42.76606750488281,0.0,251.0,77.14653015136719
glioma,axial,train,brisc2025_train_00274_gl_ax_t1.jpg,24.62247085571289,3.0,32.275333404541016,0.0,255.0,66.6748046875
glioma,coronal,train,brisc2025_train_00744_gl_co_t1.jpg,33.847686767578125,4.0,42.64847946166992,0.0,255.0,77.2430419921875
glioma,axial,test,brisc2025_test_00066_gl_ax_t1.jpg,30.454673767089844,3.0,40.89645004272461,0.0,255.0,67.29202270507812
glioma,coronal,train,brisc2025_train_00611_gl_co_t1.jpg,13.6925048828125,2.0,26.865875244140625,0.0,255.0,72.46932983398438
glioma,axial,train,brisc2025_train_00352_gl_ax_t1.jpg,31.54283905029297,3.0,40.47166061401367,0.0,255.0,66.26319885253906
glioma,axial,train,brisc2025_train_00175_gl_ax_t1.jpg,24.153400421142578,3.0,29.722808837890625,0.0,255.0,66.30401611328125
glioma,coronal,train,brisc2025_train_00716_gl_co_t1.jpg,32.18778610229492,4.0,38.839107513427734,0.0,255.0,76.46446228027344
glioma,coronal,train,brisc2025_train_00440_gl_co_t1.jpg,27.036060333251953,5.0,34.389644622802734,0.0,255.0,76.49002075195312
glioma,axial,train,brisc2025_train_00118_gl_ax_t1.jpg,17.71436309814453,1.0,25.430225372314453,0.0,253.0,64.72930908203125
glioma,axial,train,brisc2025_train_00114_gl_ax_t1.jpg,20.49124526977539,2.0,33.11259841918945,0.0,253.0,67.596435546875
glioma,axial,test,brisc2025_test_00033_gl_ax_t1.jpg,23.036975860595703,2.0,32.622135162353516,0.0,255.0,66.56875610351562
glioma,axial,train,brisc2025_train_00335_gl_ax_t1.jpg,28.673507690429688,3.0,40.46186447143555,0.0,255.0,71.47254943847656
glioma,axial,train,brisc2025_train_00100_gl_ax_t1.jpg,30.308349609375,3.0,45.509342193603516,0.0,255.0,68.4173583984375
glioma,coronal,train,brisc2025_train_00525_gl_co_t1.jpg,22.218990325927734,3.0,32.2707633972168,0.0,255.0,75.433349609375
glioma,coronal,train,brisc2025_train_00592_gl_co_t1.jpg,24.03424072265625,3.0,38.74484634399414,0.0,255.0,72.58644104003906
glioma,sagittal,train,brisc2025_train_00919_gl_sa_t1.jpg,42.01206588745117,7.0,50.20853805541992,0.0,255.0,95.52764892578125
glioma,axial,train,brisc2025_train_00172_gl_ax_t1.jpg,21.338211059570312,3.0,29.362178802490234,0.0,255.0,67.91572570800781
glioma,sagittal,train,brisc2025_train_00952_gl_sa_t1.jpg,51.21194839477539,56.0,40.63850021362305,0.0,254.0,96.40998840332031
glioma,axial,train,brisc2025_train_00371_gl_ax_t1.jpg,28.390445709228516,3.0,41.46489715576172,0.0,255.0,70.93925476074219
glioma,sagittal,train,brisc2025_train_00903_gl_sa_t1.jpg,47.16132354736328,50.0,42.21227264404297,0.0,253.0,96.04682922363281
glioma,sagittal,train,brisc2025_train_00917_gl_sa_t1.jpg,37.81794357299805,9.0,44.219329833984375,0.0,253.0,95.59288024902344
glioma,coronal,train,brisc2025_train_00602_gl_co_t1.jpg,47.89760208129883,37.0,48.66740417480469,0.0,255.0,76.93710327148438
glioma,axial,train,brisc2025_train_00349_gl_ax_t1.jpg,32.43478775024414,4.0,40.906044006347656,0.0,255.0,70.64857482910156
glioma,coronal,test,brisc2025_test_00116_gl_co_t1.jpg,38.58961868286133,27.0,40.77080535888672,0.0,255.0,77.28462219238281
glioma,coronal,test,brisc2025_test_00164_gl_co_t1.jpg,29.86151885986328,5.0,40.47883987426758,0.0,255.0,82.22618103027344
glioma,axial,train,brisc2025_train_00008_gl_ax_t1.jpg,26.202022552490234,3.0,39.215145111083984,0.0,250.0,71.22001647949219
glioma,sagittal,train,brisc2025_train_01104_gl_sa_t1.jpg,44.4554443359375,41.0,45.17112731933594,0.0,255.0,96.87156677246094
glioma,sagittal,test,brisc2025_test_00238_gl_sa_t1.jpg,43.404903411865234,32.0,45.5765495300293,0.0,252.0,96.2677001953125
glioma,coronal,train,brisc2025_train_00814_gl_co_t1.jpg,39.89273452758789,20.0,42.47120666503906,0.0,252.0,82.75146484375
glioma,coronal,train,brisc2025_train_00561_gl_co_t1.jpg,34.32462692260742,4.0,46.92586898803711,0.0,255.0,77.51693725585938
glioma,axial,train,brisc2025_train_00322_gl_ax_t1.jpg,21.67475128173828,1.0,30.198944091796875,0.0,255.0,65.69633483886719
glioma,axial,train,brisc2025_train_00218_gl_ax_t1.jpg,27.043880462646484,3.0,39.10982894897461,0.0,255.0,68.60885620117188
glioma,axial,train,brisc2025_train_00105_gl_ax_t1.jpg,29.458232879638672,4.0,35.073699951171875,0.0,255.0,65.77377319335938
glioma,sagittal,test,brisc2025_test_00234_gl_sa_t1.jpg,43.39342498779297,27.0,45.290828704833984,0.0,255.0,97.34344482421875
glioma,axial,train,brisc2025_train_00344_gl_ax_t1.jpg,37.85377883911133,3.0,50.217105865478516,0.0,255.0,70.81832885742188
glioma,coronal,train,brisc2025_train_00521_gl_co_t1.jpg,24.65587615966797,3.0,33.37454605102539,0.0,255.0,74.30839538574219
glioma,sagittal,train,brisc2025_train_00950_gl_sa_t1.jpg,46.683834075927734,52.0,34.61680221557617,0.0,253.0,96.34017944335938
glioma,axial,train,brisc2025_train_00318_gl_ax_t1.jpg,25.252361297607422,2.0,32.98988342285156,0.0,255.0,65.81802368164062
glioma,axial,test,brisc2025_test_00064_gl_ax_t1.jpg,27.94574737548828,2.0,40.89080810546875,0.0,255.0,66.95213317871094
glioma,axial,train,brisc2025_train_00069_gl_ax_t1.jpg,21.189193725585938,3.0,27.209903717041016,0.0,250.0,65.509033203125
glioma,axial,train,brisc2025_train_00182_gl_ax_t1.jpg,24.473373413085938,2.0,37.030242919921875,0.0,255.0,70.83282470703125
glioma,coronal,train,brisc2025_train_00741_gl_co_t1.jpg,33.775840759277344,15.0,38.64091873168945,0.0,255.0,76.57470703125
glioma,coronal,train,brisc2025_train_00753_gl_co_t1.jpg,17.672134399414062,2.0,33.68882751464844,0.0,255.0,75.60615539550781
glioma,sagittal,train,brisc2025_train_00880_gl_sa_t1.jpg,41.926673889160156,39.0,39.278480529785156,0.0,255.0,97.03254699707031
glioma,coronal,train,brisc2025_train_00815_gl_co_t1.jpg,38.93612289428711,25.0,40.39694595336914,0.0,252.0,82.9803466796875
glioma,axial,test,brisc2025_test_00031_gl_ax_t1.jpg,23.939716339111328,2.0,32.93806076049805,0.0,255.0,66.10069274902344
glioma,coronal,train,brisc2025_train_00532_gl_co_t1.jpg,33.67771530151367,7.0,39.708621978759766,0.0,255.0,77.10533142089844
glioma,sagittal,train,brisc2025_train_00980_gl_sa_t1.jpg,38.2037353515625,37.0,35.72599792480469,0.0,249.0,96.52061462402344
glioma,coronal,train,brisc2025_train_00411_gl_co_t1.jpg,31.004066467285156,19.0,34.4278678894043,0.0,255.0,77.81410217285156
glioma,axial,train,brisc2025_train_00279_gl_ax_t1.jpg,20.801048278808594,2.0,28.603561401367188,0.0,255.0,66.27616882324219
glioma,axial,train,brisc2025_train_00326_gl_ax_t1.jpg,32.64487075805664,3.0,42.24229049682617,0.0,255.0,71.48284912109375
glioma,coronal,train,brisc2025_train_00469_gl_co_t1.jpg,27.236583709716797,8.0,31.613882064819336,0.0,253.0,75.88348388671875
glioma,coronal,train,brisc2025_train_00769_gl_co_t1.jpg,32.304237365722656,23.0,34.955963134765625,0.0,255.0,77.66342163085938
glioma,sagittal,train,brisc2025_train_00888_gl_sa_t1.jpg,40.496864318847656,35.0,38.73995590209961,0.0,255.0,95.71685791015625
glioma,axial,train,brisc2025_train_00240_gl_ax_t1.jpg,23.604637145996094,2.0,32.8266487121582,0.0,250.0,65.37284851074219
glioma,axial,train,brisc2025_train_00295_gl_ax_t1.jpg,25.724109649658203,2.0,34.81281280517578,0.0,255.0,64.77203369140625
glioma,coronal,train,brisc2025_train_00486_gl_co_t1.jpg,31.224056243896484,6.0,38.805171966552734,0.0,255.0,75.22811889648438
glioma,coronal,train,brisc2025_train_00751_gl_co_t1.jpg,16.43254852294922,2.0,23.07985496520996,0.0,255.0,75.15983581542969
glioma,sagittal,train,brisc2025_train_00943_gl_sa_t1.jpg,39.653114318847656,7.0,47.387325286865234,0.0,255.0,95.96481323242188
glioma,coronal,train,brisc2025_train_00502_gl_co_t1.jpg,30.038345336914062,3.0,41.15858459472656,0.0,255.0,76.34239196777344
glioma,sagittal,test,brisc2025_test_00169_gl_sa_t1.jpg,35.692386627197266,3.0,47.026363372802734,0.0,255.0,95.12596130371094
glioma,axial,train,brisc2025_train_00300_gl_ax_t1.jpg,27.180763244628906,2.0,42.232051849365234,0.0,251.0,67.65975952148438
glioma,coronal,train,brisc2025_train_00567_gl_co_t1.jpg,25.22040557861328,3.0,34.73244094848633,0.0,255.0,76.06010437011719
glioma,axial,train,brisc2025_train_00361_gl_ax_t1.jpg,31.813312530517578,4.0,41.125022888183594,0.0,255.0,68.47496032714844
glioma,axial,train,brisc2025_train_00260_gl_ax_t1.jpg,24.486770629882812,2.0,39.46097946166992,0.0,253.0,68.96095275878906
glioma,sagittal,train,brisc2025_train_00835_gl_sa_t1.jpg,33.77922058105469,7.0,39.72174835205078,0.0,255.0,96.26808166503906
glioma,axial,train,brisc2025_train_00301_gl_ax_t1.jpg,27.473026275634766,2.0,41.52770233154297,0.0,255.0,66.87545776367188
glioma,axial,train,brisc2025_train_00369_gl_ax_t1.jpg,31.98828887939453,3.0,42.523597717285156,0.0,249.0,68.89495849609375
glioma,coronal,train,brisc2025_train_00715_gl_co_t1.jpg,25.860198974609375,4.0,30.898540496826172,0.0,253.0,76.34124755859375
glioma,axial,train,brisc2025_train_00269_gl_ax_t1.jpg,24.020431518554688,2.0,31.11811065673828,0.0,255.0,65.47889709472656
glioma,sagittal,train,brisc2025_train_01122_gl_sa_t1.jpg,25.905475616455078,21.0,26.7020206451416,0.0,255.0,96.17729187011719
glioma,coronal,train,brisc2025_train_00566_gl_co_t1.jpg,39.31998062133789,4.0,45.70684051513672,0.0,251.0,78.47518920898438
glioma,coronal,train,brisc2025_train_00685_gl_co_t1.jpg,32.12684631347656,8.0,36.591087341308594,0.0,255.0,76.62887573242188
glioma,axial,train,brisc2025_train_00276_gl_ax_t1.jpg,18.557601928710938,2.0,27.71759796142578,0.0,255.0,68.46771240234375
glioma,coronal,train,brisc2025_train_00730_gl_co_t1.jpg,32.640350341796875,15.0,37.74867248535156,0.0,255.0,76.39923095703125
glioma,axial,train,brisc2025_train_00200_gl_ax_t1.jpg,26.333385467529297,2.0,35.15956115722656,0.0,254.0,66.66526794433594
glioma,coronal,train,brisc2025_train_00686_gl_co_t1.jpg,27.443553924560547,6.0,32.536964416503906,0.0,255.0,75.94223022460938
glioma,axial,train,brisc2025_train_00006_gl_ax_t1.jpg,28.94481658935547,3.0,40.115047454833984,0.0,255.0,70.31326293945312
glioma,axial,train,brisc2025_train_00044_gl_ax_t1.jpg,29.846107482910156,4.0,40.15970230102539,0.0,255.0,66.95289611816406
glioma,axial,test,brisc2025_test_00059_gl_ax_t1.jpg,20.056102752685547,1.0,30.51066780090332,0.0,252.0,60.431671142578125
glioma,coronal,train,brisc2025_train_00594_gl_co_t1.jpg,27.41211700439453,3.0,40.1177978515625,0.0,255.0,73.80867004394531
glioma,coronal,train,brisc2025_train_00797_gl_co_t1.jpg,41.16289520263672,23.0,45.37277603149414,0.0,253.0,82.51800537109375
glioma,sagittal,train,brisc2025_train_00859_gl_sa_t1.jpg,37.36823272705078,39.0,33.68403244018555,0.0,253.0,96.43516540527344
glioma,axial,test,brisc2025_test_00024_gl_ax_t1.jpg,23.31060791015625,3.0,33.29248046875,0.0,255.0,67.75588989257812
glioma,coronal,test,brisc2025_test_00108_gl_co_t1.jpg,32.391029357910156,14.0,37.208740234375,0.0,255.0,76.51557922363281
glioma,axial,train,brisc2025_train_00228_gl_ax_t1.jpg,26.005332946777344,2.0,34.642513275146484,0.0,254.0,65.27137756347656
glioma,coronal,train,brisc2025_train_00452_gl_co_t1.jpg,35.72195053100586,5.0,42.111717224121094,0.0,255.0,76.63040161132812
glioma,axial,train,brisc2025_train_00229_gl_ax_t1.jpg,32.49285888671875,4.0,44.622257232666016,0.0,255.0,66.6412353515625
glioma,coronal,train,brisc2025_train_00795_gl_co_t1.jpg,38.67247009277344,8.0,45.47564697265625,0.0,255.0,83.563232421875
glioma,axial,train,brisc2025_train_00057_gl_ax_t1.jpg,24.379459381103516,2.0,32.204036712646484,0.0,255.0,65.20881652832031
glioma,coronal,train,brisc2025_train_00735_gl_co_t1.jpg,27.32516098022461,20.0,30.10008430480957,0.0,255.0,76.495361328125
glioma,coronal,train,brisc2025_train_00662_gl_co_t1.jpg,26.182239532470703,10.0,30.698280334472656,0.0,255.0,75.90827941894531
glioma,axial,train,brisc2025_train_00129_gl_ax_t1.jpg,26.13918685913086,4.0,32.40242004394531,0.0,254.0,68.40248107910156
glioma,axial,train,brisc2025_train_00320_gl_ax_t1.jpg,24.08486557006836,2.0,32.3106803894043,0.0,250.0,65.45295715332031
glioma,sagittal,train,brisc2025_train_01054_gl_sa_t1.jpg,56.998355865478516,65.0,40.45734786987305,0.0,255.0,97.29499816894531
glioma,sagittal,train,brisc2025_train_01068_gl_sa_t1.jpg,36.419212341308594,31.0,38.05292892456055,0.0,251.0,95.91560363769531
glioma,axial,train,brisc2025_train_00108_gl_ax_t1.jpg,22.992481231689453,2.0,29.39095687866211,0.0,252.0,67.06123352050781
glioma,axial,train,brisc2025_train_00098_gl_ax_t1.jpg,30.66097640991211,5.0,37.72872543334961,0.0,255.0,67.779541015625
glioma,sagittal,train,brisc2025_train_00864_gl_sa_t1.jpg,43.64518737792969,49.0,35.30758285522461,0.0,254.0,97.37892150878906
glioma,axial,train,brisc2025_train_00112_gl_ax_t1.jpg,16.71512222290039,1.0,25.467382431030273,0.0,255.0,65.87257385253906
glioma,coronal,train,brisc2025_train_00700_gl_co_t1.jpg,34.5438232421875,29.0,36.67966842651367,0.0,255.0,76.50680541992188
glioma,sagittal,train,brisc2025_train_00928_gl_sa_t1.jpg,38.05021286010742,37.0,39.26171875,0.0,255.0,96.04530334472656
glioma,axial,test,brisc2025_test_00082_gl_ax_t1.jpg,26.28893280029297,4.0,37.49314880371094,0.0,255.0,70.40252685546875
glioma,sagittal,train,brisc2025_train_01061_gl_sa_t1.jpg,36.28184509277344,10.0,42.59372329711914,0.0,254.0,96.05827331542969
glioma,sagittal,train,brisc2025_train_00989_gl_sa_t1.jpg,43.177833557128906,39.0,42.921791076660156,0.0,255.0,96.81854248046875
glioma,sagittal,train,brisc2025_train_01051_gl_sa_t1.jpg,47.959320068359375,56.0,40.773780822753906,0.0,253.0,97.23320007324219
glioma,axial,train,brisc2025_train_00093_gl_ax_t1.jpg,22.99862289428711,3.0,33.165367126464844,0.0,255.0,67.23976135253906
glioma,coronal,train,brisc2025_train_00511_gl_co_t1.jpg,30.065719604492188,8.0,35.073211669921875,0.0,255.0,79.03404235839844
glioma,coronal,test,brisc2025_test_00112_gl_co_t1.jpg,29.68515396118164,4.0,36.89258575439453,0.0,255.0,75.531005859375
glioma,sagittal,train,brisc2025_train_00945_gl_sa_t1.jpg,57.087738037109375,63.0,47.272422790527344,0.0,255.0,96.7193603515625
meningioma,coronal,train,brisc2025_train_01779_me_co_t1.jpg,38.080352783203125,23.0,40.61259841918945,0.0,255.0,83.65936279296875
meningioma,coronal,train,brisc2025_train_01939_me_co_t1.jpg,45.731807708740234,12.0,50.794761657714844,0.0,255.0,81.58378601074219
meningioma,coronal,train,brisc2025_train_01655_me_co_t1.jpg,91.4721450805664,102.0,70.85253143310547,0.0,255.0,86.77965739672774
meningioma,axial,train,brisc2025_train_01449_me_ax_t1.jpg,48.37974548339844,45.0,46.194923400878906,0.0,252.0,91.5802001953125
meningioma,sagittal,train,brisc2025_train_02146_me_sa_t1.jpg,51.96780014038086,41.0,49.90066909790039,0.0,253.0,97.51129150390625
meningioma,coronal,train,brisc2025_train_01916_me_co_t1.jpg,40.71289825439453,5.0,50.763092041015625,0.0,255.0,82.46879577636719
meningioma,coronal,train,brisc2025_train_01681_me_co_t1.jpg,42.354347229003906,9.0,49.12899398803711,0.0,255.0,81.732177734375
meningioma,coronal,train,brisc2025_train_01651_me_co_t1.jpg,33.895416259765625,3.0,46.02865982055664,0.0,255.0,71.25358581542969
meningioma,sagittal,train,brisc2025_train_02079_me_sa_t1.jpg,36.883331298828125,4.0,46.455020904541016,0.0,255.0,96.9970703125
meningioma,sagittal,test,brisc2025_test_00526_me_sa_t1.jpg,45.8885612487793,45.0,41.91209030151367,0.0,255.0,96.80900573730469
meningioma,axial,train,brisc2025_train_01306_me_ax_t1.jpg,22.563037872314453,4.0,34.51596450805664,0.0,255.0,72.20458984375
meningioma,sagittal,train,brisc2025_train_02424_me_sa_t1.jpg,42.636837005615234,28.0,46.44974899291992,0.0,255.0,97.05543518066406
meningioma,sagittal,train,brisc2025_train_02299_me_sa_t1.jpg,43.49714279174805,38.0,43.48476791381836,0.0,255.0,96.88034057617188
meningioma,sagittal,train,brisc2025_train_02446_me_sa_t1.jpg,48.112640380859375,44.0,44.234073638916016,0.0,253.0,98.10714721679688
meningioma,coronal,train,brisc2025_train_01572_me_co_t1.jpg,39.75312805175781,6.0,49.78963851928711,0.0,254.0,82.60040283203125
meningioma,axial,train,brisc2025_train_01304_me_ax_t1.jpg,73.16495513916016,15.0,81.8472900390625,0.0,255.0,72.14921408891796
meningioma,axial,train,brisc2025_train_01325_me_ax_t1.jpg,32.8695068359375,4.0,41.58961868286133,0.0,255.0,72.42088317871094
meningioma,axial,train,brisc2025_train_01364_me_ax_t1.jpg,30.558528900146484,3.0,42.02296447753906,0.0,255.0,73.25477600097656
meningioma,sagittal,train,brisc2025_train_02270_me_sa_t1.jpg,39.27286148071289,34.0,38.771583557128906,0.0,253.0,97.78594970703125
meningioma,axial,train,brisc2025_train_01432_me_ax_t1.jpg,28.588844299316406,3.0,38.9836540222168,0.0,252.0,70.53451538085938
meningioma,axial,train,brisc2025_train_01390_me_ax_t1.jpg,55.56871032714844,44.0,57.0297737121582,0.0,255.0,67.47061728395062
meningioma,axial,train,brisc2025_train_01520_me_ax_t1.jpg,22.05794906616211,4.0,37.83213424682617,0.0,255.0,74.50942993164062
meningioma,coronal,train,brisc2025_train_01938_me_co_t1.jpg,42.02605438232422,9.0,48.25087356567383,0.0,255.0,80.86624145507812
meningioma,axial,train,brisc2025_train_01473_me_ax_t1.jpg,37.3773078918457,9.0,45.52528762817383,0.0,254.0,71.22650146484375
meningioma,axial,train,brisc2025_train_01453_me_ax_t1.jpg,41.4653434753418,9.0,50.77651596069336,0.0,255.0,74.85427856445312
meningioma,coronal,train,brisc2025_train_01786_me_co_t1.jpg,34.513797760009766,9.0,38.437992095947266,0.0,255.0,83.55827331542969
meningioma,axial,train,brisc2025_train_01327_me_ax_t1.jpg,32.86276626586914,3.0,49.30858612060547,0.0,255.0,73.93379211425781
meningioma,axial,train,brisc2025_train_01258_me_ax_t1.jpg,78.81461334228516,66.0,63.987823486328125,0.0,255.0,99.95332809570851
meningioma,coronal,train,brisc2025_train_01587_me_co_t1.jpg,40.65482711791992,15.0,44.27003479003906,0.0,255.0,83.6822509765625
meningioma,axial,test,brisc2025_test_00325_me_ax_t1.jpg,31.358829498291016,3.0,38.85554885864258,0.0,255.0,70.60890197753906
meningioma,coronal,train,brisc2025_train_01849_me_co_t1.jpg,48.00997543334961,48.0,43.68281936645508,0.0,255.0,91.82624816894531
meningioma,coronal,test,brisc2025_test_00458_me_co_t1.jpg,38.699703216552734,13.0,43.24391174316406,0.0,254.0,82.72743225097656
meningioma,coronal,train,brisc2025_train_01865_me_co_t1.jpg,43.042911529541016,19.0,46.7728271484375,0.0,255.0,82.65190124511719
meningioma,axial,train,brisc2025_train_01203_me_ax_t1.jpg,30.450862884521484,3.0,42.10792922973633,0.0,252.0,71.3409423828125
meningioma,sagittal,train,brisc2025_train_02289_me_sa_t1.jpg,42.363616943359375,34.0,42.32872009277344,0.0,255.0,97.79548645019531
meningioma,sagittal,train,brisc2025_train_02002_me_sa_t1.jpg,55.0007209777832,42.0,61.494319915771484,0.0,255.0,78.91848708680392
meningioma,coronal,train,brisc2025_train_01839_me_co_t1.jpg,37.33787155151367,9.0,42.74839401245117,0.0,254.0,83.53004455566406
meningioma,sagittal,test,brisc2025_test_00530_me_sa_t1.jpg,46.471885681152344,10.0,52.874080657958984,0.0,255.0,96.65451049804688
meningioma,axial,test,brisc2025_test_00284_me_ax_t1.jpg,73.141845703125,74.0,70.67872619628906,0.0,255.0,72.45032751835056
meningioma,sagittal,train,brisc2025_train_02110_me_sa_t1.jpg,38.49467468261719,43.0,29.215417861938477,0.0,254.0,98.11973571777344
meningioma,sagittal,test,brisc2025_test_00544_me_sa_t1.jpg,43.67270278930664,36.0,42.02824401855469,0.0,255.0,98.06365966796875
meningioma,sagittal,train,brisc2025_train_02283_me_sa_t1.jpg,35.63141632080078,15.0,40.655128479003906,0.0,255.0,97.42202758789062
meningioma,axial,train,brisc2025_train_01412_me_ax_t1.jpg,39.89552688598633,7.0,51.171348571777344,0.0,254.0,71.59271240234375
meningioma,axial,test,brisc2025_test_00285_me_ax_t1.jpg,60.8995246887207,73.0,56.21082305908203,0.0,255.0,67.4587620447493
meningioma,axial,train,brisc2025_train_01181_me_ax_t1.jpg,28.256885528564453,5.0,48.5343017578125,0.0,254.0,76.6632080078125
meningioma,sagittal,train,brisc2025_train_02303_me_sa_t1.jpg,40.3895378112793,39.0,38.882781982421875,0.0,253.0,97.00355529785156
meningioma,axial,train,brisc2025_train_01371_me_ax_t1.jpg,32.89645767211914,4.0,45.4329719543457,0.0,255.0,72.44606018066406
meningioma,axial,train,brisc2025_train_01335_me_ax_t1.jpg,45.39213943481445,6.0,61.07967758178711,0.0,250.0,72.5116049382716
meningioma,sagittal,test,brisc2025_test_00506_me_sa_t1.jpg,48.31071090698242,50.0,44.108978271484375,0.0,255.0,97.83172607421875
meningioma,axial,train,brisc2025_train_01184_me_ax_t1.jpg,36.13026428222656,4.0,46.220237731933594,0.0,255.0,71.23184204101562
meningioma,sagittal,test,brisc2025_test_00555_me_sa_t1.jpg,44.500064849853516,47.0,36.274742126464844,0.0,255.0,97.22518920898438
meningioma,sagittal,train,brisc2025_train_02088_me_sa_t1.jpg,49.10406494140625,23.0,51.79549026489258,0.0,255.0,97.62687683105469
meningioma,axial,train,brisc2025_train_01393_me_ax_t1.jpg,83.06326293945312,86.0,56.0401725769043,5.0,255.0,100.0
meningioma,coronal,train,brisc2025_train_01772_me_co_t1.jpg,34.47264862060547,3.0,54.070011138916016,0.0,255.0,82.91282653808594
meningioma,coronal,train,brisc2025_train_01689_me_co_t1.jpg,41.2011833190918,10.0,46.969974517822266,0.0,255.0,83.65211486816406
meningioma,axial,train,brisc2025_train_01320_me_ax_t1.jpg,25.057464599609375,3.0,35.3863525390625,0.0,255.0,70.73822021484375
meningioma,axial,train,brisc2025_train_01193_me_ax_t1.jpg,28.628250122070312,3.0,42.31125259399414,0.0,254.0,72.00889587402344
meningioma,axial,train,brisc2025_train_01275_me_ax_t1.jpg,61.24895477294922,62.0,60.94921112060547,0.0,255.0,72.51733565078847
meningioma,axial,test,brisc2025_test_00320_me_ax_t1.jpg,75.40987396240234,37.0,71.13262939453125,0.0,255.0,99.90716049382716
meningioma,axial,train,brisc2025_train_01440_me_ax_t1.jpg,28.073612213134766,3.0,40.32065200805664,0.0,255.0,75.54550170898438
meningioma,sagittal,train,brisc2025_train_02197_me_sa_t1.jpg,44.81587219238281,43.0,41.78920364379883,0.0,255.0,98.01101684570312
meningioma,coronal,test,brisc2025_test_00440_me_co_t1.jpg,37.65593719482422,17.0,41.8221321105957,0.0,254.0,82.93685913085938
meningioma,coronal,train,brisc2025_train_01824_me_co_t1.jpg,42.39339828491211,21.0,46.964595794677734,0.0,255.0,82.95097351074219
meningioma,axial,test,brisc2025_test_00278_me_ax_t1.jpg,65.52515411376953,17.0,82.55583953857422,0.0,255.0,57.73067331670823
meningioma,sagittal,test,brisc2025_test_00499_me_sa_t1.jpg,50.190189361572266,49.0,48.95208740234375,0.0,255.0,98.20060729980469
meningioma,axial,test,brisc2025_test_00287_me_ax_t1.jpg,65.09539031982422,78.0,52.42949295043945,0.0,236.0,98.04343859557663
meningioma,sagittal,train,brisc2025_train_02143_me_sa_t1.jpg,45.22425079345703,37.0,44.19656753540039,0.0,254.0,97.88246154785156
meningioma,coronal,test,brisc2025_test_00428_me_co_t1.jpg,34.19945526123047,8.0,39.93953323364258,0.0,255.0,83.27102661132812
meningioma,axial,train,brisc2025_train_01274_me_ax_t1.jpg,93.3169174194336,99.0,69.87178039550781,0.0,255.0,99.22828569178675
meningioma,sagittal,train,brisc2025_train_02235_me_sa_t1.jpg,55.735816955566406,60.0,46.095096588134766,0.0,254.0,98.20365905761719
meningioma,sagittal,train,brisc2025_train_01998_me_sa_t1.jpg,103.1305923461914,113.0,70.99559783935547,0.0,255.0,99.8100684588412
meningioma,sagittal,train,brisc2025_train_02016_me_sa_t1.jpg,87.42808532714844,85.0,47.02020263671875,20.0,255.0,100.0
meningioma,sagittal,train,brisc2025_train_02328_me_sa_t1.jpg,49.08971405029297,37.0,50.47343444824219,0.0,255.0,97.36366271972656
meningioma,coronal,train,brisc2025_train_01752_me_co_t1.jpg,42.07198715209961,26.0,44.18739700317383,0.0,255.0,83.78944396972656
meningioma,sagittal,test,brisc2025_test_00558_me_sa_t1.jpg,37.67264175415039,35.0,36.40191650390625,0.0,255.0,97.37815856933594
meningioma,sagittal,train,brisc2025_train_02003_me_sa_t1.jpg,95.2203369140625,97.0,75.47531127929688,0.0,255.0,89.93387627017334
meningioma,sagittal,train,brisc2025_train_02444_me_sa_t1.jpg,46.549617767333984,42.0,45.83161544799805,0.0,255.0,97.467041015625
meningioma,sagittal,train,brisc2025_train_02440_me_sa_t1.jpg,43.101707458496094,39.0,41.69367980957031,0.0,253.0,98.1201171875
meningioma,axial,test,brisc2025_test_00314_me_ax_t1.jpg,87.76696014404297,67.0,76.80853271484375,0.0,237.0,99.95024229837314
meningioma,coronal,train,brisc2025_train_01891_me_co_t1.jpg,35.471431732177734,10.0,40.36195755004883,0.0,251.0,82.65800476074219
meningioma,axial,test,brisc2025_test_00324_me_ax_t1.jpg,36.51455307006836,5.0,48.40029525756836,0.0,255.0,71.84257507324219
meningioma,axial,train,brisc2025_train_01468_me_ax_t1.jpg,31.726764678955078,3.0,45.58443069458008,0.0,255.0,71.19293212890625
meningioma,sagittal,train,brisc2025_train_02287_me_sa_t1.jpg,41.516929626464844,35.0,41.072425842285156,0.0,255.0,97.76573181152344
meningioma,coronal,train,brisc2025_train_01900_me_co_t1.jpg,37.18536376953125,3.0,51.46259689331055,0.0,255.0,82.37495422363281
meningioma,sagittal,test,brisc2025_test_00553_me_sa_t1.jpg,40.31291580200195,35.0,39.67555236816406,0.0,255.0,97.38960266113281
meningioma,sagittal,train,brisc2025_train_02161_me_sa_t1.jpg,53.27537536621094,57.0,41.948631286621094,0.0,255.0,97.56813049316406
meningioma,sagittal,train,brisc2025_train_02018_me_sa_t1.jpg,40.244239807128906,6.0,48.217041015625,0.0,255.0,96.99668884277344
meningioma,sagittal,train,brisc2025_train_02447_me_sa_t1.jpg,43.68904113769531,39.0,40.24699401855469,0.0,255.0,98.08845520019531
meningioma,sagittal,train,brisc2025_train_02053_me_sa_t1.jpg,48.70058822631836,40.0,46.68254470825195,0.0,255.0,97.42927551269531
meningioma,axial,test,brisc2025_test_00379_me_ax_t1.jpg,32.67818069458008,3.0,46.940792083740234,0.0,255.0,71.29287719726562
meningioma,coronal,train,brisc2025_train_01818_me_co_t1.jpg,38.93020248413086,4.0,49.05078125,0.0,255.0,82.93190002441406
meningioma,coronal,train,brisc2025_train_01829_me_co_t1.jpg,34.520904541015625,6.0,41.82114791870117,0.0,255.0,83.32901000976562
meningioma,sagittal,train,brisc2025_train_02157_me_sa_t1.jpg,47.976173400878906,41.0,47.0650634765625,0.0,255.0,97.83973693847656
meningioma,sagittal,test,brisc2025_test_00502_me_sa_t1.jpg,50.87363815307617,44.0,49.27519607543945,0.0,255.0,98.0499267578125
meningioma,axial,test,brisc2025_test_00354_me_ax_t1.jpg,44.2908935546875,42.0,47.49900436401367,0.0,255.0,92.41468253968253
meningioma,axial,train,brisc2025_train_01195_me_ax_t1.jpg,29.332199096679688,2.0,41.57602310180664,0.0,255.0,71.38748168945312
meningioma,axial,train,brisc2025_train_01372_me_ax_t1.jpg,33.08035659790039,4.0,46.94905471801758,0.0,255.0,73.32229614257812
meningioma,sagittal,train,brisc2025_train_02029_me_sa_t1.jpg,52.39460372924805,55.0,44.46347427368164,0.0,255.0,98.17085266113281
meningioma,coronal,train,brisc2025_train_01933_me_co_t1.jpg,35.644893646240234,6.0,44.4266242980957,0.0,255.0,82.90748596191406
meningioma,coronal,train,brisc2025_train_01597_me_co_t1.jpg,40.375709533691406,5.0,52.13304901123047,0.0,255.0,81.95343017578125
meningioma,sagittal,train,brisc2025_train_02429_me_sa_t1.jpg,53.82159423828125,57.0,44.67747116088867,0.0,255.0,97.67570495605469
meningioma,axial,train,brisc2025_train_01554_me_ax_t1.jpg,30.094768524169922,2.0,42.00017166137695,0.0,254.0,70.60203552246094
meningioma,sagittal,train,brisc2025_train_02443_me_sa_t1.jpg,46.64872741699219,31.0,48.13568878173828,0.0,253.0,97.55706787109375
meningioma,sagittal,train,brisc2025_train_02150_me_sa_t1.jpg,56.310081481933594,61.0,45.629905700683594,0.0,254.0,97.57423400878906
meningioma,coronal,train,brisc2025_train_01915_me_co_t1.jpg,39.294837951660156,8.0,45.24016189575195,0.0,255.0,82.62100219726562
meningioma,sagittal,train,brisc2025_train_02457_me_sa_t1.jpg,51.75263595581055,58.0,42.668392181396484,0.0,255.0,97.38731384277344
meningioma,axial,train,brisc2025_train_01493_me_ax_t1.jpg,31.885940551757812,4.0,52.55305099487305,0.0,255.0,73.30703735351562
meningioma,axial,train,brisc2025_train_01563_me_ax_t1.jpg,27.34764862060547,7.0,37.55059051513672,0.0,255.0,71.76513671875
meningioma,axial,train,brisc2025_train_01430_me_ax_t1.jpg,26.531383514404297,3.0,45.81397247314453,0.0,255.0,74.01466369628906
meningioma,coronal,train,brisc2025_train_01925_me_co_t1.jpg,48.72114944458008,49.0,42.48931884765625,0.0,255.0,91.7633056640625
meningioma,axial,train,brisc2025_train_01247_me_ax_t1.jpg,75.41097259521484,88.0,63.270469665527344,0.0,255.0,99.96351648351649
meningioma,axial,train,brisc2025_train_01463_me_ax_t1.jpg,36.63443374633789,4.0,48.92980194091797,0.0,254.0,71.43478393554688
meningioma,axial,train,brisc2025_train_01166_me_ax_t1.jpg,27.728649139404297,3.0,40.55081558227539,0.0,254.0,73.19297790527344
meningioma,coronal,train,brisc2025_train_01756_me_co_t1.jpg,37.1119384765625,4.0,45.4022216796875,0.0,255.0,83.26873779296875
meningioma,sagittal,train,brisc2025_train_02420_me_sa_t1.jpg,40.20348358154297,34.0,41.63523864746094,0.0,253.0,96.91543579101562
meningioma,sagittal,train,brisc2025_train_02167_me_sa_t1.jpg,45.78152084350586,50.0,39.751258850097656,0.0,255.0,98.04153442382812
meningioma,sagittal,train,brisc2025_train_02363_me_sa_t1.jpg,35.161277770996094,4.0,46.687278747558594,0.0,255.0,97.00698852539062
meningioma,axial,train,brisc2025_train_01514_me_ax_t1.jpg,26.371891021728516,3.0,49.79754638671875,0.0,255.0,73.22959899902344
meningioma,sagittal,train,brisc2025_train_02111_me_sa_t1.jpg,44.15314865112305,43.0,38.93114471435547,0.0,255.0,97.17674255371094
meningioma,axial,train,brisc2025_train_01418_me_ax_t1.jpg,32.576499938964844,4.0,53.11189270019531,0.0,255.0,77.07710266113281
meningioma,sagittal,train,brisc2025_train_02382_me_sa_t1.jpg,37.503719329833984,3.0,50.082130432128906,0.0,251.0,96.84104919433594
meningioma,sagittal,test,brisc2025_test_00492_me_sa_t1.jpg,57.07102966308594,64.0,52.46769714355469,0.0,255.0,96.76407072479417
meningioma,axial,test,brisc2025_test_00304_me_ax_t1.jpg,65.0787582397461,78.0,52.472633361816406,0.0,234.0,98.08987654320987
meningioma,coronal,train,brisc2025_train_01980_me_co_t1.jpg,38.6414909362793,4.0,51.242332458496094,0.0,255.0,82.93418884277344
meningioma,sagittal,train,brisc2025_train_02171_me_sa_t1.jpg,47.65589141845703,52.0,43.112606048583984,0.0,255.0,97.0367431640625
meningioma,coronal,train,brisc2025_train_01606_me_co_t1.jpg,45.42803192138672,44.0,41.01860809326172,0.0,255.0,92.108154296875
meningioma,axial,train,brisc2025_train_01256_me_ax_t1.jpg,87.78221130371094,105.0,77.39448547363281,0.0,255.0,66.54353768059352
meningioma,coronal,train,brisc2025_train_01979_me_co_t1.jpg,40.533416748046875,5.0,51.322750091552734,0.0,255.0,83.07838439941406
meningioma,sagittal,train,brisc2025_train_02466_me_sa_t1.jpg,40.88408660888672,28.0,42.0639533996582,0.0,255.0,98.27651977539062
meningioma,axial,train,brisc2025_train_01240_me_ax_t1.jpg,33.895416259765625,3.0,46.02865982055664,0.0,255.0,71.25358581542969
meningioma,coronal,train,brisc2025_train_01794_me_co_t1.jpg,30.618366241455078,4.0,41.32710266113281,0.0,253.0,82.38296508789062
meningioma,sagittal,train,brisc2025_train_02423_me_sa_t1.jpg,36.383140563964844,4.0,51.510860443115234,0.0,254.0,96.69113159179688
meningioma,axial,train,brisc2025_train_01512_me_ax_t1.jpg,30.997604370117188,3.0,38.733551025390625,0.0,255.0,69.8822021484375
meningioma,axial,train,brisc2025_train_01271_me_ax_t1.jpg,65.52515411376953,17.0,82.55583953857422,0.0,255.0,57.73067331670823
meningioma,axial,test,brisc2025_test_00390_me_ax_t1.jpg,33.19739532470703,3.0,47.046974182128906,0.0,255.0,71.7529296875
meningioma,sagittal,train,brisc2025_train_02051_me_sa_t1.jpg,48.64617919921875,53.0,39.3565559387207,0.0,255.0,97.71041870117188
meningioma,coronal,train,brisc2025_train_01728_me_co_t1.jpg,42.421661376953125,9.0,48.33364486694336,0.0,255.0,81.46781921386719
meningioma,axial,train,brisc2025_train_01324_me_ax_t1.jpg,73.32499694824219,83.0,69.93903350830078,0.0,255.0,68.1984126984127
meningioma,axial,train,brisc2025_train_01562_me_ax_t1.jpg,26.640106201171875,4.0,49.98505783081055,0.0,255.0,75.89225769042969
meningioma,sagittal,train,brisc2025_train_02001_me_sa_t1.jpg,52.94749450683594,55.0,41.2411994934082,0.0,181.0,99.91281233386496
meningioma,sagittal,train,brisc2025_train_02359_me_sa_t1.jpg,47.76475524902344,52.0,42.239990234375,0.0,255.0,97.82180786132812
meningioma,axial,test,brisc2025_test_00328_me_ax_t1.jpg,28.93767547607422,3.0,39.08659744262695,0.0,253.0,71.15898132324219
meningioma,axial,test,brisc2025_test_00364_me_ax_t1.jpg,32.49539566040039,3.0,49.224430084228516,0.0,255.0,73.09951782226562
meningioma,axial,train,brisc2025_train_01293_me_ax_t1.jpg,65.0787582397461,78.0,52.472633361816406,0.0,234.0,98.08987654320987
meningioma,sagittal,train,brisc2025_train_02134_me_sa_t1.jpg,57.66672897338867,59.0,43.89780807495117,0.0,255.0,97.01309204101562
meningioma,axial,train,brisc2025_train_01425_me_ax_t1.jpg,27.415142059326172,3.0,40.592811584472656,0.0,255.0,70.45211791992188
meningioma,sagittal,train,brisc2025_train_02180_me_sa_t1.jpg,51.6716423034668,17.0,54.2395133972168,0.0,255.0,97.88818359375
meningioma,coronal,train,brisc2025_train_01958_me_co_t1.jpg,35.66282653808594,5.0,43.6962776184082,0.0,255.0,82.94754028320312
meningioma,sagittal,test,brisc2025_test_00495_me_sa_t1.jpg,39.7723503112793,6.0,48.206546783447266,0.0,255.0,96.48933410644531
meningioma,coronal,train,brisc2025_train_01982_me_co_t1.jpg,27.271270751953125,3.0,49.81821060180664,0.0,255.0,81.99348449707031
meningioma,axial,test,brisc2025_test_00306_me_ax_t1.jpg,72.81746673583984,72.0,58.42168045043945,0.0,255.0,95.71300448430493
meningioma,axial,test,brisc2025_test_00331_me_ax_t1.jpg,31.533836364746094,4.0,41.81602478027344,0.0,247.0,72.71232604980469
meningioma,sagittal,train,brisc2025_train_02240_me_sa_t1.jpg,37.98046112060547,4.0,50.09933853149414,0.0,252.0,97.20802307128906
meningioma,axial,train,brisc2025_train_01158_me_ax_t1.jpg,32.94108581542969,4.0,53.18368911743164,0.0,255.0,77.45132446289062
meningioma,coronal,test,brisc2025_test_00417_me_co_t1.jpg,62.645816802978516,64.0,56.50969696044922,0.0,255.0,74.39935096670773
meningioma,axial,train,brisc2025_train_01173_me_ax_t1.jpg,28.50940704345703,3.0,40.545387268066406,0.0,255.0,71.80099487304688
meningioma,sagittal,train,brisc2025_train_02093_me_sa_t1.jpg,48.770416259765625,50.0,44.14736557006836,0.0,255.0,98.0926513671875
meningioma,sagittal,train,brisc2025_train_02286_me_sa_t1.jpg,34.30587387084961,3.0,47.734127044677734,0.0,255.0,71.099853515625
meningioma,axial,test,brisc2025_test_00378_me_ax_t1.jpg,35.907936096191406,7.0,44.34185028076172,0.0,255.0,71.67892456054688
meningioma,coronal,train,brisc2025_train_01973_me_co_t1.jpg,41.301292419433594,17.0,46.972572326660156,0.0,255.0,83.75396728515625
meningioma,coronal,test,brisc2025_test_00423_me_co_t1.jpg,45.33795928955078,36.0,45.165279388427734,0.0,255.0,83.21189880371094
meningioma,axial,train,brisc2025_train_01521_me_ax_t1.jpg,29.920486450195312,5.0,48.60200881958008,0.0,255.0,75.10910034179688
meningioma,sagittal,train,brisc2025_train_02221_me_sa_t1.jpg,44.280029296875,40.0,44.9576301574707,0.0,255.0,97.247314453125
meningioma,axial,train,brisc2025_train_01444_me_ax_t1.jpg,33.95541763305664,4.0,42.111083984375,0.0,255.0,71.10061645507812
meningioma,sagittal,train,brisc2025_train_02405_me_sa_t1.jpg,40.11174392700195,6.0,49.94709396362305,0.0,255.0,96.52519226074219
meningioma,sagittal,test,brisc2025_test_00516_me_sa_t1.jpg,52.382938385009766,55.0,48.715023040771484,0.0,255.0,97.11723327636719
meningioma,sagittal,train,brisc2025_train_02247_me_sa_t1.jpg,53.94091033935547,45.0,51.372920989990234,0.0,255.0,98.31504821777344
meningioma,axial,train,brisc2025_train_01402_me_ax_t1.jpg,87.77888488769531,105.0,77.31737518310547,0.0,255.0,66.79314661242373
meningioma,sagittal,train,brisc2025_train_02261_me_sa_t1.jpg,44.15107345581055,39.0,40.2552490234375,0.0,255.0,98.25859069824219
meningioma,sagittal,train,brisc2025_train_02415_me_sa_t1.jpg,44.93800735473633,42.0,44.23421096801758,0.0,253.0,97.49870300292969
meningioma,axial,test,brisc2025_test_00322_me_ax_t1.jpg,50.37434005737305,2.0,63.85428237915039,0.0,255.0,54.75363756613757
meningioma,axial,train,brisc2025_train_01269_me_ax_t1.jpg,52.74888229370117,0.0,76.12908935546875,0.0,255.0,40.54943592473536
meningioma,sagittal,train,brisc2025_train_02069_me_sa_t1.jpg,40.67243194580078,28.0,42.670570373535156,0.0,255.0,97.20039367675781
meningioma,coronal,test,brisc2025_test_00396_me_co_t1.jpg,86.58934020996094,82.0,77.64818572998047,0.0,255.0,78.4915064591598
meningioma,axial,train,brisc2025_train_01174_me_ax_t1.jpg,27.95801544189453,3.0,44.279937744140625,0.0,253.0,72.16377258300781
meningioma,coronal,train,brisc2025_train_01616_me_co_t1.jpg,45.39000701904297,48.0,35.22583770751953,0.0,255.0,98.77052307128906
meningioma,coronal,train,brisc2025_train_01869_me_co_t1.jpg,36.66437911987305,12.0,41.17015838623047,0.0,255.0,83.2244873046875
meningioma,sagittal,train,brisc2025_train_02034_me_sa_t1.jpg,51.58830261230469,52.0,49.53554916381836,0.0,255.0,98.27499389648438
meningioma,axial,train,brisc2025_train_01433_me_ax_t1.jpg,24.714962005615234,3.0,35.28207778930664,0.0,255.0,70.16830444335938
meningioma,sagittal,train,brisc2025_train_02160_me_sa_t1.jpg,47.01713562011719,30.0,49.34577178955078,0.0,255.0,97.66654968261719
meningioma,sagittal,train,brisc2025_train_02005_me_sa_t1.jpg,54.5565185546875,46.0,57.70184326171875,0.0,255.0,69.56634521484375
meningioma,coronal,train,brisc2025_train_01741_me_co_t1.jpg,43.140933990478516,27.0,45.573768615722656,0.0,255.0,83.42781066894531
meningioma,axial,train,brisc2025_train_01511_me_ax_t1.jpg,27.588947296142578,3.0,44.202274322509766,0.0,252.0,71.62895202636719
meningioma,coronal,train,brisc2025_train_01648_me_co_t1.jpg,33.364505767822266,3.0,47.278560638427734,0.0,255.0,73.09837341308594
meningioma,coronal,train,brisc2025_train_01703_me_co_t1.jpg,35.120765686035156,13.0,39.41592788696289,0.0,255.0,83.52775573730469
meningioma,sagittal,train,brisc2025_train_02402_me_sa_t1.jpg,45.2078857421875,44.0,43.620887756347656,0.0,255.0,97.48115539550781
meningioma,coronal,test,brisc2025_test_00439_me_co_t1.jpg,39.5435791015625,11.0,44.70313262939453,0.0,255.0,83.23974609375
meningioma,coronal,train,brisc2025_train_01949_me_co_t1.jpg,35.81159591674805,12.0,40.98688888549805,0.0,255.0,83.35723876953125
meningioma,axial,train,brisc2025_train_01295_me_ax_t1.jpg,72.81746673583984,72.0,58.42168045043945,0.0,255.0,95.71300448430493
meningioma,axial,train,brisc2025_train_01264_me_ax_t1.jpg,92.40003967285156,103.0,59.99955368041992,0.0,255.0,99.99696785930867
meningioma,sagittal,train,brisc2025_train_02059_me_sa_t1.jpg,43.534767150878906,32.0,42.02268600463867,0.0,255.0,97.97134399414062
meningioma,sagittal,train,brisc2025_train_02292_me_sa_t1.jpg,42.289268493652344,37.0,41.61696243286133,0.0,255.0,96.90132141113281
meningioma,coronal,train,brisc2025_train_01851_me_co_t1.jpg,32.71742248535156,4.0,44.53527069091797,0.0,255.0,80.91201782226562
meningioma,sagittal,train,brisc2025_train_02042_me_sa_t1.jpg,42.7933349609375,37.0,41.63251876831055,0.0,255.0,97.45025634765625
meningioma,axial,train,brisc2025_train_01328_me_ax_t1.jpg,32.011985778808594,3.0,45.65996170043945,0.0,254.0,72.87979125976562
meningioma,sagittal,train,brisc2025_train_02198_me_sa_t1.jpg,42.197486877441406,38.0,40.225791931152344,0.0,255.0,97.81227111816406
meningioma,sagittal,train,brisc2025_train_02347_me_sa_t1.jpg,43.608768463134766,36.0,40.82316970825195,0.0,255.0,97.27439880371094
meningioma,axial,train,brisc2025_train_01250_me_ax_t1.jpg,63.0258903503418,52.0,50.8130989074707,0.0,255.0,99.79395349084209
meningioma,axial,train,brisc2025_train_01192_me_ax_t1.jpg,34.647682189941406,3.0,48.83078384399414,0.0,255.0,71.69265747070312
meningioma,coronal,train,brisc2025_train_01935_me_co_t1.jpg,37.36141586303711,9.0,42.450016021728516,0.0,255.0,83.14857482910156
pituitary,coronal,train,brisc2025_train_04369_pi_co_t1.jpg,49.83598327636719,43.0,44.64097595214844,0.0,255.0,98.62060546875
pituitary,coronal,train,brisc2025_train_04274_pi_co_t1.jpg,48.15304946899414,51.0,41.17154312133789,0.0,255.0,98.59390258789062
pituitary,sagittal,train,brisc2025_train_04693_pi_sa_t1.jpg,63.5999755859375,69.0,38.104469299316406,0.0,255.0,97.6531982421875
pituitary,sagittal,train,brisc2025_train_04737_pi_sa_t1.jpg,48.5692253112793,49.0,39.98867416381836,0.0,255.0,98.81324768066406
pituitary,axial,train,brisc2025_train_03588_pi_ax_t1.jpg,36.51998519897461,9.0,43.761444091796875,0.0,255.0,72.54867553710938
pituitary,coronal,train,brisc2025_train_04266_pi_co_t1.jpg,49.45738220214844,49.0,42.77829360961914,0.0,255.0,98.40583801269531
pituitary,sagittal,train,brisc2025_train_04925_pi_sa_t1.jpg,50.25627136230469,55.0,34.084163665771484,0.0,252.0,98.70567321777344
pituitary,axial,train,brisc2025_train_03566_pi_ax_t1.jpg,51.90593338012695,60.0,37.963829040527344,0.0,255.0,91.7388916015625
pituitary,sagittal,train,brisc2025_train_04648_pi_sa_t1.jpg,58.22719192504883,65.0,44.33549880981445,0.0,255.0,98.19259643554688
pituitary,axial,train,brisc2025_train_03583_pi_ax_t1.jpg,41.26892852783203,17.0,44.808292388916016,0.0,255.0,91.40434265136719
pituitary,axial,test,brisc2025_test_00771_pi_ax_t1.jpg,40.90646743774414,9.0,48.90574264526367,0.0,255.0,73.3489990234375
pituitary,sagittal,test,brisc2025_test_00938_pi_sa_t1.jpg,51.98674392700195,55.0,39.012062072753906,0.0,255.0,98.63014221191406
pituitary,axial,train,brisc2025_train_03626_pi_ax_t1.jpg,45.71245193481445,46.0,42.798439025878906,0.0,255.0,91.47148132324219
pituitary,coronal,test,brisc2025_test_00836_pi_co_t1.jpg,46.330589294433594,42.0,37.74445724487305,0.0,255.0,98.68354797363281
pituitary,coronal,train,brisc2025_train_04208_pi_co_t1.jpg,53.15966796875,56.0,38.674781799316406,0.0,255.0,98.57559204101562
pituitary,axial,train,brisc2025_train_03904_pi_ax_t1.jpg,38.506099700927734,17.0,44.05101776123047,0.0,255.0,70.84007263183594
pituitary,axial,train,brisc2025_train_03673_pi_ax_t1.jpg,38.82176971435547,16.0,41.8413200378418,0.0,255.0,72.149658203125
pituitary,coronal,train,brisc2025_train_04217_pi_co_t1.jpg,51.999229431152344,52.0,43.0570182800293,0.0,254.0,98.67401123046875
pituitary,sagittal,train,brisc2025_train_04554_pi_sa_t1.jpg,48.397274017333984,51.0,37.10200881958008,0.0,255.0,97.70889282226562
pituitary,coronal,train,brisc2025_train_04382_pi_co_t1.jpg,51.20570373535156,50.0,43.267982482910156,0.0,255.0,98.33259582519531
pituitary,axial,test,brisc2025_test_00812_pi_ax_t1.jpg,29.976398468017578,6.0,40.175071716308594,0.0,254.0,72.97592163085938
pituitary,axial,train,brisc2025_train_03730_pi_ax_t1.jpg,39.00350570678711,36.0,37.64702224731445,0.0,249.0,91.44325256347656
pituitary,sagittal,train,brisc2025_train_04806_pi_sa_t1.jpg,62.24869918823242,67.0,39.194091796875,0.0,255.0,97.27516174316406
pituitary,axial,train,brisc2025_train_03922_pi_ax_t1.jpg,35.3363037109375,12.0,40.31991195678711,0.0,255.0,72.11647033691406
pituitary,axial,train,brisc2025_train_03697_pi_ax_t1.jpg,36.16212463378906,7.0,42.123836517333984,0.0,255.0,73.12202453613281
pituitary,coronal,train,brisc2025_train_04160_pi_co_t1.jpg,45.761322021484375,48.0,34.822509765625,0.0,255.0,98.73466491699219
pituitary,axial,train,brisc2025_train_03766_pi_ax_t1.jpg,49.13441467285156,51.0,43.50348663330078,0.0,255.0,91.48330688476562
pituitary,sagittal,train,brisc2025_train_04665_pi_sa_t1.jpg,49.635353088378906,50.0,38.54612731933594,0.0,255.0,98.89068603515625
pituitary,coronal,train,brisc2025_train_04076_pi_co_t1.jpg,46.046321868896484,45.0,37.33661651611328,0.0,255.0,98.66218566894531
pituitary,coronal,test,brisc2025_test_00889_pi_co_t1.jpg,49.914363861083984,53.0,36.17015075683594,0.0,250.0,98.211669921875
pituitary,sagittal,train,brisc2025_train_04719_pi_sa_t1.jpg,49.56352615356445,50.0,38.624141693115234,0.0,255.0,98.82431030273438
pituitary,coronal,train,brisc2025_train_04031_pi_co_t1.jpg,52.812034606933594,54.0,41.49774932861328,0.0,252.0,98.64387512207031
pituitary,sagittal,train,brisc2025_train_04988_pi_sa_t1.jpg,59.4099235534668,66.0,49.505348205566406,0.0,255.0,97.63526916503906
pituitary,coronal,train,brisc2025_train_04417_pi_co_t1.jpg,52.57099914550781,56.0,40.85626983642578,0.0,253.0,91.95060729980469
pituitary,axial,train,brisc2025_train_03798_pi_ax_t1.jpg,42.44884490966797,19.0,47.05316925048828,0.0,255.0,72.2320556640625
pituitary,coronal,train,brisc2025_train_04241_pi_co_t1.jpg,48.58364486694336,43.0,40.69300842285156,0.0,253.0,98.57940673828125
pituitary,axial,test,brisc2025_test_00730_pi_ax_t1.jpg,45.287841796875,43.0,40.6642951965332,0.0,255.0,91.93229675292969
pituitary,axial,test,brisc2025_test_00816_pi_ax_t1.jpg,37.10404586791992,21.0,39.667911529541016,0.0,255.0,72.03941345214844
pituitary,sagittal,train,brisc2025_train_04831_pi_sa_t1.jpg,62.67863464355469,66.0,44.40275955200195,0.0,255.0,98.27232360839844
pituitary,axial,train,brisc2025_train_03547_pi_ax_t1.jpg,39.98826599121094,32.0,39.11454391479492,0.0,254.0,91.58058166503906
pituitary,coronal,train,brisc2025_train_04437_pi_co_t1.jpg,48.5288200378418,50.0,38.083778381347656,0.0,255.0,91.53213500976562
pituitary,axial,test,brisc2025_test_00766_pi_ax_t1.jpg,44.10743713378906,48.0,38.634864807128906,0.0,255.0,89.09912109375
pituitary,coronal,test,brisc2025_test_00913_pi_co_t1.jpg,48.253231048583984,50.0,41.211917877197266,0.0,255.0,91.48292541503906
pituitary,sagittal,train,brisc2025_train_04515_pi_sa_t1.jpg,47.44582748413086,47.0,38.28246307373047,0.0,249.0,98.86627197265625
pituitary,coronal,train,brisc2025_train_04228_pi_co_t1.jpg,46.5260124206543,44.0,38.76585006713867,0.0,255.0,91.53175354003906
pituitary,coronal,train,brisc2025_train_04434_pi_co_t1.jpg,51.70335388183594,51.0,44.429744720458984,0.0,255.0,98.25668334960938
pituitary,sagittal,train,brisc2025_train_04592_pi_sa_t1.jpg,56.73564147949219,59.0,40.30912780761719,0.0,255.0,98.468017578125
pituitary,coronal,train,brisc2025_train_04345_pi_co_t1.jpg,51.771793365478516,56.0,42.92692947387695,0.0,255.0,91.11442565917969
pituitary,sagittal,train,brisc2025_train_04589_pi_sa_t1.jpg,53.044715881347656,57.0,43.97316360473633,0.0,255.0,98.08197021484375
pituitary,coronal,test,brisc2025_test_00897_pi_co_t1.jpg,50.35485076904297,50.0,44.38161087036133,0.0,255.0,91.57333374023438
pituitary,axial,train,brisc2025_train_03966_pi_ax_t1.jpg,43.119564056396484,22.0,46.02360534667969,0.0,255.0,91.28684997558594
pituitary,sagittal,train,brisc2025_train_04619_pi_sa_t1.jpg,48.88240051269531,52.0,41.56485366821289,0.0,255.0,98.93684387207031
pituitary,coronal,train,brisc2025_train_04186_pi_co_t1.jpg,54.037498474121094,55.0,49.75577163696289,0.0,255.0,91.36886596679688
pituitary,sagittal,train,brisc2025_train_04840_pi_sa_t1.jpg,55.10455322265625,59.0,38.87339401245117,0.0,255.0,98.7091064453125
pituitary,sagittal,train,brisc2025_train_04993_pi_sa_t1.jpg,56.324703216552734,58.0,40.10441970825195,0.0,254.0,98.39210510253906
pituitary,axial,train,brisc2025_train_03682_pi_ax_t1.jpg,42.615055084228516,37.0,39.785953521728516,0.0,255.0,91.61300659179688
pituitary,sagittal,train,brisc2025_train_04727_pi_sa_t1.jpg,44.123233795166016,44.0,32.923465728759766,0.0,255.0,98.71559143066406
pituitary,coronal,train,brisc2025_train_04452_pi_co_t1.jpg,49.96639633178711,51.0,40.21915054321289,0.0,254.0,98.41880798339844
pituitary,sagittal,train,brisc2025_train_04610_pi_sa_t1.jpg,66.94487762451172,71.0,53.52305221557617,0.0,255.0,98.26622009277344
pituitary,axial,train,brisc2025_train_03726_pi_ax_t1.jpg,35.88905715942383,23.0,38.94508361816406,0.0,252.0,72.80960083007812
pituitary,axial,test,brisc2025_test_00724_pi_ax_t1.jpg,39.350955963134766,14.0,44.30596160888672,0.0,255.0,73.11210632324219
pituitary,coronal,test,brisc2025_test_00911_pi_co_t1.jpg,58.078948974609375,67.0,41.0870475769043,0.0,246.0,98.04840087890625
pituitary,axial,train,brisc2025_train_03832_pi_ax_t1.jpg,51.453224182128906,60.0,37.914100646972656,0.0,255.0,91.51573181152344
pituitary,axial,train,brisc2025_train_03723_pi_ax_t1.jpg,44.130226135253906,17.0,49.59629440307617,0.0,255.0,72.60971069335938
pituitary,coronal,train,brisc2025_train_04465_pi_co_t1.jpg,49.41265869140625,56.0,36.79865646362305,0.0,249.0,97.7386474609375
pituitary,sagittal,test,brisc2025_test_00948_pi_sa_t1.jpg,50.213138580322266,54.0,38.468963623046875,0.0,255.0,98.56529235839844
pituitary,coronal,train,brisc2025_train_04082_pi_co_t1.jpg,54.17281723022461,55.0,43.676204681396484,0.0,255.0,91.64657592773438
pituitary,sagittal,train,brisc2025_train_04506_pi_sa_t1.jpg,51.8813591003418,56.0,34.50408935546875,0.0,255.0,98.83460998535156
pituitary,sagittal,train,brisc2025_train_04920_pi_sa_t1.jpg,51.39986801147461,56.0,34.48044967651367,0.0,255.0,98.70948791503906
pituitary,axial,train,brisc2025_train_03949_pi_ax_t1.jpg,37.81633758544922,5.0,44.559627532958984,0.0,254.0,71.83189392089844
pituitary,axial,train,brisc2025_train_03864_pi_ax_t1.jpg,35.91064453125,5.0,44.326602935791016,0.0,255.0,72.46932983398438
pituitary,sagittal,test,brisc2025_test_00990_pi_sa_t1.jpg,36.598941802978516,36.0,27.590286254882812,0.0,254.0,98.67362976074219
pituitary,sagittal,train,brisc2025_train_04697_pi_sa_t1.jpg,59.36387634277344,64.0,36.60491180419922,0.0,249.0,97.50823974609375
pituitary,axial,train,brisc2025_train_03609_pi_ax_t1.jpg,25.800830841064453,4.0,30.219890594482422,0.0,255.0,76.11770629882812
pituitary,axial,train,brisc2025_train_03863_pi_ax_t1.jpg,49.526771545410156,50.0,46.25791549682617,0.0,253.0,91.24069213867188
pituitary,axial,test,brisc2025_test_00810_pi_ax_t1.jpg,47.030372619628906,33.0,49.986759185791016,0.0,255.0,72.59521484375
pituitary,coronal,train,brisc2025_train_04297_pi_co_t1.jpg,45.830474853515625,48.0,34.39406967163086,0.0,255.0,98.16360473632812
pituitary,coronal,train,brisc2025_train_04147_pi_co_t1.jpg,49.82402038574219,55.0,35.47169876098633,0.0,255.0,92.29202270507812
pituitary,sagittal,train,brisc2025_train_04942_pi_sa_t1.jpg,62.402793884277344,68.0,39.00402069091797,0.0,253.0,98.30856323242188
pituitary,coronal,train,brisc2025_train_03998_pi_co_t1.jpg,48.72465896606445,50.0,43.375064849853516,0.0,254.0,91.43867492675781
pituitary,sagittal,train,brisc2025_train_04777_pi_sa_t1.jpg,57.83721160888672,64.0,43.62550354003906,0.0,255.0,97.38731384277344
pituitary,sagittal,train,brisc2025_train_04699_pi_sa_t1.jpg,60.03422546386719,68.0,43.066280364990234,0.0,255.0,98.22883605957031
pituitary,axial,train,brisc2025_train_03938_pi_ax_t1.jpg,42.174991607666016,36.0,39.73202133178711,0.0,254.0,91.34941101074219
pituitary,axial,train,brisc2025_train_03771_pi_ax_t1.jpg,38.82942581176758,41.0,33.5870246887207,0.0,255.0,91.31431579589844
pituitary,sagittal,train,brisc2025_train_04779_pi_sa_t1.jpg,53.715187072753906,61.0,40.58279800415039,0.0,253.0,97.320556640625
pituitary,sagittal,train,brisc2025_train_04876_pi_sa_t1.jpg,41.91346740722656,42.0,31.134801864624023,0.0,255.0,98.67019653320312
pituitary,axial,train,brisc2025_train_03778_pi_ax_t1.jpg,42.77687454223633,14.0,48.826087951660156,0.0,255.0,72.1435546875
pituitary,coronal,train,brisc2025_train_04158_pi_co_t1.jpg,48.15034103393555,50.0,36.98265075683594,0.0,254.0,98.67172241210938
pituitary,sagittal,train,brisc2025_train_04620_pi_sa_t1.jpg,49.90324020385742,54.0,42.626399993896484,0.0,255.0,98.91281127929688
pituitary,coronal,train,brisc2025_train_04238_pi_co_t1.jpg,48.43870544433594,50.0,42.1689567565918,0.0,255.0,91.790771484375
pituitary,sagittal,train,brisc2025_train_04542_pi_sa_t1.jpg,57.417945861816406,62.0,41.355010986328125,0.0,254.0,98.09989929199219
pituitary,axial,train,brisc2025_train_03677_pi_ax_t1.jpg,32.69196701049805,8.0,38.83580017089844,0.0,255.0,72.60360717773438
pituitary,sagittal,train,brisc2025_train_04989_pi_sa_t1.jpg,56.374149322509766,61.0,46.182861328125,0.0,255.0,97.64785766601562
pituitary,sagittal,train,brisc2025_train_04904_pi_sa_t1.jpg,48.255489349365234,49.0,38.67420196533203,0.0,252.0,98.79684448242188
pituitary,sagittal,train,brisc2025_train_04570_pi_sa_t1.jpg,61.72378921508789,70.0,46.53225326538086,0.0,254.0,98.06060791015625
pituitary,sagittal,train,brisc2025_train_04495_pi_sa_t1.jpg,53.988059997558594,60.0,42.3840217590332,0.0,255.0,98.07701110839844
pituitary,coronal,train,brisc2025_train_04176_pi_co_t1.jpg,53.69825744628906,57.0,43.666011810302734,0.0,255.0,98.651123046875
pituitary,coronal,train,brisc2025_train_04182_pi_co_t1.jpg,50.375125885009766,47.0,44.02876281738281,0.0,255.0,98.6114501953125
pituitary,axial,train,brisc2025_train_03843_pi_ax_t1.jpg,35.534854888916016,6.0,40.74039077758789,0.0,255.0,76.24626159667969
pituitary,axial,train,brisc2025_train_03618_pi_ax_t1.jpg,43.1103401184082,12.0,49.62843322753906,0.0,254.0,73.20556640625
pituitary,sagittal,train,brisc2025_train_04522_pi_sa_t1.jpg,46.0539436340332,47.0,34.545204162597656,0.0,255.0,96.98333740234375
pituitary,sagittal,train,brisc2025_train_04579_pi_sa_t1.jpg,57.893001556396484,63.0,47.949119567871094,0.0,255.0,98.23417663574219
pituitary,axial,train,brisc2025_train_03851_pi_ax_t1.jpg,44.60933303833008,36.0,45.04936981201172,0.0,252.0,91.68128967285156
pituitary,axial,train,brisc2025_train_03774_pi_ax_t1.jpg,48.01646041870117,55.0,42.334354400634766,0.0,252.0,90.69137573242188
pituitary,axial,train,brisc2025_train_03820_pi_ax_t1.jpg,40.09157180786133,30.0,40.286598205566406,0.0,255.0,91.22238159179688
pituitary,sagittal,train,brisc2025_train_04990_pi_sa_t1.jpg,52.53940200805664,56.0,43.95298767089844,0.0,255.0,97.62306213378906
pituitary,coronal,train,brisc2025_train_04334_pi_co_t1.jpg,47.891639709472656,45.0,41.734676361083984,0.0,253.0,91.96624755859375
pituitary,axial,train,brisc2025_train_03854_pi_ax_t1.jpg,40.20246124267578,12.0,45.97687530517578,0.0,255.0,72.1710205078125
pituitary,sagittal,train,brisc2025_train_04562_pi_sa_t1.jpg,52.118160247802734,53.0,38.892005920410156,0.0,255.0,98.87351989746094
pituitary,axial,train,brisc2025_train_03840_pi_ax_t1.jpg,50.227943420410156,59.0,37.67948913574219,0.0,255.0,91.62712097167969
pituitary,coronal,train,brisc2025_train_04078_pi_co_t1.jpg,45.7159423828125,44.0,36.21981430053711,0.0,253.0,98.78311157226562
pituitary,sagittal,test,brisc2025_test_00962_pi_sa_t1.jpg,49.088226318359375,53.0,33.4657096862793,0.0,255.0,97.40562438964844
pituitary,axial,train,brisc2025_train_03956_pi_ax_t1.jpg,51.123268127441406,57.0,45.94462203979492,0.0,254.0,91.1407470703125
pituitary,axial,train,brisc2025_train_03659_pi_ax_t1.jpg,32.797359466552734,5.0,42.822975158691406,0.0,255.0,71.84638977050781
pituitary,axial,train,brisc2025_train_03758_pi_ax_t1.jpg,38.52177047729492,27.0,39.25141143798828,0.0,255.0,91.00761413574219
pituitary,sagittal,train,brisc2025_train_04680_pi_sa_t1.jpg,55.31753158569336,60.0,42.03278350830078,0.0,255.0,97.85194396972656
pituitary,sagittal,test,brisc2025_test_00952_pi_sa_t1.jpg,61.318660736083984,67.0,38.38410186767578,0.0,255.0,97.70431518554688
pituitary,sagittal,train,brisc2025_train_04583_pi_sa_t1.jpg,51.71517562866211,56.0,43.6483268737793,0.0,255.0,97.998046875
pituitary,sagittal,test,brisc2025_test_00940_pi_sa_t1.jpg,49.775787353515625,54.0,37.226200103759766,0.0,255.0,98.626708984375
pituitary,sagittal,test,brisc2025_test_00921_pi_sa_t1.jpg,50.596031188964844,52.0,34.58566665649414,0.0,255.0,98.49395751953125
pituitary,sagittal,train,brisc2025_train_04685_pi_sa_t1.jpg,45.39529037475586,45.0,34.68826675415039,0.0,255.0,98.74076843261719
pituitary,axial,train,brisc2025_train_03861_pi_ax_t1.jpg,31.14517593383789,5.0,37.78776931762695,0.0,255.0,72.28355407714844
pituitary,axial,train,brisc2025_train_03568_pi_ax_t1.jpg,39.74367141723633,15.0,45.68414306640625,0.0,255.0,72.83782958984375
pituitary,axial,test,brisc2025_test_00750_pi_ax_t1.jpg,43.75001907348633,49.0,37.87232971191406,0.0,255.0,91.65382385253906
pituitary,sagittal,train,brisc2025_train_04599_pi_sa_t1.jpg,53.69129180908203,57.0,34.093711853027344,0.0,254.0,98.54049682617188
pituitary,sagittal,train,brisc2025_train_04923_pi_sa_t1.jpg,48.73664093017578,52.0,34.0464973449707,0.0,255.0,98.69461059570312
pituitary,sagittal,train,brisc2025_train_04606_pi_sa_t1.jpg,59.049156188964844,63.0,37.29817199707031,0.0,255.0,97.92709350585938
pituitary,axial,train,brisc2025_train_03741_pi_ax_t1.jpg,42.825401306152344,20.0,47.169921875,0.0,255.0,72.88475036621094
pituitary,sagittal,train,brisc2025_train_04863_pi_sa_t1.jpg,47.23222732543945,45.0,37.82225799560547,0.0,253.0,98.92654418945312
pituitary,coronal,train,brisc2025_train_04338_pi_co_t1.jpg,51.176422119140625,56.0,42.87434768676758,0.0,253.0,90.99082946777344
pituitary,coronal,train,brisc2025_train_04169_pi_co_t1.jpg,34.60063552856445,16.0,37.21004104614258,0.0,246.0,78.90815734863281
pituitary,sagittal,train,brisc2025_train_04564_pi_sa_t1.jpg,41.906673431396484,42.0,30.810209274291992,0.0,255.0,98.84071350097656
pituitary,coronal,train,brisc2025_train_04193_pi_co_t1.jpg,52.35886764526367,56.0,42.22698211669922,0.0,255.0,91.97311401367188
pituitary,sagittal,test,brisc2025_test_00999_pi_sa_t1.jpg,50.94199752807617,49.0,38.00141525268555,0.0,253.0,98.4130859375
pituitary,sagittal,train,brisc2025_train_04966_pi_sa_t1.jpg,53.1491813659668,55.0,39.405635833740234,0.0,255.0,98.75373840332031
pituitary,sagittal,test,brisc2025_test_00971_pi_sa_t1.jpg,53.510711669921875,59.0,42.37602996826172,0.0,255.0,97.61810302734375
pituitary,axial,test,brisc2025_test_00779_pi_ax_t1.jpg,39.67124938964844,13.0,43.18183517456055,0.0,254.0,91.69464111328125
pituitary,axial,train,brisc2025_train_03596_pi_ax_t1.jpg,55.946449279785156,61.0,43.95219039916992,0.0,251.0,92.63229370117188
pituitary,coronal,train,brisc2025_train_04423_pi_co_t1.jpg,51.73297882080078,50.0,46.26619338989258,0.0,255.0,91.49742126464844
pituitary,axial,test,brisc2025_test_00774_pi_ax_t1.jpg,42.498573303222656,25.0,43.59272384643555,0.0,255.0,91.32041931152344
pituitary,axial,test,brisc2025_test_00770_pi_ax_t1.jpg,37.304481506347656,32.0,35.311851501464844,0.0,255.0,91.43257141113281
pituitary,sagittal,train,brisc2025_train_04643_pi_sa_t1.jpg,55.83065414428711,61.0,38.51013946533203,0.0,255.0,97.77717590332031
pituitary,axial,train,brisc2025_train_03779_pi_ax_t1.jpg,43.764190673828125,17.0,49.475257873535156,0.0,255.0,71.95510864257812
pituitary,sagittal,train,brisc2025_train_04933_pi_sa_t1.jpg,49.42522048950195,52.0,35.92804718017578,0.0,255.0,96.70829772949219
pituitary,axial,train,brisc2025_train_03627_pi_ax_t1.jpg,49.95606994628906,50.0,46.31925582885742,0.0,254.0,91.55960083007812
pituitary,axial,train,brisc2025_train_03611_pi_ax_t1.jpg,48.27355194091797,50.0,41.212154388427734,0.0,255.0,91.57371520996094
pituitary,axial,train,brisc2025_train_03658_pi_ax_t1.jpg,39.93910217285156,10.0,46.97393798828125,0.0,255.0,72.57728576660156
pituitary,sagittal,train,brisc2025_train_04803_pi_sa_t1.jpg,35.93360900878906,33.0,28.532075881958008,0.0,254.0,98.57673645019531
pituitary,sagittal,test,brisc2025_test_00955_pi_sa_t1.jpg,46.078155517578125,43.0,37.30118179321289,0.0,255.0,98.91929626464844
pituitary,axial,train,brisc2025_train_03834_pi_ax_t1.jpg,43.27153778076172,10.0,50.2547721862793,0.0,255.0,72.161865234375
pituitary,coronal,train,brisc2025_train_04364_pi_co_t1.jpg,43.4339485168457,42.0,37.43769454956055,0.0,252.0,98.61259460449219
pituitary,axial,test,brisc2025_test_00777_pi_ax_t1.jpg,40.29939651489258,10.0,45.58860397338867,0.0,253.0,91.29714965820312
pituitary,sagittal,train,brisc2025_train_04711_pi_sa_t1.jpg,62.7320556640625,68.0,39.22450256347656,0.0,255.0,97.45140075683594
pituitary,sagittal,train,brisc2025_train_04551_pi_sa_t1.jpg,62.82200622558594,69.0,39.98957061767578,0.0,255.0,97.9461669921875
pituitary,coronal,train,brisc2025_train_04453_pi_co_t1.jpg,49.66720199584961,52.0,39.115501403808594,0.0,255.0,98.49166870117188
pituitary,axial,train,brisc2025_train_03872_pi_ax_t1.jpg,38.8299446105957,31.0,38.96771240234375,0.0,255.0,91.31927490234375
pituitary,sagittal,train,brisc2025_train_04936_pi_sa_t1.jpg,47.15617370605469,49.0,41.00609588623047,0.0,253.0,97.7508544921875
pituitary,coronal,train,brisc2025_train_04223_pi_co_t1.jpg,46.980098724365234,37.0,44.213775634765625,0.0,255.0,90.74745178222656
pituitary,axial,train,brisc2025_train_03895_pi_ax_t1.jpg,45.89274215698242,52.0,38.50044250488281,0.0,255.0,91.19224548339844
pituitary,axial,test,brisc2025_test_00731_pi_ax_t1.jpg,37.46855926513672,22.0,39.792694091796875,0.0,255.0,72.59635925292969
pituitary,sagittal,train,brisc2025_train_04578_pi_sa_t1.jpg,56.576847076416016,61.0,47.20222854614258,0.0,255.0,98.16093444824219
pituitary,axial,train,brisc2025_train_03898_pi_ax_t1.jpg,41.9843864440918,45.0,36.233821868896484,0.0,255.0,91.20635986328125
pituitary,coronal,test,brisc2025_test_00904_pi_co_t1.jpg,59.1219482421875,66.0,50.44407653808594,0.0,255.0,91.57485961914062
pituitary,axial,train,brisc2025_train_03638_pi_ax_t1.jpg,45.39145278930664,28.0,46.79740524291992,0.0,255.0,92.83485412597656
pituitary,sagittal,train,brisc2025_train_04602_pi_sa_t1.jpg,60.945953369140625,66.0,37.499717712402344,0.0,255.0,97.96638488769531
pituitary,axial,test,brisc2025_test_00800_pi_ax_t1.jpg,49.4480094909668,54.0,42.0392951965332,0.0,255.0,91.42875671386719
pituitary,axial,train,brisc2025_train_03655_pi_ax_t1.jpg,38.42673873901367,19.0,43.5948486328125,0.0,255.0,71.25625610351562
pituitary,coronal,train,brisc2025_train_04332_pi_co_t1.jpg,44.18781280517578,52.0,31.121837615966797,0.0,255.0,90.97900390625
pituitary,sagittal,train,brisc2025_train_04717_pi_sa_t1.jpg,66.1582260131836,73.0,40.44020462036133,0.0,255.0,98.01559448242188
pituitary,sagittal,train,brisc2025_train_04496_pi_sa_t1.jpg,53.05023956298828,59.0,40.508567810058594,0.0,255.0,98.11553955078125
pituitary,coronal,test,brisc2025_test_00869_pi_co_t1.jpg,59.165130615234375,60.0,47.586238861083984,0.0,254.0,98.77510070800781
pituitary,coronal,train,brisc2025_train_04151_pi_co_t1.jpg,51.68951416015625,53.0,43.300376892089844,0.0,255.0,98.687744140625
pituitary,coronal,test,brisc2025_test_00874_pi_co_t1.jpg,50.84849166870117,55.0,40.33335876464844,0.0,255.0,98.42720031738281
pituitary,coronal,train,brisc2025_train_04446_pi_co_t1.jpg,55.126346588134766,60.0,47.971092224121094,0.0,254.0,91.4520263671875
pituitary,axial,train,brisc2025_train_03926_pi_ax_t1.jpg,42.098384857177734,28.0,45.27830505371094,0.0,253.0,72.92556762695312
pituitary,sagittal,train,brisc2025_train_04928_pi_sa_t1.jpg,50.476688385009766,54.0,39.3519172668457,0.0,255.0,98.748779296875
pituitary,axial,train,brisc2025_train_03788_pi_ax_t1.jpg,39.293853759765625,41.0,37.73595428466797,0.0,251.0,91.27044677734375
pituitary,sagittal,train,brisc2025_train_04692_pi_sa_t1.jpg,50.68994140625,53.0,39.98237609863281,0.0,253.0,98.88458251953125
pituitary,coronal,train,brisc2025_train_04413_pi_co_t1.jpg,55.29602813720703,60.0,44.74323654174805,0.0,255.0,98.62174987792969
pituitary,sagittal,train,brisc2025_train_04491_pi_sa_t1.jpg,49.00843048095703,38.0,50.69022750854492,0.0,254.0,97.29833182004309
pituitary,axial,test,brisc2025_test_00733_pi_ax_t1.jpg,41.311912536621094,7.0,47.87363815307617,0.0,255.0,72.418212890625
pituitary,sagittal,train,brisc2025_train_04686_pi_sa_t1.jpg,49.32217788696289,51.0,37.09688949584961,0.0,255.0,98.73237609863281
pituitary,axial,train,brisc2025_train_03560_pi_ax_t1.jpg,36.12489700317383,6.0,41.61295700073242,0.0,255.0,71.7926025390625
pituitary,axial,train,brisc2025_train_03683_pi_ax_t1.jpg,41.616188049316406,40.0,38.06491470336914,0.0,255.0,91.74346923828125
pituitary,coronal,train,brisc2025_train_04234_pi_co_t1.jpg,57.11920166015625,59.0,48.51597595214844,0.0,255.0,92.17376708984375
pituitary,coronal,train,brisc2025_train_04137_pi_co_t1.jpg,50.86973190307617,49.0,43.94989776611328,0.0,255.0,91.67823791503906
pituitary,axial,train,brisc2025_train_03575_pi_ax_t1.jpg,50.52170181274414,41.0,49.3438606262207,0.0,248.0,91.4794921875
pituitary,coronal,test,brisc2025_test_00886_pi_co_t1.jpg,52.20584487915039,54.0,40.716793060302734,0.0,255.0,89.91012573242188
pituitary,coronal,train,brisc2025_train_04280_pi_co_t1.jpg,52.97910690307617,57.0,41.96168899536133,0.0,255.0,91.92581176757812
pituitary,coronal,train,brisc2025_train_04187_pi_co_t1.jpg,49.150482177734375,54.0,44.136138916015625,0.0,254.0,91.46995544433594
pituitary,sagittal,train,brisc2025_train_04934_pi_sa_t1.jpg,42.63777160644531,43.0,31.60861587524414,0.0,255.0,96.54464721679688
pituitary,axial,test,brisc2025_test_00745_pi_ax_t1.jpg,35.620784759521484,33.0,34.451446533203125,0.0,255.0,91.42646789550781
pituitary,sagittal,train,brisc2025_train_04575_pi_sa_t1.jpg,60.0671501159668,68.0,49.207698822021484,0.0,255.0,98.22959899902344
pituitary,sagittal,train,brisc2025_train_04525_pi_sa_t1.jpg,51.46645736694336,55.0,36.320335388183594,0.0,255.0,96.942138671875
pituitary,sagittal,train,brisc2025_train_04960_pi_sa_t1.jpg,47.91972732543945,50.0,37.090576171875,0.0,253.0,97.53646850585938
pituitary,coronal,train,brisc2025_train_04109_pi_co_t1.jpg,56.09976577758789,57.0,45.419029235839844,0.0,255.0,98.61946105957031
pituitary,coronal,train,brisc2025_train_04352_pi_co_t1.jpg,56.65680694580078,59.0,48.46982192993164,0.0,255.0,91.94679260253906
pituitary,axial,test,brisc2025_test_00760_pi_ax_t1.jpg,40.796138763427734,20.0,45.40131378173828,0.0,255.0,71.75865173339844
pituitary,sagittal,train,brisc2025_train_04822_pi_sa_t1.jpg,48.329227447509766,49.0,42.08636474609375,0.0,254.0,97.78976440429688
pituitary,sagittal,test,brisc2025_test_00976_pi_sa_t1.jpg,50.603572845458984,52.0,40.962799072265625,0.0,255.0,98.74763488769531
no_tumor,sagittal,test,brisc2025_test_00662_no_sa_t1.jpg,30.57033920288086,2.0,43.92576217651367,0.0,247.0,56.74312027673122
no_tumor,axial,train,brisc2025_train_02597_no_ax_t1.jpg,49.62656021118164,14.0,56.35489273071289,0.0,254.0,99.84054565429688
no_tumor,sagittal,train,brisc2025_train_03420_no_sa_t1.jpg,40.16807174682617,2.0,51.78325653076172,0.0,247.0,55.97417762795514
no_tumor,sagittal,test,brisc2025_test_00670_no_sa_t1.jpg,36.45116424560547,31.0,35.51741409301758,0.0,249.0,71.16428345855275
no_tumor,coronal,train,brisc2025_train_02986_no_co_t1.jpg,61.9806022644043,74.0,49.90839385986328,0.0,254.0,89.9365151058918
no_tumor,coronal,train,brisc2025_train_03073_no_co_t1.jpg,50.69869613647461,61.0,44.953346252441406,0.0,234.0,75.2270902338653
no_tumor,axial,train,brisc2025_train_02669_no_ax_t1.jpg,60.478736877441406,57.0,50.146751403808594,0.0,255.0,99.33967590332031
no_tumor,axial,test,brisc2025_test_00610_no_ax_t1.jpg,56.61941146850586,56.0,51.26459503173828,0.0,251.0,98.93913269042969
no_tumor,axial,train,brisc2025_train_02798_no_ax_t1.jpg,65.77326965332031,8.0,76.32303619384766,0.0,255.0,71.22917175292969
no_tumor,sagittal,train,brisc2025_train_03258_no_sa_t1.jpg,55.048744201660156,51.0,51.118614196777344,0.0,249.0,74.2554769721139
no_tumor,axial,train,brisc2025_train_02790_no_ax_t1.jpg,40.71186828613281,0.0,59.62260818481445,0.0,255.0,39.684295654296875
no_tumor,coronal,train,brisc2025_train_02895_no_co_t1.jpg,31.59930419921875,2.0,46.93263244628906,0.0,243.0,62.87513801063936
no_tumor,axial,train,brisc2025_train_02492_no_ax_t1.jpg,33.373809814453125,5.0,42.946353912353516,0.0,241.0,66.76703804075078
no_tumor,axial,train,brisc2025_train_02760_no_ax_t1.jpg,41.22956466674805,12.0,41.36833572387695,0.0,255.0,99.99885559082031
no_tumor,sagittal,train,brisc2025_train_03377_no_sa_t1.jpg,36.88637161254883,14.0,42.06285858154297,0.0,246.0,62.01555511490074
no_tumor,coronal,test,brisc2025_test_00639_no_co_t1.jpg,51.11513900756836,44.0,50.05315399169922,0.0,230.0,75.37639265281541
no_tumor,sagittal,train,brisc2025_train_03478_no_sa_t1.jpg,48.713340759277344,45.0,49.82097244262695,0.0,255.0,95.25741825378664
no_tumor,axial,train,brisc2025_train_02545_no_ax_t1.jpg,75.46724700927734,85.0,79.10262298583984,0.0,255.0,62.68463134765625
no_tumor,axial,train,brisc2025_train_02629_no_ax_t1.jpg,61.950904846191406,20.0,66.79393005371094,0.0,249.0,98.11477661132812
no_tumor,sagittal,train,brisc2025_train_03307_no_sa_t1.jpg,54.59495162963867,57.0,45.66019821166992,0.0,243.0,80.27702499247215
no_tumor,sagittal,test,brisc2025_test_00689_no_sa_t1.jpg,56.362571716308594,60.0,49.4176025390625,0.0,244.0,77.97313474489759
no_tumor,sagittal,train,brisc2025_train_03276_no_sa_t1.jpg,64.65899658203125,69.0,56.51826095581055,0.0,248.0,78.3924912419856
no_tumor,sagittal,train,brisc2025_train_03525_no_sa_t1.jpg,44.52745819091797,29.0,56.59710693359375,0.0,255.0,60.596466064453125
no_tumor,sagittal,train,brisc2025_train_03308_no_sa_t1.jpg,51.85824966430664,50.0,46.13315200805664,0.0,255.0,74.526479682141
no_tumor,coronal,train,brisc2025_train_03072_no_co_t1.jpg,63.0125732421875,33.0,68.04586791992188,0.0,251.0,71.37157482685939
no_tumor,sagittal,train,brisc2025_train_03399_no_sa_t1.jpg,53.48278045654297,42.0,55.46290588378906,0.0,246.0,66.05415647652411
no_tumor,axial,train,brisc2025_train_02511_no_ax_t1.jpg,56.51505661010742,17.0,61.73054122924805,0.0,253.0,62.72583559168925
no_tumor,sagittal,train,brisc2025_train_03274_no_sa_t1.jpg,57.4636116027832,56.0,53.862606048583984,0.0,242.0,72.49212329521669
no_tumor,coronal,train,brisc2025_train_02919_no_co_t1.jpg,41.968055725097656,4.0,54.59926986694336,0.0,248.0,58.41864900130482
no_tumor,sagittal,train,brisc2025_train_03347_no_sa_t1.jpg,66.37625122070312,77.0,54.99105453491211,0.0,249.0,77.65659770418843
no_tumor,coronal,train,brisc2025_train_03008_no_co_t1.jpg,59.097774505615234,66.0,46.7674446105957,0.0,245.0,92.49849442938873
no_tumor,coronal,train,brisc2025_train_03037_no_co_t1.jpg,55.321815490722656,59.0,44.66205596923828,0.0,243.0,85.75981130181673
no_tumor,sagittal,train,brisc2025_train_03412_no_sa_t1.jpg,41.4306526184082,12.0,45.904197692871094,0.0,233.0,57.437886031976845
no_tumor,sagittal,train,brisc2025_train_03536_no_sa_t1.jpg,43.45338821411133,26.0,50.05788803100586,0.0,255.0,84.65766906738281
no_tumor,coronal,train,brisc2025_train_03015_no_co_t1.jpg,64.34879302978516,73.0,47.67679977416992,0.0,231.0,89.87127371273714
no_tumor,sagittal,train,brisc2025_train_03535_no_sa_t1.jpg,57.67845153808594,42.0,55.65473556518555,0.0,255.0,96.95167541503906
no_tumor,axial,train,brisc2025_train_02708_no_ax_t1.jpg,61.77825164794922,39.0,48.448307037353516,0.0,255.0,99.99008178710938
no_tumor,axial,test,brisc2025_test_00605_no_ax_t1.jpg,72.12832641601562,77.0,77.46147155761719,0.0,255.0,61.50398254394531
no_tumor,axial,train,brisc2025_train_02779_no_ax_t1.jpg,57.0095329284668,19.0,60.52781677246094,1.0,255.0,100.0
no_tumor,coronal,train,brisc2025_train_02915_no_co_t1.jpg,42.444190979003906,14.0,49.57768249511719,0.0,248.0,68.46709061150017
no_tumor,axial,train,brisc2025_train_02607_no_ax_t1.jpg,47.415855407714844,14.0,48.44844055175781,1.0,249.0,100.0
no_tumor,axial,train,brisc2025_train_02815_no_ax_t1.jpg,46.486610412597656,8.0,52.385963439941406,0.0,255.0,99.36904907226562
no_tumor,sagittal,train,brisc2025_train_03336_no_sa_t1.jpg,53.1896858215332,53.0,44.87419509887695,0.0,249.0,77.95991510050601
no_tumor,axial,train,brisc2025_train_02495_no_ax_t1.jpg,40.32189178466797,11.0,47.250614166259766,0.0,255.0,66.28525544514704
no_tumor,sagittal,train,brisc2025_train_03440_no_sa_t1.jpg,35.201210021972656,1.0,50.5387077331543,0.0,249.0,51.82688141244556
no_tumor,coronal,test,brisc2025_test_00637_no_co_t1.jpg,65.07966613769531,74.0,51.42683029174805,0.0,243.0,84.78244504667269
no_tumor,axial,train,brisc2025_train_02731_no_ax_t1.jpg,51.07353591918945,0.0,68.10921478271484,0.0,255.0,48.92311096191406
no_tumor,coronal,test,brisc2025_test_00631_no_co_t1.jpg,55.0073127746582,62.0,48.909053802490234,0.0,243.0,78.7476161798655
no_tumor,axial,train,brisc2025_train_02801_no_ax_t1.jpg,62.73835372924805,28.0,58.917991638183594,0.0,253.0,99.95193481445312
no_tumor,axial,train,brisc2025_train_02681_no_ax_t1.jpg,34.2092399597168,1.0,51.72890853881836,0.0,255.0,98.13804626464844
no_tumor,axial,train,brisc2025_train_02505_no_ax_t1.jpg,61.814903259277344,31.0,64.27416229248047,0.0,244.0,67.82846532169026
no_tumor,coronal,train,brisc2025_train_02909_no_co_t1.jpg,28.72254753112793,3.0,39.74707794189453,0.0,244.0,61.1914082103784
no_tumor,axial,train,brisc2025_train_02623_no_ax_t1.jpg,43.407840728759766,37.0,38.41844177246094,0.0,255.0,80.1849365234375
no_tumor,sagittal,train,brisc2025_train_03226_no_sa_t1.jpg,51.17424774169922,44.0,51.82815170288086,0.0,255.0,66.99201680363687
no_tumor,coronal,train,brisc2025_train_02866_no_co_t1.jpg,41.66307067871094,30.0,37.47552490234375,0.0,245.0,95.13664245605469
no_tumor,axial,train,brisc2025_train_02772_no_ax_t1.jpg,56.9246826171875,0.0,75.043701171875,0.0,251.0,48.51837158203125
no_tumor,axial,test,brisc2025_test_00584_no_ax_t1.jpg,27.56131362915039,1.0,50.211456298828125,0.0,249.0,55.48404095152063
no_tumor,coronal,train,brisc2025_train_02860_no_co_t1.jpg,60.116943359375,58.0,44.81120300292969,0.0,249.0,98.0316162109375
no_tumor,coronal,train,brisc2025_train_02859_no_co_t1.jpg,82.59256744384766,72.0,65.41851806640625,0.0,255.0,99.99961853027344
no_tumor,sagittal,test,brisc2025_test_00684_no_sa_t1.jpg,60.197509765625,56.0,53.66787338256836,0.0,252.0,78.73913969491998
no_tumor,axial,test,brisc2025_test_00604_no_ax_t1.jpg,31.41860580444336,1.0,55.430355072021484,0.0,255.0,98.88877868652344
no_tumor,coronal,test,brisc2025_test_00619_no_co_t1.jpg,35.70272445678711,4.0,46.37117004394531,0.0,255.0,61.098564689350596
no_tumor,axial,train,brisc2025_train_02568_no_ax_t1.jpg,74.94145202636719,56.0,84.64202880859375,0.0,255.0,59.4024658203125
no_tumor,coronal,train,brisc2025_train_03064_no_co_t1.jpg,60.02729034423828,68.0,52.87300109863281,0.0,255.0,82.47032737707056
no_tumor,coronal,train,brisc2025_train_02954_no_co_t1.jpg,58.13649368286133,60.0,50.755943298339844,0.0,242.0,82.0485797450567
no_tumor,coronal,train,brisc2025_train_02888_no_co_t1.jpg,35.6927375793457,1.0,55.88515853881836,0.0,251.0,53.26206965773361
no_tumor,coronal,train,brisc2025_train_02834_no_co_t1.jpg,47.25258255004883,42.0,46.906192779541016,0.0,255.0,97.47581481933594
no_tumor,sagittal,train,brisc2025_train_03340_no_sa_t1.jpg,55.84624099731445,56.0,51.980369567871094,0.0,255.0,71.99418335646772
no_tumor,axial,train,brisc2025_train_02570_no_ax_t1.jpg,80.11270141601562,87.0,77.3181381225586,0.0,255.0,75.88424682617188
no_tumor,coronal,train,brisc2025_train_03074_no_co_t1.jpg,48.815887451171875,47.0,45.39813995361328,0.0,250.0,82.38998580461995
no_tumor,axial,train,brisc2025_train_02555_no_ax_t1.jpg,61.6120719909668,18.0,68.05879974365234,0.0,251.0,97.96371459960938
no_tumor,axial,train,brisc2025_train_02670_no_ax_t1.jpg,87.74668884277344,97.0,78.69408416748047,0.0,255.0,72.35794067382812
no_tumor,sagittal,test,brisc2025_test_00674_no_sa_t1.jpg,46.92201232910156,43.0,42.822105407714844,0.0,249.0,74.51766658587995
no_tumor,sagittal,train,brisc2025_train_03490_no_sa_t1.jpg,35.17866897583008,31.0,36.74611282348633,0.0,253.0,80.33012921525369
no_tumor,sagittal,train,brisc2025_train_03151_no_sa_t1.jpg,43.9224967956543,9.0,50.957977294921875,0.0,250.0,63.18255594480065
no_tumor,axial,test,brisc2025_test_00612_no_ax_t1.jpg,43.200462341308594,0.0,60.5546875,0.0,255.0,42.067718505859375
no_tumor,axial,train,brisc2025_train_02816_no_ax_t1.jpg,34.69686508178711,28.0,38.12981414794922,0.0,246.0,66.40167236328125
no_tumor,axial,train,brisc2025_train_02689_no_ax_t1.jpg,42.570796966552734,2.0,55.254024505615234,0.0,255.0,75.39291381835938
no_tumor,axial,train,brisc2025_train_02747_no_ax_t1.jpg,46.00293731689453,13.0,49.77661895751953,0.0,253.0,89.90325927734375
no_tumor,axial,train,brisc2025_train_02584_no_ax_t1.jpg,43.35133743286133,6.0,52.56710433959961,0.0,255.0,56.607818603515625
no_tumor,coronal,train,brisc2025_train_03093_no_co_t1.jpg,46.77912139892578,16.0,52.016029357910156,0.0,244.0,60.718408110007026
no_tumor,axial,train,brisc2025_train_02761_no_ax_t1.jpg,61.04212951660156,70.0,43.2526741027832,0.0,255.0,99.99198913574219
no_tumor,axial,train,brisc2025_train_02757_no_ax_t1.jpg,63.95161437988281,74.0,49.48870086669922,0.0,252.0,91.74690246582031
no_tumor,axial,train,brisc2025_train_02717_no_ax_t1.jpg,87.20472717285156,96.0,78.87974548339844,0.0,255.0,72.47962951660156
no_tumor,coronal,test,brisc2025_test_00615_no_co_t1.jpg,31.33678436279297,1.0,46.8071403503418,0.0,255.0,54.74505670982636
no_tumor,coronal,train,brisc2025_train_03043_no_co_t1.jpg,50.904258728027344,54.0,45.983551025390625,0.0,254.0,78.40133493927532
no_tumor,coronal,train,brisc2025_train_03060_no_co_t1.jpg,55.972774505615234,66.0,46.186832427978516,0.0,245.0,85.22031516611463
no_tumor,sagittal,train,brisc2025_train_03212_no_sa_t1.jpg,39.81671142578125,28.0,41.687435150146484,0.0,245.0,65.82428154904856
no_tumor,coronal,test,brisc2025_test_00617_no_co_t1.jpg,42.015445709228516,8.0,50.88849639892578,0.0,247.0,66.56629529258255
no_tumor,coronal,test,brisc2025_test_00647_no_co_t1.jpg,58.05062484741211,62.0,52.26646041870117,0.0,255.0,81.12014453477869
no_tumor,coronal,train,brisc2025_train_02989_no_co_t1.jpg,48.20203399658203,27.0,50.83465576171875,0.0,247.0,73.26608451269698
no_tumor,sagittal,train,brisc2025_train_03169_no_sa_t1.jpg,31.900007247924805,1.0,43.97500228881836,0.0,254.0,53.78485763177415
no_tumor,axial,train,brisc2025_train_02695_no_ax_t1.jpg,38.29380416870117,4.0,46.715553283691406,0.0,255.0,69.16770935058594
no_tumor,sagittal,train,brisc2025_train_03506_no_sa_t1.jpg,60.239803314208984,47.0,62.86216354370117,0.0,255.0,73.83537292480469
no_tumor,axial,train,brisc2025_train_02521_no_ax_t1.jpg,52.864234924316406,17.0,58.79447937011719,0.0,255.0,65.59771153267087
no_tumor,sagittal,train,brisc2025_train_03181_no_sa_t1.jpg,36.14793395996094,1.0,49.20140838623047,0.0,246.0,53.50063527735548
no_tumor,axial,train,brisc2025_train_02611_no_ax_t1.jpg,85.3521957397461,82.0,73.76728820800781,0.0,250.0,72.22480773925781
no_tumor,axial,train,brisc2025_train_02626_no_ax_t1.jpg,48.208309173583984,0.0,62.10287857055664,0.0,255.0,46.75865173339844
no_tumor,axial,train,brisc2025_train_02577_no_ax_t1.jpg,45.70216751098633,31.0,49.21860122680664,0.0,255.0,99.66354370117188
no_tumor,coronal,train,brisc2025_train_02885_no_co_t1.jpg,17.269535064697266,0.0,37.8048210144043,0.0,252.0,41.55374887082204
no_tumor,axial,train,brisc2025_train_02535_no_ax_t1.jpg,21.118940353393555,0.0,39.54779815673828,0.0,247.0,38.47485697079193
no_tumor,coronal,train,brisc2025_train_02931_no_co_t1.jpg,48.67584991455078,38.0,48.15678405761719,0.0,249.0,76.87192612666868
no_tumor,sagittal,train,brisc2025_train_03343_no_sa_t1.jpg,50.93051528930664,52.0,47.44387435913086,0.0,248.0,68.63125270819104
no_tumor,coronal,train,brisc2025_train_02856_no_co_t1.jpg,82.93946838378906,59.0,74.04764556884766,1.0,255.0,100.0
no_tumor,sagittal,train,brisc2025_train_03198_no_sa_t1.jpg,43.02549743652344,3.0,55.91884231567383,0.0,254.0,58.002658617372084
no_tumor,axial,train,brisc2025_train_02704_no_ax_t1.jpg,41.834617614746094,42.0,46.929080963134766,0.0,254.0,64.77012634277344
no_tumor,sagittal,train,brisc2025_train_03178_no_sa_t1.jpg,38.76219940185547,5.0,46.73335647583008,0.0,251.0,60.17068029758889
no_tumor,coronal,train,brisc2025_train_03075_no_co_t1.jpg,51.58472442626953,56.0,49.189300537109375,0.0,250.0,76.4353106494028
no_tumor,sagittal,train,brisc2025_train_03398_no_sa_t1.jpg,49.849090576171875,50.0,48.187461853027344,0.0,251.0,69.76006345429307
no_tumor,sagittal,train,brisc2025_train_03298_no_sa_t1.jpg,47.8964958190918,40.0,46.449886322021484,0.0,255.0,72.99226650803094
no_tumor,sagittal,train,brisc2025_train_03494_no_sa_t1.jpg,60.799564361572266,60.0,56.01390075683594,0.0,255.0,93.38905202921467
no_tumor,sagittal,train,brisc2025_train_03433_no_sa_t1.jpg,40.65803146362305,4.0,49.67662048339844,0.0,255.0,59.54641931243161
no_tumor,axial,train,brisc2025_train_02635_no_ax_t1.jpg,51.266048431396484,15.0,58.3906135559082,0.0,255.0,99.99923706054688
no_tumor,coronal,train,brisc2025_train_03080_no_co_t1.jpg,56.15152359008789,65.0,48.777427673339844,0.0,251.0,80.44012847535883
no_tumor,sagittal,test,brisc2025_test_00668_no_sa_t1.jpg,43.9572639465332,6.0,52.68033218383789,0.0,255.0,56.57567144777139
no_tumor,axial,train,brisc2025_train_02536_no_ax_t1.jpg,22.677030563354492,0.0,42.420249938964844,0.0,252.0,40.09083609354612
no_tumor,sagittal,train,brisc2025_train_03529_no_sa_t1.jpg,64.96234130859375,59.0,59.00677490234375,0.0,255.0,92.72270202636719
no_tumor,coronal,train,brisc2025_train_03083_no_co_t1.jpg,50.384071350097656,33.0,53.25873565673828,0.0,246.0,75.57462611663153
no_tumor,coronal,train,brisc2025_train_02957_no_co_t1.jpg,50.45527267456055,47.0,49.38819122314453,0.0,248.0,78.66355515407007
no_tumor,axial,train,brisc2025_train_02612_no_ax_t1.jpg,47.169212341308594,8.0,55.39817428588867,0.0,255.0,99.98588562011719
no_tumor,sagittal,train,brisc2025_train_03416_no_sa_t1.jpg,40.401458740234375,34.0,40.02571105957031,0.0,242.0,66.41035245040797
no_tumor,coronal,train,brisc2025_train_02882_no_co_t1.jpg,22.522119522094727,2.0,40.03522872924805,0.0,255.0,64.681894437992
no_tumor,coronal,test,brisc2025_test_00642_no_co_t1.jpg,53.20648956298828,60.0,46.316253662109375,0.0,248.0,77.37880156579344
no_tumor,axial,train,brisc2025_train_02765_no_ax_t1.jpg,49.09392547607422,14.0,48.95563507080078,0.0,253.0,99.99885559082031
no_tumor,sagittal,train,brisc2025_train_03316_no_sa_t1.jpg,52.67749786376953,54.0,42.745033264160156,0.0,237.0,83.28375966686497
no_tumor,coronal,train,brisc2025_train_03067_no_co_t1.jpg,53.47530746459961,54.0,51.062171936035156,0.0,245.0,80.61452373782997
no_tumor,sagittal,train,brisc2025_train_03350_no_sa_t1.jpg,58.198551177978516,61.0,50.67033386230469,0.0,255.0,73.48359662458414
no_tumor,coronal,train,brisc2025_train_02879_no_co_t1.jpg,17.92042350769043,0.0,38.326480865478516,0.0,255.0,42.84886164369665
no_tumor,sagittal,train,brisc2025_train_03296_no_sa_t1.jpg,62.047481536865234,67.0,49.490089416503906,0.0,248.0,81.75174976682015
no_tumor,axial,train,brisc2025_train_02748_no_ax_t1.jpg,86.86908721923828,97.0,56.6939697265625,2.0,255.0,100.0
no_tumor,axial,train,brisc2025_train_02602_no_ax_t1.jpg,46.0008430480957,8.0,54.653995513916016,0.0,255.0,99.99198913574219
no_tumor,axial,train,brisc2025_train_02484_no_ax_t1.jpg,37.36830139160156,8.0,48.34357833862305,0.0,243.0,67.92130884271805
no_tumor,coronal,train,brisc2025_train_03111_no_co_t1.jpg,29.5101375579834,0.0,50.75632858276367,0.0,251.0,40.7495232359731
no_tumor,axial,train,brisc2025_train_02547_no_ax_t1.jpg,51.131141662597656,18.0,48.5323486328125,0.0,248.0,95.78971862792969
no_tumor,coronal,train,brisc2025_train_03049_no_co_t1.jpg,57.832115173339844,67.0,45.05470275878906,0.0,241.0,86.23030211783599
no_tumor,sagittal,train,brisc2025_train_03243_no_sa_t1.jpg,53.027957916259766,62.0,44.22013854980469,0.0,249.0,77.20492652080992
no_tumor,coronal,train,brisc2025_train_02863_no_co_t1.jpg,41.82563781738281,6.0,52.09169006347656,0.0,255.0,99.95002746582031
no_tumor,sagittal,train,brisc2025_train_03498_no_sa_t1.jpg,82.53694915771484,72.0,77.69596099853516,0.0,255.0,98.04294742889974
no_tumor,sagittal,train,brisc2025_train_03263_no_sa_t1.jpg,46.31669998168945,49.0,37.651161193847656,0.0,245.0,78.68699554204214
no_tumor,axial,train,brisc2025_train_02762_no_ax_t1.jpg,54.50457763671875,17.0,59.23384475708008,0.0,255.0,99.99961853027344
no_tumor,coronal,train,brisc2025_train_03048_no_co_t1.jpg,49.78667449951172,36.0,51.71189880371094,0.0,249.0,73.50321188397069
no_tumor,sagittal,train,brisc2025_train_03338_no_sa_t1.jpg,61.98680877685547,65.0,52.386695861816406,0.0,251.0,79.93257981360301
no_tumor,sagittal,train,brisc2025_train_03146_no_sa_t1.jpg,31.102231979370117,1.0,47.545257568359375,0.0,255.0,54.83728821028048
no_tumor,sagittal,train,brisc2025_train_03530_no_sa_t1.jpg,39.53655242919922,24.0,46.724884033203125,0.0,255.0,70.97969055175781
no_tumor,axial,train,brisc2025_train_02699_no_ax_t1.jpg,59.194278717041016,67.0,50.45930862426758,0.0,253.0,86.73896789550781
no_tumor,sagittal,train,brisc2025_train_03275_no_sa_t1.jpg,66.56068420410156,77.0,52.75984573364258,0.0,255.0,81.29714088468798
no_tumor,axial,train,brisc2025_train_02660_no_ax_t1.jpg,72.38539123535156,81.0,75.42070770263672,0.0,255.0,68.39447021484375
no_tumor,coronal,train,brisc2025_train_02981_no_co_t1.jpg,35.62788391113281,18.0,38.46992874145508,0.0,252.0,74.44042958948108
no_tumor,sagittal,train,brisc2025_train_03325_no_sa_t1.jpg,48.14044952392578,34.0,49.051631927490234,0.0,244.0,69.6704636423058
no_tumor,sagittal,test,brisc2025_test_00696_no_sa_t1.jpg,54.416324615478516,46.0,55.16154098510742,0.0,248.0,68.86186206035502
no_tumor,coronal,train,brisc2025_train_02966_no_co_t1.jpg,52.31142807006836,50.0,49.724884033203125,0.0,248.0,80.07628224430393
no_tumor,sagittal,train,brisc2025_train_03182_no_sa_t1.jpg,41.85409164428711,3.0,53.44965744018555,0.0,255.0,58.32727432965387
no_tumor,axial,train,brisc2025_train_02822_no_ax_t1.jpg,42.539947509765625,3.0,51.3968505859375,0.0,247.0,53.98101806640625
no_tumor,axial,train,brisc2025_train_02477_no_ax_t1.jpg,30.332780838012695,3.0,40.65616226196289,0.0,253.0,67.83975710127471
no_tumor,coronal,train,brisc2025_train_02942_no_co_t1.jpg,57.46660232543945,60.0,53.349998474121094,0.0,242.0,82.70224831877948
no_tumor,axial,train,brisc2025_train_02679_no_ax_t1.jpg,52.820430755615234,14.0,53.42756652832031,0.0,244.0,99.99465942382812
no_tumor,coronal,train,brisc2025_train_02925_no_co_t1.jpg,45.15351867675781,36.0,45.620994567871094,0.0,244.0,77.01172556280018
no_tumor,coronal,train,brisc2025_train_02971_no_co_t1.jpg,45.713565826416016,39.0,44.066768646240234,0.0,232.0,77.08396065442136
no_tumor,sagittal,train,brisc2025_train_03327_no_sa_t1.jpg,54.987308502197266,51.0,50.68292999267578,0.0,255.0,74.91572476700377
no_tumor,axial,train,brisc2025_train_02546_no_ax_t1.jpg,53.742652893066406,8.0,57.39331817626953,0.0,241.0,99.774169921875
no_tumor,axial,train,brisc2025_train_02767_no_ax_t1.jpg,74.70024108886719,95.0,56.48408508300781,0.0,255.0,99.89356994628906
no_tumor,axial,train,brisc2025_train_02804_no_ax_t1.jpg,86.39936828613281,84.0,73.90953063964844,0.0,255.0,73.19793701171875
no_tumor,axial,train,brisc2025_train_02668_no_ax_t1.jpg,84.3440933227539,66.0,76.40576171875,0.0,255.0,78.30848693847656
no_tumor,axial,train,brisc2025_train_02507_no_ax_t1.jpg,54.72867202758789,40.0,55.91254425048828,0.0,253.0,66.69301415236374
no_tumor,sagittal,train,brisc2025_train_03321_no_sa_t1.jpg,63.34196853637695,65.0,50.490421295166016,0.0,255.0,81.82739550972745
no_tumor,coronal,train,brisc2025_train_02927_no_co_t1.jpg,32.54510498046875,4.0,43.26223373413086,0.0,251.0,70.87097259861488
no_tumor,coronal,train,brisc2025_train_02875_no_co_t1.jpg,56.52611541748047,56.0,54.28926086425781,0.0,255.0,93.03550720214844
no_tumor,sagittal,train,brisc2025_train_03369_no_sa_t1.jpg,44.568687438964844,19.0,49.61128616333008,0.0,248.0,63.02759233554395
no_tumor,axial,train,brisc2025_train_02500_no_ax_t1.jpg,56.74116897583008,29.0,59.0588264465332,0.0,252.0,70.60624309946803
no_tumor,axial,train,brisc2025_train_02742_no_ax_t1.jpg,44.535831451416016,10.0,50.834747314453125,0.0,255.0,99.969482421875
no_tumor,sagittal,train,brisc2025_train_03279_no_sa_t1.jpg,43.508235931396484,38.0,42.26164245605469,0.0,255.0,70.25726896835364
no_tumor,axial,train,brisc2025_train_02493_no_ax_t1.jpg,54.17859649658203,25.0,58.9527702331543,0.0,242.0,67.66787112315568
no_tumor,axial,train,brisc2025_train_02651_no_ax_t1.jpg,43.47880172729492,0.0,65.47093963623047,0.0,255.0,40.24810791015625
no_tumor,axial,train,brisc2025_train_02770_no_ax_t1.jpg,25.399730682373047,0.0,38.87727737426758,0.0,254.0,40.422821044921875
no_tumor,sagittal,train,brisc2025_train_03455_no_sa_t1.jpg,28.33069610595703,0.0,49.55150604248047,0.0,244.0,45.281688589243615
no_tumor,sagittal,train,brisc2025_train_03283_no_sa_t1.jpg,51.806884765625,41.0,51.56552505493164,0.0,249.0,71.89944257166148
no_tumor,sagittal,train,brisc2025_train_03301_no_sa_t1.jpg,46.659873962402344,38.0,47.30309295654297,0.0,248.0,67.40843560197119
no_tumor,sagittal,train,brisc2025_train_03264_no_sa_t1.jpg,53.06631088256836,41.0,52.82282257080078,0.0,254.0,70.86170048692357
no_tumor,sagittal,train,brisc2025_train_03230_no_sa_t1.jpg,45.57636260986328,36.0,46.328487396240234,0.0,255.0,64.1167441484713
no_tumor,axial,train,brisc2025_train_02533_no_ax_t1.jpg,29.071853637695312,0.0,47.01936721801758,0.0,255.0,46.22603633443742
no_tumor,axial,train,brisc2025_train_02529_no_ax_t1.jpg,31.990577697753906,1.0,45.75605773925781,0.0,243.0,51.05139014353106
no_tumor,coronal,train,brisc2025_train_03031_no_co_t1.jpg,58.3800048828125,67.0,49.658424377441406,0.0,250.0,81.11763525042657
no_tumor,coronal,train,brisc2025_train_03038_no_co_t1.jpg,56.58892059326172,64.0,43.842525482177734,0.0,255.0,85.71064423515521
no_tumor,axial,train,brisc2025_train_02766_no_ax_t1.jpg,39.708412170410156,0.0,52.20185852050781,0.0,250.0,46.50459289550781
no_tumor,axial,train,brisc2025_train_02664_no_ax_t1.jpg,100.26419067382812,101.0,91.4498062133789,0.0,255.0,74.33624267578125
no_tumor,sagittal,train,brisc2025_train_03305_no_sa_t1.jpg,57.60638427734375,54.0,55.68354415893555,0.0,251.0,70.44454726390083
no_tumor,axial,train,brisc2025_train_02580_no_ax_t1.jpg,34.06175994873047,12.0,39.058170318603516,0.0,251.0,73.09684753417969
no_tumor,sagittal,train,brisc2025_train_03444_no_sa_t1.jpg,36.89320755004883,1.0,50.501747131347656,0.0,255.0,54.01620140862655
no_tumor,sagittal,train,brisc2025_train_03317_no_sa_t1.jpg,60.11149215698242,70.0,49.37390899658203,0.0,237.0,78.76778225776839
no_tumor,coronal,test,brisc2025_test_00657_no_co_t1.jpg,45.25185775756836,5.0,53.89772033691406,0.0,249.0,63.17499749071565
no_tumor,sagittal,train,brisc2025_train_03418_no_sa_t1.jpg,37.59025573730469,35.0,36.33504104614258,0.0,250.0,66.78931558963286
no_tumor,sagittal,train,brisc2025_train_03254_no_sa_t1.jpg,46.65791320800781,41.0,46.52771759033203,0.0,255.0,68.39770565727338
no_tumor,axial,train,brisc2025_train_02515_no_ax_t1.jpg,52.83919143676758,19.0,59.36760330200195,0.0,243.0,62.95292582555455
no_tumor,axial,test,brisc2025_test_00592_no_ax_t1.jpg,56.092796325683594,59.0,43.41496276855469,0.0,255.0,99.99313354492188
no_tumor,sagittal,train,brisc2025_train_03206_no_sa_t1.jpg,53.84658432006836,52.0,52.588401794433594,0.0,244.0,67.26081623959871
no_tumor,sagittal,train,brisc2025_train_03201_no_sa_t1.jpg,36.339481353759766,36.0,34.01790237426758,0.0,251.0,68.36245327222919
no_tumor,axial,train,brisc2025_train_02784_no_ax_t1.jpg,46.46092987060547,35.0,46.21595764160156,0.0,254.0,99.87754821777344
no_tumor,sagittal,train,brisc2025_train_03236_no_sa_t1.jpg,36.241756439208984,31.0,34.887786865234375,0.0,251.0,69.5588310896659
no_tumor,coronal,train,brisc2025_train_02910_no_co_t1.jpg,51.70166015625,44.0,50.76005935668945,0.0,252.0,81.70104386229048
no_tumor,axial,train,brisc2025_train_02656_no_ax_t1.jpg,56.5460090637207,23.0,48.23777389526367,0.0,252.0,99.98855590820312
